Price,Close,High,Low,Open,Volume
Ticker,NVDA,NVDA,NVDA,NVDA,NVDA
Date,,,,,
1999-01-22,0.0376117080450058,0.04477531601883194,0.03558146850161037,0.040118786537553526,2714688000
1999-01-25,0.04155206307768822,0.042028902060171895,0.037611710674091144,0.04059654725381971,510480000
1999-01-26,0.03832788020372391,0.04286519762474585,0.037730910960754434,0.0420288934263442,343200000
1999-01-27,0.03820866346359253,0.039402598367482236,0.036297635890155173,0.03844708287271684,244368000
1999-01-28,0.03808854520320892,0.0384470916195532,0.03785012573984342,0.0382086721561877,227520000
1999-01-29,0.036297641694545746,0.038208669573577395,0.036297641694545746,0.03808854262871827,244032000
1999-02-01,0.03701472654938698,0.037253145945562435,0.03629763391878552,0.03629763391878552,154704000
1999-02-02,0.03414911776781082,0.03725316625582631,0.0330743937489647,0.03629765370810812,264096000
1999-02-03,0.03486528992652893,0.035343047835133624,0.03343201961680943,0.03367135803583386,75120000
1999-02-04,0.03677540645003319,0.03773091886160421,0.0348652903080615,0.035343048221894324,181920000
1999-02-05,0.037850137799978256,0.0382086843305657,0.03641778270470974,0.03737237979167677,136848000
1999-02-08,0.03653696924448013,0.03820866182401844,0.03653696924448013,0.0380885349035237,154080000
1999-02-09,0.035103704780340195,0.03749157484620512,0.034625946981320536,0.03725315199521818,86976000
1999-02-10,0.03474607318639755,0.036059216201006716,0.03414910397448758,0.035103704039233886,148224000
1999-02-11,0.03773091733455658,0.039163272088630484,0.034865288896991725,0.034865288896991725,132240000
1999-02-12,0.03988037630915642,0.04011879583900962,0.038208682811385834,0.038208682811385834,109728000
1999-02-16,0.04011879488825798,0.04226824632439577,0.03605923046976305,0.04059655286624167,211008000
1999-02-17,0.03796933591365814,0.03964102903991296,0.03725315855366183,0.039163271156783704,67728000
1999-02-18,0.03856630250811577,0.039641026228540356,0.037491578787691174,0.039163268379294056,70704000
1999-02-19,0.03988037630915642,0.04059655382831541,0.03773092482208004,0.038208682811385834,75360000
1999-02-22,0.04011879488825798,0.04107431084422536,0.03796934345212019,0.04059655286624167,205248000
1999-02-23,0.042028892785310745,0.042865196970956906,0.03868642599828173,0.041074296101551507,138096000
1999-02-24,0.045372288674116135,0.05014894546474254,0.044297564808887566,0.04823791722636723,612768000
1999-02-25,0.043939925730228424,0.04871566612359209,0.04322282952779689,0.04728330816120249,149136000
1999-02-26,0.04190968722105026,0.045850038985165306,0.041552056334180326,0.044417684411270794,172608000
1999-03-01,0.042149025946855545,0.04393993049668526,0.040118786409919144,0.04298441474264787,92160000
1999-03-02,0.04179048538208008,0.042268243326174876,0.041074307930694096,0.04202890488937126,55248000
1999-03-03,0.03892485052347183,0.042028898277499005,0.03868643105368816,0.042028898277499005,61392000
1999-03-04,0.03808854520320892,0.0410743003632894,0.03773091430011356,0.040834961970580765,57360000
1999-03-05,0.04023800045251846,0.040357208489075806,0.03844709578707338,0.03844709578707338,78768000
1999-03-08,0.04083496704697609,0.042028902370913834,0.0384470963991006,0.03916327380757177,75888000
1999-03-09,0.042149025946855545,0.04274599526883024,0.04071575573189383,0.04071575573189383,143184000
1999-03-10,0.04143192619085312,0.042745988158369254,0.04083495696817959,0.042745988158369254,235344000
1999-03-11,0.03964101895689964,0.04143192307410427,0.03964101895689964,0.040715745896273414,54288000
1999-03-12,0.03892485052347183,0.03988036626134229,0.03820867318475293,0.03988036626134229,90768000
1999-03-15,0.040596529841423035,0.04107428754844059,0.03964101442738791,0.03988035274542491,108816000
1999-03-16,0.03928340971469879,0.04131273436344435,0.03892486317219206,0.040834976339260594,79152000
1999-03-17,0.03952180966734886,0.04035719481798824,0.038566294175309226,0.039641017663524236,51360000
1999-03-18,0.039999570697546005,0.04059653648875526,0.038686424276977084,0.03964102091826272,46320000
1999-03-19,0.04011879488825798,0.0413127303684284,0.03988037536405494,0.03988037536405494,105312000
1999-03-22,0.03892485052347183,0.04107430146899642,0.03892485052347183,0.04095417451278386,36672000
1999-03-23,0.03653696924448013,0.039163258348687016,0.03582079211870504,0.039163258348687016,163968000
1999-03-24,0.036297641694545746,0.036536976654982976,0.034865283736388565,0.036297641694545746,60864000
1999-03-25,0.03677540645003319,0.03820867677543703,0.03605922562791644,0.0361784370820584,40320000
1999-03-26,0.039999570697546005,0.040118778703508995,0.03725315092123827,0.03725315092123827,88272000
1999-03-29,0.041193533688783646,0.04214904649249331,0.04047735257274902,0.041193533688783646,65952000
1999-03-30,0.03773091733455658,0.04167126959433813,0.037491582338694054,0.04131272314915838,69504000
1999-03-31,0.040357206016778946,0.040834963895372625,0.03713395017074511,0.03892485131038437,153600000
1999-04-01,0.0391632616519928,0.04059653495353001,0.03844708446581027,0.040357196605354397,30432000
1999-04-05,0.03796933591365814,0.03964102903991296,0.0377309164367911,0.03868643220304962,98640000
1999-04-06,0.03701472654938698,0.03844708078460806,0.03629763391878552,0.03832787279456695,69696000
1999-04-07,0.04011879488825798,0.04035721441246102,0.03701474642573043,0.03725316594993346,89280000
1999-04-08,0.04083496704697609,0.042028902370913834,0.03988037014550032,0.04035720913150952,130128000
1999-04-09,0.04011879488825798,0.04107431084422536,0.03988037536405494,0.04107431084422536,48624000
1999-04-12,0.03844708949327469,0.03964102460275906,0.037730912213442526,0.03964102460275906,33312000
1999-04-13,0.03689459338784218,0.039163251275951105,0.036297627777370216,0.039163251275951105,36144000
1999-04-14,0.035820797085762024,0.03761170132112776,0.035820797085762024,0.0367753971588926,48288000
1999-04-15,0.03677540645003319,0.03677540645003319,0.03582080613572714,0.03677540645003319,35856000
1999-04-16,0.03796933591365814,0.03856630524326812,0.03653698119366553,0.03653698119366553,38928000
1999-04-19,0.036297641694545746,0.038447089020827586,0.03582079938395138,0.038447089020827586,31296000
1999-04-20,0.03558146581053734,0.03773091322060812,0.03522291598835718,0.03629764310948669,67680000
1999-04-21,0.03617842495441437,0.036297636368594566,0.03534303637428722,0.035581459202647624,37488000
1999-04-22,0.034625958651304245,0.036297652046667045,0.034268327670385304,0.036297652046667045,227184000
1999-04-23,0.03295517340302467,0.03462595091147575,0.032715838427826674,0.034506739472451406,126048000
1999-04-26,0.031283486634492874,0.03343201877494472,0.030566390324921228,0.032955176391697164,123504000
1999-04-27,0.034625958651304245,0.034865293680000034,0.0315219103053694,0.03199966826540778,226944000
1999-04-28,0.03438752517104149,0.03486527952096553,0.03331279822174757,0.03486527952096553,120096000
1999-04-29,0.03438752517104149,0.03462594458946533,0.033671347986600035,0.03450673317220663,48144000
1999-04-30,0.03486528992652893,0.03629764813899343,0.03450674347076166,0.03474608188978609,99312000
1999-05-03,0.035103704780340195,0.03522291278973986,0.03414910469544046,0.03522291278973986,33840000
1999-05-04,0.033193591982126236,0.03510370421839409,0.03247741475967812,0.03510370421839409,96048000
1999-05-05,0.03390977531671524,0.03390977531671524,0.03152190485866887,0.0334320174392291,144576000
1999-05-06,0.033253200352191925,0.03438753151120963,0.032238080632412416,0.033671354194723675,35616000
1999-05-07,0.033432018011808395,0.03367135641934269,0.03223808276233707,0.03223808276233707,25008000
1999-05-10,0.033432018011808395,0.03414911088891681,0.03319359853367415,0.03319359853367415,19680000
1999-05-11,0.03522292152047157,0.03629764881039782,0.034149113160006496,0.03486529057143872,171744000
1999-05-12,0.036297641694545746,0.03641776863940487,0.035103706599732734,0.03558146442351415,168480000
1999-05-13,0.036297641694545746,0.03725315392601458,0.03617843026287366,0.036297641694545746,69936000
1999-05-14,0.03438752517104149,0.036297637305941995,0.03390976740502388,0.036297637305941995,28464000
1999-05-17,0.036059219390153885,0.036059219390153885,0.03379056059703358,0.03390977203055356,35760000
1999-05-18,0.03773091733455658,0.03820867522905356,0.03534304679148871,0.0364177740297999,151536000
1999-05-19,0.036059219390153885,0.04083495984343445,0.03546225354154083,0.03940260527916839,451728000
1999-05-20,0.033193591982126236,0.03629763923221383,0.03188044554472138,0.03629763923221383,178176000
1999-05-21,0.03247741982340813,0.03271583929165787,0.03152190409168524,0.03271583929165787,303504000
1999-05-24,0.032357290387153625,0.0334320140625558,0.03188044807111908,0.03271583678335351,162624000
1999-05-25,0.03259663283824921,0.03295517931681251,0.0322380863596859,0.032477424793927234,130080000
1999-05-26,0.03247741982340813,0.03414910947314792,0.03247741982340813,0.03247741982340813,104736000
1999-05-27,0.03223808482289314,0.03271584273909846,0.03223808482289314,0.03271584273909846,82320000
1999-05-28,0.03259663283824921,0.032715844298665975,0.0322380863596859,0.032715844298665975,88656000
1999-06-01,0.03271583095192909,0.03271583095192909,0.03199965380038161,0.03247741154445583,98544000
1999-06-02,0.03152189403772354,0.03271582885688863,0.03152189403772354,0.03271582885688863,130128000
1999-06-03,0.032357290387153625,0.03259662535032137,0.03199965950415122,0.032357290387153625,41568000
1999-06-04,0.03259663283824921,0.032715844298665975,0.03235729782010267,0.03259663283824921,78912000
1999-06-07,0.03295517340302467,0.033432015743027864,0.032715838427826674,0.03277544243929175,125136000
1999-06-08,0.03379055857658386,0.03438752780559618,0.032955169910881515,0.033074381337273445,153312000
1999-06-09,0.03438752517104149,0.035103702355482935,0.03390976740502388,0.03390976740502388,95184000
1999-06-10,0.03450673818588257,0.034625949620462164,0.034149107298237835,0.03438753016739703,36096000
1999-06-11,0.03379055857658386,0.03462594724228621,0.03259662353465306,0.03450673581589428,61008000
1999-06-14,0.03247741982340813,0.033909774491630504,0.03223808142579642,0.033850167062497355,51648000
1999-06-15,0.03247741982340813,0.03271583929165787,0.03199966195754668,0.03247741982340813,49296000
1999-06-16,0.033432018011808395,0.03438753378314548,0.032477421169871366,0.032955175639445486,64416000
1999-06-17,0.03247741982340813,0.033671355023380756,0.03247741982340813,0.033193597157519315,74928000
1999-06-18,0.031283486634492874,0.0327158413947941,0.031283486634492874,0.0327158413947941,158736000
1999-06-21,0.03295517340302467,0.03295517340302467,0.031372432058000145,0.032238080574579976,83472000
1999-06-22,0.032357290387153625,0.03295517174652126,0.031641109691857315,0.03295517174652126,193056000
1999-06-23,0.03295517340302467,0.03295517340302467,0.03164111128230894,0.03199966111262548,210912000
1999-06-24,0.03223808482289314,0.033193600655303766,0.03199966532951989,0.033193600655303766,115200000
1999-06-25,0.03271583095192909,0.03307437728421999,0.03199965380038161,0.03199965380038161,73536000
1999-06-28,0.033193591982126236,0.03379055778098923,0.03247741475967812,0.03379055778098923,109152000
1999-06-29,0.033552125096321106,0.03402896377011564,0.03319357887016571,0.03367133647281594,92688000
1999-06-30,0.03653696924448013,0.03653696924448013,0.033909764627271896,0.03462594175304699,269232000
1999-07-01,0.034625958651304245,0.03653698707536283,0.032715845740693805,0.03653698707536283,88992000
1999-07-02,0.037133947014808655,0.037133947014808655,0.034387530351394247,0.03510370764372513,224880000
1999-07-06,0.037253160029649734,0.037491582932057614,0.036775405543686024,0.037491582932057614,198096000
1999-07-07,0.03653696924448013,0.037491569185242,0.03653696924448013,0.037491569185242,63120000
1999-07-08,0.03737238049507141,0.037969346576227275,0.035581478835508454,0.03677541441391555,186048000
1999-07-09,0.040536947548389435,0.04083497109012944,0.037253164763674296,0.037253164763674296,211728000
1999-07-12,0.04238743707537651,0.044178337712184365,0.04131271017459137,0.04298440281561466,401040000
1999-07-13,0.04250665009021759,0.043103619317037475,0.04059653781599147,0.04286519646512924,138864000
1999-07-14,0.04083496704697609,0.043462176117313546,0.04059654755397149,0.04250666028638041,137952000
1999-07-15,0.04107429459691048,0.042506649034702956,0.04107429459691048,0.04119350601990436,137040000
1999-07-16,0.04190968722105026,0.04226823362112758,0.041074298499781677,0.04179047578672893,103872000
1999-07-19,0.04083496704697609,0.04214902933882619,0.04059654755397149,0.042028902370913834,43632000
1999-07-20,0.04011879488825798,0.04083497239044471,0.03868643988388453,0.04083497239044471,178752000
1999-07-21,0.03892485052347183,0.03964102786219074,0.0377309153158177,0.03964102786219074,112080000
1999-07-22,0.037133947014808655,0.03868642854790214,0.03677540061203608,0.03868642854790214,213264000
1999-07-23,0.037133947014808655,0.03820867070991211,0.03701473557959119,0.03701473557959119,80256000
1999-07-26,0.037253160029649734,0.03808854886922527,0.037253160029649734,0.03808854886922527,60528000
1999-07-27,0.03737238049507141,0.03749159197502916,0.03677541441391555,0.03725316901511366,98592000
1999-07-28,0.03796933591365814,0.0384470937967874,0.03713395052327552,0.03725315855366183,244224000
1999-07-29,0.03832788020372391,0.038447088216809096,0.03701473370469978,0.03725315314696406,388800000
1999-07-30,0.03844708949327469,0.03940260515257911,0.038208670043094736,0.03832788147623173,452304000
1999-08-02,0.038805630058050156,0.038924838046684465,0.03820866093752566,0.038447080330887486,313344000
1999-08-03,0.037850137799978256,0.03880565381658122,0.03749159126939081,0.03880565381658122,255216000
1999-08-04,0.037850137799978256,0.0382086843305657,0.03773092632226422,0.03808855733931103,89952000
1999-08-05,0.03844708949327469,0.03844708949327469,0.037253154383790316,0.03785012364657951,240576000
1999-08-06,0.03844708949327469,0.038566300926411674,0.038208670043094736,0.03832788147623173,183984000
1999-08-09,0.03844708949327469,0.0389248473229269,0.038208670043094736,0.038566300926411674,31056000
1999-08-10,0.0391632616519928,0.04083495437253346,0.03844708446581027,0.038686422813985884,212064000
1999-08-11,0.04179048538208008,0.042268243326174876,0.03940261459111852,0.039880372535213315,197712000
1999-08-12,0.04381980374455452,0.0448945275325087,0.041790479711361884,0.04202889918630097,239616000
1999-08-13,0.0433429591357708,0.044297559331612814,0.04298441272057485,0.04346217057511885,84672000
1999-08-16,0.0416712649166584,0.04370058878675101,0.04023799481014927,0.04370058878675101,223440000
1999-08-17,0.04179048538208008,0.04250666283346606,0.04071576144829231,0.04179048538208008,193536000
1999-08-18,0.04274599999189377,0.04322283899221563,0.04047733731437775,0.04131272620247333,279888000
1999-08-19,0.051819708198308945,0.05420849365947655,0.04417834057863715,0.045730821908513124,1966992000
1999-08-20,0.051342882215976715,0.052297479140380916,0.04943185392430415,0.051939851600331495,353088000
1999-08-23,0.048237916082143784,0.050625786664136106,0.04656622288886275,0.050625786664136106,507984000
1999-08-24,0.04799949377775192,0.04847724823589413,0.04513386546171071,0.047521735903515376,398064000
1999-08-25,0.04776016250252724,0.04859646693152858,0.04585004964993962,0.04811870898600288,350352000
1999-08-26,0.047043975442647934,0.04847724557045738,0.04632779813535991,0.04776015274993596,275376000
1999-08-27,0.04967117682099342,0.05158128913338078,0.04776014899544465,0.047999487365277635,552384000
1999-08-30,0.04949146509170532,0.05146210110469852,0.047402536533696756,0.05050658511283499,158640000
1999-08-31,0.05373075231909752,0.053969171815156966,0.04871567595272141,0.049671188379802826,786864000
1999-09-01,0.051222749054431915,0.05373074642734438,0.05038736027231048,0.05373074642734438,565344000
1999-09-02,0.05062578618526459,0.05086512118276461,0.04847725062335925,0.049551058939600254,341088000
1999-09-03,0.05098434165120125,0.05229748519721608,0.050625795140147305,0.05158130768859895,258864000
1999-09-07,0.05074590817093849,0.05181971638184708,0.050506569780821235,0.05181971638184708,124416000
1999-09-08,0.05062578618526459,0.05122275211706867,0.05062578618526459,0.05086512118276461,170064000
1999-09-09,0.04990961030125618,0.0514620920751861,0.04895409447704698,0.051103545616792236,209472000
1999-09-10,0.05062578618526459,0.05134287908053034,0.05038736328499887,0.05074591314872626,167424000
1999-09-13,0.04895409941673279,0.050865127841887826,0.04847725696986896,0.050865127841887826,174432000
1999-09-14,0.04752173274755478,0.04895408734576241,0.04728330987486507,0.04895408734576241,250368000
1999-09-15,0.04788028076291084,0.04847724664573304,0.046566218627567144,0.04692476504578078,212736000
1999-09-16,0.04668542742729187,0.04776015110789045,0.04608845816214129,0.04728330878955032,158112000
1999-09-17,0.046566225588321686,0.046805564018054656,0.04489453229813206,0.046387410109112244,171648000
1999-09-20,0.0448945127427578,0.046327785908387514,0.0448945127427578,0.04573081678026642,229104000
1999-09-21,0.040596529841423035,0.044178334250470075,0.03999956414796177,0.043939914861489515,737328000
1999-09-22,0.04155206307768822,0.04179048256893006,0.03820867662359902,0.04059654725381971,375984000
1999-09-23,0.03808854520320892,0.04179047768272904,0.03773091430011356,0.04167126624299918,379584000
1999-09-24,0.034625958651304245,0.0391632774612593,0.03199966826540778,0.03820868047072563,684912000
1999-09-27,0.03677540645003319,0.03749158385605531,0.0346259553025126,0.03689461448808053,432000000
1999-09-28,0.04011879488825798,0.04059655286624167,0.03677541138804486,0.03683501541507185,413184000
1999-09-29,0.03689459338784218,0.04250663583122505,0.036297627777370216,0.04095415493955233,594048000
1999-09-30,0.03677540645003319,0.03940261209529198,0.036297648536200364,0.03820867677543703,342528000
1999-10-01,0.03653696924448013,0.037491569185242,0.03462594175304699,0.036178422925091915,347760000
1999-10-04,0.037253160029649734,0.03785012938291193,0.036775405543686024,0.03773091793170799,177600000
1999-10-05,0.04083496704697609,0.04107430546943806,0.037253161075162855,0.037253161075162855,478080000
1999-10-06,0.0457308292388916,0.04776015315641389,0.040596542163910336,0.040954173063981386,1508736000
1999-10-07,0.04274599999189377,0.04764094947302509,0.04250666156224789,0.04764094947302509,487296000
1999-10-08,0.0448945127427578,0.046208574502142996,0.041074288825915246,0.042745981387940744,398928000
1999-10-11,0.04370060935616493,0.04537230312139364,0.04250667365667963,0.045253091629346535,544464000
1999-10-12,0.043103624135255814,0.04441768625878777,0.042984412695975985,0.04393992840451717,322992000
1999-10-13,0.04190968722105026,0.04262586450799752,0.041074298499781677,0.04262586450799752,280368000
1999-10-14,0.04107429459691048,0.04202889124570076,0.04059653680790828,0.04202889124570076,192336000
1999-10-15,0.04083496704697609,0.04107430546943806,0.03892485431456717,0.039044065769116794,210720000
1999-10-18,0.03868643939495087,0.04095418334299951,0.03844710094419507,0.04095418334299951,215184000
1999-10-19,0.037133947014808655,0.039880363678223056,0.036417769722477775,0.039880363678223056,308928000
1999-10-20,0.03844708949327469,0.0389248473229269,0.037133946366747356,0.037730912213442526,348720000
1999-10-21,0.04023800045251846,0.04023800045251846,0.037253160482141515,0.03832788775051603,382128000
1999-10-22,0.041193533688783646,0.04238746949862508,0.040118805965912066,0.040118805965912066,286752000
1999-10-25,0.0391632616519928,0.04155205048788815,0.0391632616519928,0.04095416579008198,213840000
1999-10-26,0.042984407395124435,0.044417680781184465,0.04059653734758406,0.04083495678064756,481248000
1999-10-27,0.04107429459691048,0.04346216461270737,0.04035719844880011,0.0432228262535992,214128000
1999-10-28,0.0391632616519928,0.04202888932589506,0.03892484223298934,0.041312712139712535,222768000
1999-10-29,0.04226824641227722,0.042984423915952974,0.03940261746799467,0.03964103699269341,330528000
1999-11-01,0.0448945127427578,0.04656620530478329,0.04155204654779182,0.04155204654779182,782544000
1999-11-02,0.04776016250252724,0.04799950094004768,0.045372291704413925,0.04573083818788957,837504000
1999-11-03,0.05241669714450836,0.05373075963204399,0.049312648625917783,0.04967119514022821,2011680000
1999-11-04,0.055760063230991364,0.057193333237767034,0.05301456225529854,0.05301456225529854,1260336000
1999-11-05,0.053969163447618484,0.05779030388231815,0.05134287368027566,0.05731254945089724,616368000
1999-11-08,0.0555216483771801,0.057074129939811064,0.05062578081431606,0.05229747039833845,470016000
1999-11-09,0.05468534678220749,0.05564086258256436,0.05253681462554647,0.05540244309718913,272352000
1999-11-10,0.05420851334929466,0.05492469080801165,0.05313378940450571,0.05486508678460244,144048000
1999-11-11,0.058028727769851685,0.06089435255951373,0.05301456760678526,0.05420850278173848,562704000
1999-11-12,0.06113371253013611,0.06113371253013611,0.05707415113264006,0.060536749856094224,501504000
1999-11-15,0.059939756989479065,0.06340235094735755,0.05898424131291033,0.06155092360381848,362208000
1999-11-16,0.06567101925611496,0.06686495108135734,0.06113369435118323,0.061372117243787466,723792000
1999-11-17,0.06817811727523804,0.0716407125436193,0.06590945417369161,0.06686497021189845,786384000
1999-11-18,0.06841651350259781,0.07020833699348476,0.06781955100892259,0.06961045215432576,235968000
1999-11-19,0.08190926909446716,0.08477490095418554,0.07641643510635798,0.07665577351882104,2165184000
1999-11-22,0.08179005980491638,0.08405871545252887,0.07689418840488209,0.08399911143670682,540192000
1999-11-23,0.0759396106004715,0.07677499617156923,0.07259622362470237,0.0734316091958001,553248000
1999-11-24,0.07355081290006638,0.07641643803751447,0.0679396793443879,0.07558105259344501,406848000
1999-11-26,0.07307393848896027,0.07355078411893382,0.07068515327064552,0.07283460016097214,71760000
1999-11-29,0.07044676691293716,0.07379014664582405,0.068775073630399,0.07283463079023621,298608000
1999-11-30,0.06614786386489868,0.07187912108510584,0.06614786386489868,0.07068518232559068,314688000
1999-12-01,0.06949122995138168,0.07044674551675907,0.0661478444017628,0.0661478444017628,223536000
1999-12-02,0.07462552189826965,0.07558103753556962,0.06973056672382648,0.06973056672382648,309888000
1999-12-03,0.07283463329076767,0.07665578133091887,0.0718791242345651,0.07534171896004879,342768000
1999-12-06,0.07486485689878464,0.07522248092556313,0.07307394923235878,0.07307394923235878,178608000
1999-12-07,0.07235684990882874,0.075581027257356,0.06949122573198824,0.07546181242708233,186384000
1999-12-08,0.07558105885982513,0.0762972363252251,0.07187912562583368,0.0721184572351308,201696000
1999-12-09,0.07331237941980362,0.07737194270779377,0.07068517073730565,0.07546182684126948,214944000
1999-12-10,0.07247606664896011,0.07498406713405482,0.07116292698894933,0.07462552075130723,98304000
1999-12-13,0.07223763316869736,0.07414774160702053,0.07068514868135545,0.07164066407308106,183840000
1999-12-14,0.0710437223315239,0.07414777015623535,0.07032754497649646,0.07235686901201953,273888000
1999-12-15,0.06877505034208298,0.07092449740848368,0.06710335762560632,0.07056595105972477,205968000
1999-12-16,0.06829730421304703,0.07020833569831857,0.06805888815816863,0.0691336119282436,132576000
1999-12-17,0.07187911868095398,0.07295384253193307,0.0698497945287559,0.07020834098353129,262080000
1999-12-20,0.07784970104694366,0.0792527114743071,0.06949124249618548,0.07199923645161199,402432000
1999-12-21,0.08119305968284607,0.08131226766928977,0.0749840507658238,0.07784967466277959,388368000
1999-12-22,0.08310320973396301,0.08405871871520158,0.0783274685257055,0.08143151652518478,251184000
1999-12-23,0.08859603106975555,0.08883444710790295,0.08286477487488061,0.08322240576428987,280224000
1999-12-27,0.08525265008211136,0.09062536018616503,0.08429713435107679,0.09050614532798462,202416000
1999-12-28,0.08501330018043518,0.0883566858572586,0.08477488416071459,0.08525263854548654,179184000
1999-12-29,0.08787894248962402,0.0888344513789574,0.08477489478870617,0.08483449880110872,132144000
1999-12-30,0.08859603106975555,0.08919300034271424,0.08644657684825638,0.0878789382645093,139776000
1999-12-31,0.0896698534488678,0.08978997700017487,0.08811828376787696,0.08841631069493677,127344000
2000-01-03,0.08943141251802444,0.090983897399508,0.08429712581787493,0.09026772013840968,300912000
2000-01-04,0.08704356104135513,0.08811828492022909,0.08262545065416278,0.08787895332784398,300480000
2000-01-05,0.0841779112815857,0.08596881205215415,0.0829839728797485,0.08453645764094075,188352000
2000-01-06,0.07868509739637375,0.08417793136880226,0.0754618346132436,0.08417793136880226,120480000
2000-01-07,0.07999914139509201,0.08083452661432095,0.07713351019672758,0.0783274486113335,71184000
2000-01-10,0.08262547105550766,0.08596885838935353,0.07880524461370585,0.08023759979695844,239856000
2000-01-11,0.07928203791379929,0.08310318449359311,0.07928203791379929,0.08214766897037767,148128000
2000-01-12,0.07725272327661514,0.07940217740288881,0.07617799962957224,0.07928204704373511,123552000
2000-01-13,0.08047600090503693,0.08119309381545566,0.07617801417707619,0.07713352999279877,132192000
2000-01-14,0.0839385837316513,0.08728196969377894,0.08143150543276031,0.08167084381823536,604560000
2000-01-18,0.08752130717039108,0.08787893805896385,0.08119308171735895,0.0850133065521349,261648000
2000-01-19,0.08668500185012817,0.08787894042540383,0.08596882454048539,0.08787894042540383,164688000
2000-01-20,0.086446613073349,0.09217787166988395,0.08573043548120539,0.08740212914933584,179568000
2000-01-21,0.08549108356237411,0.0865658074526059,0.08334162894972111,0.08620726098473515,544272000
2000-01-24,0.08167080581188202,0.08823744431484196,0.08119304477648423,0.08823744431484196,256944000
2000-01-25,0.08095374703407288,0.08286477846810357,0.07832746062239661,0.08202847077533107,237120000
2000-01-26,0.07761036604642868,0.08310320680176335,0.07617801130626661,0.08095375234601768,232464000
2000-01-27,0.07355081290006638,0.07820733930924957,0.07068518093042904,0.07820733930924957,458208000
2000-01-28,0.07140227407217026,0.07307396731106398,0.0685366489257981,0.07259621281183797,194448000
2000-01-31,0.07080528140068054,0.07331235901926428,0.06686492723002486,0.0717598744795072,182400000
2000-02-01,0.07247606664896011,0.07307395140198975,0.06829729563427016,0.07092450413183042,92976000
2000-02-02,0.07450632005929947,0.07593959718156879,0.07247608041595706,0.07283462686681137,149040000
2000-02-03,0.07570027559995651,0.07844669324241545,0.07522251417555972,0.07689420773979695,108240000
2000-02-04,0.0774911418557167,0.0780881110692513,0.07593957940702539,0.0780881110692513,123696000
2000-02-07,0.07271543145179749,0.07784971995545042,0.07259622339599898,0.07784971995545042,217488000
2000-02-08,0.07617800682783127,0.07880521560288803,0.07259620467468329,0.07450631377631407,468816000
2000-02-09,0.07808809727430344,0.08035675888826797,0.07796888928815521,0.07904361268597021,589056000
2000-02-10,0.09408795088529587,0.09552122101310531,0.08286477664002495,0.08286477664002495,970080000
2000-02-11,0.0955212339758873,0.09886462043605163,0.08859604497997818,0.09874449005271455,423792000
2000-02-14,0.11080396175384521,0.11080396175384521,0.09480413091488252,0.09575964663825587,650112000
2000-02-15,0.10650597512722015,0.11116250784661205,0.10196865726470128,0.11104329982192751,450480000
2000-02-16,0.11140093207359314,0.11510287168962313,0.10650598294550845,0.1076999216352653,1019568000
2000-02-17,0.11534130573272705,0.11605839873612567,0.10961004795414928,0.11128174138369795,535776000
2000-02-18,0.12871484458446503,0.13038653107033032,0.11283421923574122,0.11366960472197096,960864000
2000-02-22,0.12513209879398346,0.1263260374576731,0.12035635780360257,0.1246552666706531,542496000
2000-02-23,0.1258491724729538,0.1271623189671689,0.12214724716681682,0.1236997251994937,511392000
2000-02-24,0.12465523928403854,0.12740074010073218,0.11940082263373061,0.12656535489075538,244320000
2000-02-25,0.11689378321170807,0.12477449573384622,0.11175950175007544,0.12477449573384622,278736000
2000-02-28,0.11605840176343918,0.1174907567806648,0.11414737666654744,0.11629681787368638,517872000
2000-02-29,0.122266486287117,0.12369975667180508,0.11534129698982529,0.11534129698982529,306048000
2000-03-01,0.11868466436862946,0.12226646648000308,0.11677454845708775,0.12226646648000308,383568000
2000-03-02,0.11068476736545563,0.11964019674833562,0.11032714322421235,0.11964019674833562,191040000
2000-03-03,0.11247565597295761,0.11366958775880022,0.10984936268434756,0.11080396290437328,273696000
2000-03-06,0.1117594763636589,0.12178963457107782,0.11080396064980622,0.11319274651834371,432096000
2000-03-07,0.1591620147228241,0.16668417326665952,0.13707238491834633,0.1432813966593781,1952208000
2000-03-08,0.16047517955303192,0.16190845007088792,0.1475803087953604,0.15907217563762088,668736000
2000-03-09,0.1916092187166214,0.2063252524352638,0.16190846853813776,0.16238531447312296,952944000
2000-03-10,0.22542904317378998,0.2770103277962356,0.20011615527838378,0.20154942535802167,2161200000
2000-03-13,0.2851302921772003,0.28656264628573686,0.20250396760382508,0.2044149983205443,2415168000
2000-03-14,0.21038474142551422,0.28357790832077445,0.20632517800837677,0.28357790832077445,1567776000
2000-03-15,0.20178788900375366,0.23128048223308695,0.1948627000153822,0.22545934769529902,995616000
2000-03-16,0.17990727722644806,0.21539979401092768,0.17695269777494618,0.2082352616618914,750384000
2000-03-17,0.19080312550067902,0.20441508664200672,0.17572854303534585,0.17575880963193843,557616000
2000-03-20,0.19068390130996704,0.20465348536043923,0.18459409861909637,0.19832526662776565,365280000
2000-03-21,0.18125072121620178,0.1927132206601617,0.166206405909945,0.19104153441993732,536640000
2000-03-22,0.18256479501724243,0.18817592155717353,0.17957903276168286,0.18268400305139007,230592000
2000-03-23,0.18578806519508362,0.19581822540453153,0.18053457582726481,0.18089311548362508,309408000
2000-03-24,0.1780274361371994,0.19295254153277983,0.17193763392670056,0.18459408405806643,231600000
2000-03-27,0.16632559895515442,0.1834001522209795,0.16477403639450108,0.17766888935085065,388944000
2000-03-28,0.15390853583812714,0.16238528844545297,0.15092277322199354,0.16059438018383695,393312000
2000-03-29,0.1437591016292572,0.158087235676876,0.13755009232288962,0.1545054207949464,469440000
2000-03-30,0.1429227739572525,0.1561771056432518,0.13468444199216506,0.13946018105728294,361920000
2000-03-31,0.16140037775039673,0.1678780705721649,0.14996813270695034,0.15268428259681546,962976000
2000-04-03,0.14877425134181976,0.16047518349030954,0.14459456325323916,0.15993781805601945,329952000
2000-04-04,0.14328138530254364,0.15928121013846663,0.1088938514634954,0.15665401489209643,513792000
2000-04-05,0.17516185343265533,0.18626581453142466,0.1373117156831563,0.14471466614158682,639600000
2000-04-06,0.18328097462654114,0.19259402725339292,0.1745648776910098,0.18328097462654114,404592000
2000-04-07,0.1959373950958252,0.20059392780044472,0.18435567417861803,0.19247480098953137,318576000
2000-04-10,0.17862439155578613,0.210862463129074,0.1749224529073416,0.1992807443520895,395280000
2000-04-11,0.1679973155260086,0.18149006936464207,0.1528337908077699,0.16617615449738368,457584000
2000-04-12,0.15056519210338593,0.17193773649340954,0.14996822251225123,0.16823672452837501,313440000
2000-04-13,0.14411674439907074,0.15713173385551832,0.1416096731547331,0.15175902449657377,313296000
2000-04-14,0.13143101334571838,0.14531166058033648,0.12513212993703843,0.13492295959390227,421920000
2000-04-17,0.13814711570739746,0.14328141090168295,0.12035637969166162,0.12035637969166162,294096000
2000-04-18,0.16262462735176086,0.1714599336789136,0.14758030859452026,0.152057114860492,477504000
2000-04-19,0.15486307442188263,0.17002751068221375,0.1528337507836679,0.1677588555184433,278352000
2000-04-20,0.15402767062187195,0.1620275872297826,0.1518782237235903,0.15904274154686085,153936000
2000-04-24,0.14638541638851166,0.15163981969802115,0.1387440379779706,0.14519147791360393,205968000
2000-04-25,0.16238519549369812,0.16716184997283842,0.1525943860877191,0.15295292554155715,249696000
2000-04-26,0.16071362793445587,0.17766896692297315,0.16047519813435993,0.17372862376666254,254112000
2000-04-27,0.17384780943393707,0.17551949603806502,0.14913188357016885,0.1499681846289681,280992000
2000-04-28,0.17026597261428833,0.18340017221143798,0.17026597261428833,0.17659419176642394,179040000
2000-05-01,0.17575882375240326,0.18053456513332922,0.17157912257438251,0.1767134172548095,119424000
2000-05-02,0.1689528375864029,0.18602739389012313,0.16405695913343363,0.1757588185004872,234000000
2000-05-03,0.16620641946792603,0.17337093996146913,0.1528337893110461,0.16787810584451512,329184000
2000-05-04,0.16823670268058777,0.17528110144801778,0.16441555395108523,0.1658479091125639,241200000
2000-05-05,0.17599719762802124,0.18005676061418718,0.16525086316852153,0.16751951844217228,170592000
2000-05-08,0.16954974830150604,0.1776688595054578,0.1693104031325282,0.17145985010191164,185136000
2000-05-09,0.1671619415283203,0.17384779937320505,0.1623852844329796,0.17241544447043308,176832000
2000-05-10,0.15068432688713074,0.16560943392588237,0.1492510567231395,0.16549022590126006,274080000
2000-05-11,0.15713171660900116,0.15987813274833118,0.15080349917829908,0.1528337381619626,245904000
2000-05-12,0.15235601365566254,0.17002753754892566,0.15235601365566254,0.16143066307341464,187824000
2000-05-15,0.16286303102970123,0.16549024001931098,0.14423689857285282,0.15163984871146668,282096000
2000-05-16,0.1795790046453476,0.18471329824482172,0.16811649260081593,0.17002752389442474,366432000
2000-05-17,0.2111009806394577,0.21898169373482027,0.1890122628397627,0.18913147089936025,1290624000
2000-05-18,0.1967727690935135,0.21575743840310646,0.19545962254662524,0.21229484449653918,509904000
2000-05-19,0.19510111212730408,0.20154945516965977,0.18960919357125114,0.19104154834954928,521184000
2000-05-22,0.20775847136974335,0.20775847136974335,0.17587801635748254,0.19295257167290772,517152000
2000-05-23,0.20608678460121155,0.22530987322176993,0.19916159560784807,0.20250406655342612,778560000
2000-05-24,0.20345959067344666,0.20919085502436513,0.1762365803403402,0.20584746831685333,739632000
2000-05-25,0.20059390366077423,0.2187431865335471,0.19808681874152154,0.206444374259668,569184000
2000-05-26,0.20160908997058868,0.2071606130156492,0.1891314483120157,0.20160908997058868,183456000
2000-05-30,0.20990699529647827,0.2151604836881114,0.2060867634149095,0.20704135679648158,303648000
2000-05-31,0.21802620589733124,0.22160892495235626,0.20919089828287452,0.20919089828287452,469536000
2000-06-01,0.22411590814590454,0.22650378533110083,0.21850386658287102,0.2244744613947346,418992000
2000-06-02,0.251339852809906,0.25408535417965966,0.22877245027354073,0.22877245027354073,592176000
2000-06-05,0.25674185156822205,0.2693689363699732,0.2409511087211221,0.25098125175894775,491904000
2000-06-06,0.2439369410276413,0.26721959536051226,0.24262286497485658,0.2576681120671837,375888000
2000-06-07,0.23307132720947266,0.24417530005485932,0.2294886097144709,0.2421459761930711,332352000
2000-06-08,0.2348623275756836,0.23928043212462477,0.2254291353038345,0.2390411141427791,460704000
2000-06-09,0.24154813587665558,0.25217527920235694,0.23569767707307648,0.23928039543036292,467280000
2000-06-12,0.2351006120443344,0.24465302069723063,0.22972791679571658,0.24262276799487392,380016000
2000-06-13,0.24250367283821106,0.24262288089324643,0.2273401458816064,0.2285340847877012,447840000
2000-06-14,0.2422652244567871,0.24835409890245674,0.23907131259613384,0.24704097944500378,275088000
2000-06-15,0.2485935091972351,0.2485935091972351,0.22853411413607655,0.24154818106183018,338592000
2000-06-16,0.28608494997024536,0.2865627111737002,0.24763785363202334,0.24769748496401844,987840000
2000-06-19,0.30399492383003235,0.3271592658071535,0.27820426147233485,0.28536879438346235,1052160000
2000-06-20,0.29993540048599243,0.3128311848863422,0.29611519557204957,0.30924939604592006,610272000
2000-06-21,0.3303825259208679,0.3362339122672377,0.29527882640167946,0.29527882640167946,614880000
2000-06-22,0.31235331296920776,0.33575609418878666,0.30924928655257217,0.32895011569920346,614352000
2000-06-23,0.28286170959472656,0.30781605751045643,0.2827415997302846,0.3039949240960908,607392000
2000-06-26,0.31700995564460754,0.3188008636457419,0.28393557533878977,0.2884728866173153,618288000
2000-06-27,0.2722347378730774,0.3195180670559179,0.26387626210325715,0.31426364719240346,604608000
2000-06-28,0.26172757148742676,0.28847282494699983,0.2540853052939887,0.2779658225775684,586608000
2000-06-29,0.22399669885635376,0.25719029858991566,0.21969780393394617,0.25719029858991566,1184880000
2000-06-30,0.24286222457885742,0.24692177533960935,0.22304124833457198,0.23450375044223076,1209192000
2000-07-03,0.2335490584373474,0.252175186087219,0.23116027979818887,0.24453382185108216,232680000
2000-07-05,0.20847460627555847,0.23307130079641283,0.20154940547112382,0.2325935395955489,777936000
2000-07-06,0.2211310714483261,0.22877243681363338,0.20369797776884652,0.20871304994757528,603936000
2000-07-07,0.22232499718666077,0.2330713182312721,0.21778767286964498,0.22925018484475806,346560000
2000-07-10,0.23378756642341614,0.2392804012156672,0.21635538397486967,0.21850391642506495,351264000
2000-07-11,0.2526530623435974,0.26459332625355925,0.2280563296671159,0.23068355283956316,755304000
2000-07-12,0.25981661677360535,0.2729508170001518,0.2548024459022657,0.2631599894775493,388152000
2000-07-13,0.2841748893260956,0.28560724403615045,0.2648316784829163,0.2653094397788252,458736000
2000-07-14,0.28202542662620544,0.2953980410008643,0.2751002388153037,0.2899061096026441,280200000
2000-07-17,0.2789213955402374,0.28656276127013997,0.27796587296628483,0.28632434521547906,105552000
2000-07-18,0.2734285593032837,0.28656275861655384,0.2636377324614787,0.2636377324614787,183672000
2000-07-19,0.255996435880661,0.26554792006974864,0.25050360074434197,0.26363780360175815,189504000
2000-07-20,0.26292166113853455,0.26936909077977395,0.25504094707172714,0.2557571246955008,142992000
2000-07-21,0.26626503467559814,0.271279179371311,0.25981667652502216,0.26363781142350573,251928000
2000-07-24,0.24357835948467255,0.26841350308709916,0.23307135467546197,0.2665033870195694,281112000
2000-07-25,0.23450370132923126,0.24930960092218932,0.23402594003443072,0.24739948492065691,335304000
2000-07-26,0.2170715034008026,0.23450368118697726,0.2106240767477143,0.23450368118697726,380064000
2000-07-27,0.20154941082000732,0.2130119222418707,0.19868378638063527,0.21014629780249866,331560000
2000-07-28,0.20632517337799072,0.22136948810715232,0.19104152709164476,0.20250403976028353,512664000
2000-07-31,0.2292502224445343,0.22972798375949566,0.20632519473432964,0.21778770858943197,371232000
2000-08-01,0.22471289336681366,0.23116033439489952,0.22304120704756128,0.2292502183469046,350616000
2000-08-02,0.2292502224445343,0.23295124657449406,0.21802613832243622,0.22160885626703575,345432000
2000-08-03,0.2392803132534027,0.24453382816346794,0.2063251476415207,0.2063251476415207,368664000
2000-08-04,0.24357835948467255,0.24835408691359195,0.23975722550066708,0.24501164341859627,194784000
2000-08-07,0.2626822292804718,0.2648316906217488,0.2442945401862917,0.24525006282190698,246936000
2000-08-08,0.2569510340690613,0.27127917611955576,0.25599644040713543,0.2569510340690613,128112000
2000-08-09,0.24930956959724426,0.2619660063621942,0.24572778143153998,0.26029433395802243,136248000
2000-08-10,0.25217515230178833,0.2579064001732219,0.23880254121797756,0.24357826683026515,156432000
2000-08-11,0.24620552361011505,0.2545630933779947,0.23450367974397054,0.2526529775522819,131928000
2000-08-14,0.2485935091972351,0.2516975649161307,0.2407127953914317,0.24930968679728951,108576000
2000-08-15,0.27205583453178406,0.27701037418401114,0.24907120217666825,0.24978737957981598,443328000
2000-08-16,0.2789213955402374,0.2868011773248008,0.2705629232910432,0.2868011773248008,266232000
2000-08-17,0.2841748893260956,0.28560724403615045,0.27414474430253377,0.27510026689435163,129816000
2000-08-18,0.2942042052745819,0.29754760599529034,0.28250328658752777,0.28298102067285313,204720000
2000-08-21,0.2987414598464966,0.3102039875277622,0.29802528245280074,0.30495047134445574,464472000
2000-08-22,0.27056294679641724,0.2894284249586708,0.26793665325636806,0.28321941337262974,658872000
2000-08-23,0.2863243520259857,0.28680118414664935,0.26077212989005105,0.2662649637256945,352800000
2000-08-24,0.29396578669548035,0.2968314259781112,0.27939922882375257,0.28465271865016517,332616000
2000-08-25,0.2865627706050873,0.2970697752214647,0.28513041587515314,0.2908616658215038,153048000
2000-08-28,0.2980252802371979,0.30184644160470503,0.28465266387500826,0.28799606392436267,189264000
2000-08-29,0.2973090708255768,0.2999353640259655,0.2942041145096333,0.2992191867147336,149376000
2000-08-30,0.29993540048599243,0.30399497797994074,0.29086167935504165,0.29396573419945105,178080000
2000-08-31,0.30327874422073364,0.3152190037525826,0.2985029902160149,0.3044726827219133,388896000
2000-09-01,0.30375659465789795,0.3123534572399768,0.3004131942017495,0.30948784548887043,204144000
2000-09-05,0.30423423647880554,0.311159451390996,0.3020848028547953,0.3109210080352918,246144000
2000-09-06,0.2832193672657013,0.3054281872765781,0.280831490189762,0.3054281872765781,230136000
2000-09-07,0.29850295186042786,0.2989807130350218,0.27557793088565263,0.2875182162120082,239760000
2000-09-08,0.2808314859867096,0.30184639447385053,0.27987596349960103,0.295159622747983,222648000
2000-09-11,0.2693690359592438,0.2789214486561482,0.25886205701301473,0.27724974842221123,285888000
2000-09-12,0.2676972448825836,0.28369705151691443,0.2636376687287358,0.2696073603733881,125976000
2000-09-13,0.26757800579071045,0.27199610727204354,0.2612497617117973,0.2669810366956173,239976000
2000-09-14,0.26507097482681274,0.28083146496121075,0.26172757554981907,0.26889120613409073,216336000
2000-09-15,0.2708618640899658,0.2746224918995235,0.2617276107703287,0.2636377266810107,242592000
2000-09-18,0.25504085421562195,0.2731901539393068,0.25217524291459287,0.2715184539737923,163488000
2000-09-19,0.26292166113853455,0.2636378387623083,0.2407128033636803,0.24334002688821144,301104000
2000-09-20,0.25432464480400085,0.26077209861412254,0.2502650953502639,0.2557569993495545,227568000
2000-09-21,0.2652498185634613,0.27104067206953136,0.25599635735868015,0.2562347734023382,346824000
2000-09-22,0.26984673738479614,0.2731901371098602,0.23880261231461286,0.23904102836170668,387264000
2000-09-25,0.2891901731491089,0.2932497533641618,0.27605596387148135,0.278204497506497,467568000
2000-09-26,0.29611510038375854,0.2994584720759096,0.2789213279429994,0.2922939401916699,337344000
2000-09-27,0.31235331296920776,0.32620371326622793,0.29372721412835484,0.29372721412835484,676128000
2000-09-28,0.3219057619571686,0.32381587764394154,0.3018463771109953,0.30948774170685345,333816000
2000-09-29,0.3128310739994049,0.3247713588465872,0.3075775869733187,0.3128310739994049,373872000
2000-10-02,0.3054282069206238,0.32954717163673297,0.2975475233786046,0.3171291496875701,340584000
2000-10-03,0.28895053267478943,0.30948767426145907,0.28656265629232425,0.3070997978789939,300264000
2000-10-04,0.2856072783470154,0.29038393537351204,0.27748815020295886,0.2813093118516061,419568000
2000-10-05,0.2789213955402374,0.2877566998987534,0.2729508005482701,0.2877566998987534,525048000
2000-10-06,0.26148831844329834,0.2815477076023519,0.25766808624838117,0.27963759150489337,1027176000
2000-10-09,0.26721954345703125,0.27127909318971327,0.23689156824652302,0.254802423553358,665256000
2000-10-10,0.24692180752754211,0.2688913464745397,0.24453395674859513,0.255996460350469,415944000
2000-10-11,0.24907119572162628,0.262682228082107,0.2225634500298312,0.23187741808279025,535776000
2000-10-12,0.2392803132534027,0.2693689389585479,0.23689153455258033,0.254563069448934,401616000
2000-10-13,0.2488318234682083,0.25599635674085597,0.23838445104388087,0.24095114021745664,578976000
2000-10-16,0.2431005984544754,0.24883184851263798,0.2373693483963128,0.24883184851263798,339216000
2000-10-17,0.22542904317378998,0.24310056596260987,0.22280276374050853,0.24214597264417928,463248000
2000-10-18,0.22184723615646362,0.2347430181890074,0.20083232795553985,0.21086248540773317,416952000
2000-10-19,0.2433399111032486,0.2464439654479905,0.23259356247660765,0.23617537806921254,294888000
2000-10-20,0.2660256028175354,0.2722346136461113,0.23593697306392017,0.23760867292080204,387360000
2000-10-23,0.2600559890270233,0.2698467902376391,0.2516975154060061,0.2681751173764429,182112000
2000-10-24,0.25169748067855835,0.2631599804976143,0.25074288725729704,0.25886201448649654,193968000
2000-10-25,0.22972799837589264,0.2483541046142363,0.2280562982560208,0.2447723156194552,385512000
2000-10-26,0.23951883614063263,0.2483541146055095,0.21492210586243066,0.23116036253377042,265776000
2000-10-27,0.23402592539787292,0.24566819292710965,0.22542905115527462,0.23975720222169172,210960000
2000-10-30,0.21754933893680573,0.23539968006222312,0.2173099936394042,0.2302057941908192,192120000
2000-10-31,0.2374289482831955,0.24119047818942108,0.2192209736338775,0.2261461622623814,299256000
2000-11-01,0.2373693287372589,0.24071270113692272,0.22351895238643035,0.23163807915376147,304536000
2000-11-02,0.25551870465278625,0.2617277180508153,0.24166832263100999,0.24572790134122016,192888000
2000-11-03,0.2722347378730774,0.2770104670703344,0.2502652248260143,0.2521753416008144,268632000
2000-11-06,0.2932495176792145,0.3056666099205224,0.27701033534964975,0.27868203517446005,635040000
2000-11-07,0.2734285593032837,0.2884728745691167,0.2636377324614787,0.2884728745691167,258240000
2000-11-08,0.2653093934059143,0.2765334751185772,0.2612498168667617,0.2765334751185772,187080000
2000-11-09,0.23760871589183807,0.26172765707389345,0.22590685577053868,0.24930963317096821,564528000
2000-11-10,0.22471289336681366,0.2579064956402677,0.21874322730952744,0.24572781828363816,805248000
2000-11-13,0.22566835582256317,0.25026506288543876,0.2063251360457493,0.21348966804806538,530040000
2000-11-14,0.26698121428489685,0.2688913308242945,0.23880269104865792,0.24071278025929288,470736000
2000-11-15,0.26345890760421753,0.2705629076220681,0.2514590434792144,0.2622053650345346,423864000
2000-11-16,0.24692180752754211,0.26268230588769914,0.24453395674859513,0.255996460350469,235536000
2000-11-17,0.24214595556259155,0.2614882612529807,0.234025900603231,0.2488317977015323,178776000
2000-11-20,0.2235189527273178,0.23330975204503585,0.2208917439788953,0.23319054402118755,298752000
2000-11-21,0.21922101080417633,0.2349815067699888,0.20775850894369302,0.23307139040960298,382512000
2000-11-22,0.20775847136974335,0.21683219199518045,0.19868382156662995,0.21014633501845195,409752000
2000-11-24,0.21969783306121826,0.22781787637709097,0.21014635043683869,0.21014635043683869,165072000
2000-11-27,0.21229487657546997,0.23689159086800898,0.2035191756333764,0.23545923608725372,363864000
2000-11-28,0.1964748352766037,0.21778777332560376,0.1917586967620975,0.215519116952852,382344000
2000-11-29,0.1843557208776474,0.19963846948540132,0.16954983181666583,0.19940003971201514,636408000
2000-11-30,0.154743954539299,0.16859433675063198,0.1389834556081977,0.16859433675063198,981624000
2000-12-01,0.17002753913402557,0.18626579300945645,0.16334076686561866,0.16429628943025468,784080000
2000-12-04,0.17265382409095764,0.1767133873639696,0.15951962541775952,0.1711022614703331,474264000
2000-12-05,0.18387798964977264,0.191519357807296,0.16763973045720892,0.18483349886290804,997224000
2000-12-06,0.1576094627380371,0.18531022012009338,0.156653954167723,0.18029605133130067,950928000
2000-12-07,0.154743954539299,0.1631024164039235,0.14184908161247714,0.14996821181525125,785184000
2000-12-08,0.19008693099021912,0.1910415243298244,0.15480348863872861,0.1707437079931027,853392000
2000-12-11,0.19008693099021912,0.1939071490394626,0.17910217974589224,0.1838779203123404,757632000
2000-12-12,0.18483348190784454,0.1886537010471967,0.17862446945820928,0.18531032778929307,409512000
2000-12-13,0.17050530016422272,0.18722130163287706,0.16716191403496303,0.1841163452199782,675072000
2000-12-14,0.15880344808101654,0.17074370819208676,0.1547438848089412,0.16931043807898588,569016000
2000-12-15,0.14304295182228088,0.15808726588560926,0.14232585903132455,0.14877420107075753,1094424000
2000-12-18,0.1477590948343277,0.1528337710399368,0.14566923773852752,0.14901262375638588,658872000
2000-12-19,0.13659460842609406,0.16334076860726054,0.1337289835436535,0.14996815310550501,946200000
2000-12-20,0.12178964167833328,0.14853488710133972,0.11510286914983527,0.1296694236925618,1105392000
2000-12-21,0.10650597512722015,0.13659460526967523,0.10507270496248072,0.12011793554696525,845256000
2000-12-22,0.13396835327148438,0.14614704727690528,0.11510289868607197,0.11510289868607197,949080000
2000-12-26,0.12847551703453064,0.13707240773057974,0.11987864000286261,0.13564005264873444,343824000
2000-12-27,0.13707242906093597,0.1423259334773605,0.12178969097031134,0.12704318172235265,339456000
2000-12-28,0.13778848946094513,0.14137120570139816,0.1294309498751869,0.13158039651687964,419232000
2000-12-29,0.12519176304340363,0.14208751454390203,0.12226653265654593,0.1375502010965086,495168000
2001-01-02,0.11438670754432678,0.12775933289666824,0.11390895298126702,0.12608764626660637,290808000
2001-01-03,0.1494903862476349,0.15068432483284797,0.10793832825082991,0.1108039598586771,910368000
2001-01-04,0.16668416559696198,0.17050531330226631,0.142803628748096,0.14686319252375485,815448000
2001-01-05,0.14172887802124023,0.1659679487221745,0.1385056159497329,0.16525085599066364,432768000
2001-01-08,0.155221626162529,0.16143063605140223,0.13778852123752183,0.13778852123752183,573768000
2001-01-09,0.15832573175430298,0.16143070256684347,0.14972884151121726,0.15737113814267392,302904000
2001-01-10,0.16931049525737762,0.17002758831271186,0.1466248077819258,0.1502066110044643,392928000
2001-01-11,0.18340013921260834,0.19056465796822236,0.16238523233705593,0.16525085673667678,447648000
2001-01-12,0.1795790046453476,0.1977282883589495,0.1776688888649251,0.18650419234538482,669000000
2001-01-16,0.16549021005630493,0.18053452367925243,0.1626245718515742,0.18053452367925243,414984000
2001-01-17,0.1714598387479782,0.183400109268222,0.17074366164328675,0.17814660886927877,592584000
2001-01-18,0.20435547828674316,0.20919082319680296,0.167639678804813,0.17145989711753104,948168000
2001-01-19,0.19892223179340363,0.21778767958012352,0.19581817742617819,0.21014631442045442,1018704000
2001-01-22,0.19104157388210297,0.20059397300591925,0.1855496545920594,0.19295260574781845,377712000
2001-01-23,0.21008676290512085,0.21396659953920194,0.18769909791511621,0.18865369147870018,433632000
2001-01-24,0.20919084548950195,0.212056470702157,0.19701215354968502,0.20990702291431979,451728000
2001-01-25,0.18817590177059174,0.20250403914689588,0.18387792241363018,0.20202719339606723,440016000
2001-01-26,0.19414649903774261,0.19641515452438543,0.17635576739864933,0.1776689003445611,259248000
2001-01-29,0.19510111212730408,0.19534044371111975,0.18149006601574155,0.188175923279615,354168000
2001-01-30,0.19940000772476196,0.203578779542699,0.19438493496810968,0.19820608267990725,243720000
2001-01-31,0.19725054502487183,0.20728070343896485,0.1929525654987575,0.19963842226155007,358344000
2001-02-01,0.1982656866312027,0.19963843739304565,0.1886536710939073,0.19725055997537944,371856000
2001-02-02,0.17910221219062805,0.20298182119755584,0.17766892815517868,0.19844450951404222,320520000
2001-02-05,0.1788628250360489,0.18005676353039612,0.16835583560790046,0.1788628250360489,367584000
2001-02-06,0.17981839179992676,0.18340019450095224,0.17510225433207857,0.17551948248359714,250440000
2001-02-07,0.1714598387479782,0.18005672420757174,0.1619083602079118,0.17862436999818881,720384000
2001-02-08,0.17050530016422272,0.18220622927117608,0.16978820731736044,0.17241541611302486,384288000
2001-02-09,0.16931049525737762,0.17026601809838857,0.16310239798893045,0.16907207913608202,259608000
2001-02-12,0.16477413475513458,0.1693105326424412,0.15665408816254492,0.16740041571656514,354336000
2001-02-13,0.1697882115840912,0.17766890899148005,0.16596797959048556,0.1678780955872884,467736000
2001-02-14,0.18220627307891846,0.1872213466463905,0.16047518035939273,0.16763971562208851,690888000
2001-02-15,0.21563825011253357,0.21922096787748394,0.20584743676188477,0.20728070697052192,1108512000
2001-02-16,0.22734010219573975,0.2330713521860603,0.20441508857007964,0.20465350463433618,1081176000
2001-02-20,0.20465347170829773,0.22638455682542474,0.2044150556823992,0.22160881655148987,701304000
2001-02-21,0.21396659314632416,0.2225634690354885,0.1948627114557012,0.19701215930634486,646512000
2001-02-22,0.22304122149944305,0.22925023320109722,0.20632520441523602,0.2127726458610817,815304000
2001-02-23,0.20763833820819855,0.2254290712287025,0.20059394149053994,0.2218472688536522,1034664000
2001-02-26,0.2029818296432495,0.20728073908632058,0.19414653750568217,0.20154947472597023,751824000
2001-02-27,0.19080312550067902,0.20584744136941963,0.1896091868352739,0.19796673016435448,533832000
2001-02-28,0.17074379324913025,0.20059402113682837,0.167161989451917,0.1893699327343497,784056000
2001-03-01,0.18423554301261902,0.18722129123368283,0.15283376764320375,0.1685942593375966,915288000
2001-03-02,0.16650526225566864,0.18316165186269467,0.16429621176954323,0.17098206536436455,1413504000
2001-03-05,0.1681164801120758,0.17241538810625362,0.15904276127470154,0.15999735450521851,742296000
2001-03-06,0.1843557208776474,0.19032540171707504,0.17372860430495105,0.17671343789247468,834408000
2001-03-07,0.1991616189479828,0.19963846481922934,0.1850718940568252,0.1884152809075785,938280000
2001-03-08,0.20584747195243835,0.20799691987620939,0.1934303631449958,0.1934303631449958,829344000
2001-03-09,0.19128085672855377,0.1960565973160993,0.17337091742812516,0.19510108845905003,1216776000
2001-03-12,0.1843557208776474,0.1934303725369679,0.17623659201008274,0.18483348227352533,762144000
2001-03-13,0.20632517337799072,0.20919081179343288,0.18578802519064624,0.18674354772166457,1082352000
2001-03-14,0.21802620589733124,0.21874329901650505,0.19701220326952815,0.19701220326952815,1351128000
2001-03-15,0.22877246141433716,0.2435187576332808,0.22304121131184107,0.23139968406104033,1875984000
2001-03-16,0.2278178483247757,0.23402593003002842,0.21850386741163647,0.22519063956889593,1225200000
2001-03-19,0.24095121026039124,0.2426228832519889,0.21426554950478924,0.22662305506322816,943896000
2001-03-20,0.21850387752056122,0.25313076299272,0.21587758415643102,0.23808551811064033,1990560000
2001-03-21,0.23474307358264923,0.24119050153157817,0.21778772446486647,0.21898166325044643,1877352000
2001-03-22,0.2583842873573303,0.2593398100826346,0.23498149599606613,0.23689161226887293,1697760000
2001-03-23,0.255996435880661,0.267936699798346,0.24310064914003243,0.2631600421902863,1509672000
2001-03-26,0.26984673738479614,0.27127909202260925,0.25599636104785967,0.25599636104785967,1542960000
2001-03-27,0.2600559890270233,0.2739063680767284,0.2488318763914838,0.2645933009027418,1702152000
2001-03-28,0.2602347731590271,0.2669811498892578,0.2521752496983112,0.25289142708060247,1433280000
2001-03-29,0.26411551237106323,0.27319016251786243,0.2526530121494976,0.2579661049613505,1632960000
2001-03-30,0.248056098818779,0.2672195988576479,0.2464440299556206,0.2622054273865546,1423176000
2001-04-02,0.23760871589183807,0.25336921093538395,0.2345037316628325,0.24739951692235784,1265160000
2001-04-03,0.2454884797334671,0.2519368364506463,0.23378753603554223,0.23402595210640606,1991616000
2001-04-04,0.22017554938793182,0.2366531332158286,0.20560898317346618,0.2361753719802829,3362472000
2001-04-05,0.24047431349754333,0.2442945457719223,0.2282947200588624,0.23474306323699606,1724760000
2001-04-06,0.23951883614063263,0.2521752763443371,0.23330979675671482,0.23736937458892926,1547664000
2001-04-09,0.2278747409582138,0.25007349484897445,0.22409211290006434,0.24415151695375845,1097160000
2001-04-10,0.24938556551933289,0.2567600890937141,0.23119869964856593,0.23333807532339143,1186416000
2001-04-11,0.26444000005722046,0.2743362846462048,0.25714251500072505,0.2647453714368662,1426872000
2001-04-12,0.26841336488723755,0.27987585908853363,0.2545822339708406,0.25954964273630465,1440264000
2001-04-16,0.26187989115715027,0.26917830976931123,0.2570656568176075,0.26363778630733614,764112000
2001-04-17,0.2747178375720978,0.27681960999916194,0.25790647301717,0.25802108980834776,1112448000
2001-04-18,0.2951982021331787,0.3224789716692621,0.28629503907939097,0.28629503907939097,2301864000
2001-04-19,0.32056787610054016,0.32564990353721207,0.2955420085023421,0.29687898571913107,1632264000
2001-04-20,0.3322596549987793,0.3438367983414628,0.3083415296437682,0.3167091568075007,1773840000
2001-04-23,0.3147219717502594,0.3253445207299111,0.311397866416795,0.32503824741429105,1239000000
2001-04-24,0.29244720935821533,0.33734174688577523,0.2875183310232548,0.3138435780222333,1828320000
2001-04-25,0.3058958649635315,0.31632675788974796,0.2921032621876133,0.29321100584298937,1423728000
2001-04-26,0.28178706765174866,0.3125441907908704,0.2789214287661821,0.3125441907908704,1486008000
2001-04-27,0.3018464744091034,0.30310734137690865,0.2869827994862042,0.29267644586992186,915672000
2001-04-30,0.3182753920555115,0.33604227934603625,0.3034887600002848,0.3100608879759793,1583280000
2001-05-01,0.3480018079280853,0.3488426863504061,0.31426350499007116,0.3194216432767399,1867368000
2001-05-02,0.34001651406288147,0.35705713725765786,0.33546911944131946,0.35705713725765786,1547784000
2001-05-03,0.3385263979434967,0.3400541297556001,0.3276746156969679,0.32973785437569797,960504000
2001-05-04,0.3431874215602875,0.34857479145827897,0.32706381806615015,0.3285915221662842,953520000
2001-05-07,0.35858583450317383,0.36106908910671637,0.3378762956681607,0.34188818415290356,975600000
2001-05-08,0.3326420187950134,0.3640493139501524,0.3295856531374787,0.3638961636229367,1620144000
2001-05-09,0.3170531094074249,0.3290502165440777,0.31483671961925186,0.32205809856669565,1319040000
2001-05-10,0.306393027305603,0.33008190100680357,0.30261039835104364,0.3262231614430597,998904000
2001-05-11,0.29855990409851074,0.30757768287987103,0.2924471720313116,0.3056290606234286,921216000
2001-05-14,0.3011201024055481,0.3046734683752475,0.28866447833896075,0.2994392203513551,702432000
2001-05-15,0.3119334578514099,0.32477149751991247,0.3003178062303535,0.30375658393631944,1242600000
2001-05-16,0.3266429603099823,0.3285915820754619,0.302839456257371,0.30478807802285063,957096000
2001-05-17,0.33241283893585205,0.34196522320133477,0.3226696999493304,0.32771319465033566,919056000
2001-05-18,0.3297378718852997,0.34005414781301235,0.32324275671704067,0.33130503916763626,575832000
2001-05-21,0.3446391522884369,0.3515166514561468,0.32240188311650636,0.32901254434592886,1064688000
2001-05-22,0.3549554646015167,0.3583942148011452,0.3362339814139775,0.34968270882966834,1049976000
2001-05-23,0.3519376218318939,0.38208402777934414,0.34769647211139226,0.368902138727631,2244912000
2001-05-24,0.3571333587169647,0.3661887427148786,0.3390996304902335,0.34960660880362404,1680576000
2001-05-25,0.35037049651145935,0.35514715379108863,0.3438753794875707,0.34995050813103,947952000
2001-05-29,0.3360046446323395,0.34846026952602166,0.3312665224085377,0.3483841589541786,920568000
2001-05-30,0.3297378718852997,0.34475376397613555,0.3262991223523128,0.328095523206264,3308904000
2001-05-31,0.32710158824920654,0.33432296707081205,0.32003335979759007,0.3323743445099039,1262928000
2001-06-01,0.34521234035491943,0.34800186871770883,0.32744544988798335,0.329356495309918,1022472000
2001-06-04,0.33986344933509827,0.3472755820019838,0.33531695541736667,0.34544157648197604,621552000
2001-06-05,0.3577063977718353,0.361259791497083,0.3389079053795271,0.33948101664984776,987168000
2001-06-06,0.35923513770103455,0.36393475499813444,0.35380923131604675,0.3590443829661814,698976000
2001-06-07,0.37952372431755066,0.38055533011923287,0.35342771586200583,0.3560640934206176,1141152000
2001-06-08,0.3696659803390503,0.37895062481401626,0.365730229441855,0.3783775134571084,712680000
2001-06-11,0.358852744102478,0.3706215183938003,0.35312146632263336,0.3702006281942572,581928000
2001-06-12,0.37081223726272583,0.37616110361099786,0.3505621200844928,0.3513259861773922,1102728000
2001-06-13,0.3583565950393677,0.37917984848055586,0.3551470788384073,0.3735246820822713,938712000
2001-06-14,0.3575916588306427,0.36370531732402234,0.34865089650627296,0.35373292227097686,946152000
2001-06-15,0.3631708025932312,0.3694751904249557,0.34685553759980065,0.35342769254443235,1094544000
2001-06-18,0.3488041162490845,0.36813723827417866,0.34483076214894925,0.36225376861341824,856656000
2001-06-19,0.3297378718852997,0.36366690007193947,0.32266964545925214,0.35537631322729657,1513128000
2001-06-20,0.34391382336616516,0.3476964509803016,0.31693842933179167,0.3236627787738107,1759200000
2001-06-21,0.3504089415073395,0.35648406908929686,0.33336831494880614,0.34253834204976014,1484568000
2001-06-22,0.348842591047287,0.3579740816671496,0.34425759263564026,0.34865093455001167,761184000
2001-06-25,0.3481549620628357,0.3541915558740217,0.3379909065366475,0.35273996177712663,640032000
2001-06-26,0.3582035005092621,0.3599228893363602,0.339099632650948,0.34043661016345367,757920000
2001-06-27,0.3471233546733856,0.35724794822971806,0.3410482268685044,0.35648408217031025,895752000
2001-06-28,0.3512113690376282,0.3562933977911019,0.34769650798707796,0.3517845077779841,909336000
2001-06-29,0.35438230633735657,0.35992282853984714,0.34849880827640345,0.3524721904288801,730920000
2001-07-02,0.3386787474155426,0.3432261439117511,0.33355914132392545,0.3403605320316402,1040016000
2001-07-03,0.3429968059062958,0.3465501723017005,0.33462917912941326,0.3363485402686001,406296000
2001-07-05,0.31812310218811035,0.3410095892584567,0.31770218481639845,0.3389078445896557,1020096000
2001-07-06,0.30834150314331055,0.31579214066057026,0.3022278428061828,0.31334649069020903,802824000
2001-07-09,0.29825448989868164,0.3117041437127244,0.29535034544908695,0.30432961672879827,1014072000
2001-07-10,0.3007001578807831,0.30623975082551064,0.29706975163928817,0.30222786251716166,1221744000
2001-07-11,0.3001269996166229,0.3049412598056801,0.29084238424710357,0.2995538883693848,904632000
2001-07-12,0.3158682882785797,0.318084677612675,0.3066221507043889,0.31426351647444156,981552000
2001-07-13,0.3093346655368805,0.3169769611421199,0.3028010429472837,0.31353821097239754,690144000
2001-07-16,0.28446099162101746,0.3094877907673591,0.28293328689768177,0.3058582861681304,1191696000
2001-07-17,0.3003564476966858,0.30314504790658753,0.2770104919237824,0.2796854044566862,1169904000
2001-07-18,0.2899630665779114,0.3013109517140302,0.2838118272101951,0.2932110897464896,840984000
2001-07-19,0.29462501406669617,0.30688988455350946,0.28965760350934056,0.2941664922702485,840024000
2001-07-20,0.2861427664756775,0.2938226382464251,0.2770103441050145,0.2872890164015914,742464000
2001-07-23,0.2590527832508087,0.2869451985444699,0.2587089054684302,0.2865628145397778,1547976000
2001-07-24,0.27659034729003906,0.27681958084825475,0.2569894569675757,0.2625299511765483,1365312000
2001-07-25,0.27391546964645386,0.2766288869425583,0.2647078659541294,0.276093352685302,1245888000
2001-07-26,0.3018464744091034,0.30375659071158906,0.2699421702550181,0.27131768136808515,1714152000
2001-07-27,0.309487909078598,0.31281204344219177,0.2922941257241561,0.3012734014850323,1094688000
2001-07-30,0.30211323499679565,0.3111310127070661,0.29878910221121635,0.30987014606236457,582288000
2001-07-31,0.30910545587539673,0.3104433626087743,0.2915301942165847,0.30253422840690714,1187760000
2001-08-01,0.3279808461666107,0.329585590188111,0.31300256119018327,0.31518044369293186,1204944000
2001-08-02,0.3357754647731781,0.33695929180313305,0.32091179192678565,0.33214505823748214,1097928000
2001-08-03,0.33313921093940735,0.3382973241533436,0.3261470642631055,0.33241294899241935,820344000
2001-08-06,0.3432260751724243,0.34662631892074597,0.3272161797046193,0.3307695464695126,1292568000
2001-08-07,0.33814412355422974,0.3448308970701711,0.3341322343487249,0.3431491125467853,1088616000
2001-08-08,0.32954728603363037,0.3438754289046578,0.32805715786326284,0.33520242710934006,1125696000
2001-08-09,0.32377737760543823,0.3344760097225599,0.31789388011523656,0.3280184991461186,1643616000
2001-08-10,0.3233959376811981,0.3278277871522807,0.31369040378326335,0.32362517127453,1036488000
2001-08-13,0.3369593620300293,0.3406273736977314,0.3240452379219543,0.328935610419597,1514784000
2001-08-14,0.3280184864997864,0.3329858694070788,0.3238543775399975,0.3308465202028983,2321160000
2001-08-15,0.3284009099006653,0.33936640816862984,0.3254967652793332,0.33543155961857535,1816392000
2001-08-16,0.3422319293022156,0.34272895720689517,0.32106483164020877,0.32236420420060335,1026096000
2001-08-17,0.320071816444397,0.3379148156197814,0.3173583989604169,0.3335590765692496,1668840000
2001-08-20,0.3178553879261017,0.3212941374887806,0.30811225050080204,0.3180461152878223,1183320000
2001-08-21,0.3111686110496521,0.3270639149265495,0.3106725122188132,0.3186577548553184,1186656000
2001-08-22,0.3239690959453583,0.324312973713948,0.3066221937968582,0.31667070502095146,1498104000
2001-08-23,0.31678515672683716,0.3270252918686215,0.31521891906301147,0.3228602819243231,1013592000
2001-08-24,0.3258405923843384,0.33237421305238735,0.31831384497749654,0.320186356201729,1110936000
2001-08-27,0.33711233735084534,0.3414295688272102,0.3173207221398559,0.3185430823350453,1279608000
2001-08-28,0.3327181041240692,0.34368453030918067,0.33012026046772497,0.33619538695883067,1178760000
2001-08-29,0.32202041149139404,0.33573690405894596,0.3192309109876052,0.3336351589599532,1435800000
2001-08-30,0.32098883390426636,0.32324282787759073,0.30853230402292786,0.31598294331566906,1431312000
2001-08-31,0.3236628472805023,0.32660549890889284,0.314645968673173,0.31884858548113293,887904000
2001-09-04,0.30115869641304016,0.3227843246380978,0.29890380065124456,0.3227843246380978,1856136000
2001-09-05,0.3075776696205139,0.30987016950911955,0.2886645318751406,0.3008908973314057,2395584000
2001-09-06,0.29500651359558105,0.31101643666453055,0.29363102998355345,0.30150255886746047,1950768000
2001-09-07,0.29810142517089844,0.30261034253971314,0.2888553133053464,0.29038394746676816,1970256000
2001-09-10,0.2894669473171234,0.3001270761234407,0.2834679295647684,0.2955796800333646,1872360000
2001-09-17,0.2597404718399048,0.27808049707971694,0.25844107164100816,0.2714322314397063,1138596000
2001-09-18,0.24407534301280975,0.2666940657220916,0.23819094368719884,0.26478395000325466,894372000
2001-09-19,0.24109508097171783,0.24827792370111626,0.20678365752761318,0.24545081915610137,1561908000
2001-09-20,0.22069187462329865,0.23651012913204705,0.21396659503747542,0.2281801048318146,1470696000
2001-09-21,0.20609590411186218,0.21610680798532644,0.19875989733427432,0.2036502679030785,1226304000
2001-09-24,0.2292502224445343,0.23261286191588226,0.2125910636218169,0.22244883291596906,1507500000
2001-09-25,0.22030946612358093,0.23987184039266585,0.219621710657123,0.2299379743321028,941724000
2001-09-26,0.21236179769039154,0.22390133663070094,0.21014632394612326,0.2231365551215083,430812000
2001-09-27,0.20059390366077423,0.21396653086619466,0.19493876530653761,0.21159790706167517,907296000
2001-09-28,0.2099170684814453,0.22015629125351163,0.19753755345041263,0.2063251685309531,1044876000
2001-10-01,0.19211168587207794,0.21320270803912328,0.18874904640820622,0.20976395798955147,972804000
2001-10-02,0.18248315155506134,0.19944766578168138,0.173160002401072,0.1918063007090507,1123032000
2001-10-03,0.2183992713689804,0.22993789147176633,0.18156610692865804,0.18156610692865804,1798824000
2001-10-04,0.24674929678440094,0.2582888345188312,0.22206730808960604,0.23001404425956934,1980576000
2001-10-05,0.2514113783836365,0.25744799986312955,0.233759106627693,0.24300521715621823,1078212000
2001-10-08,0.25706568360328674,0.2666180700102185,0.24147664679860734,0.24147664679860734,765900000
2001-10-09,0.24590937793254852,0.262873895324686,0.23857338296808026,0.257753360727847,917556000
2001-10-10,0.26172757148742676,0.263637687111418,0.23994882634872777,0.24155357052477675,968124000
2001-10-11,0.2900776267051697,0.29084242191432136,0.27425936069874046,0.2757118840278958,918000000
2001-10-12,0.3089531362056732,0.3094877412219279,0.2817484582851688,0.28274158507643227,1253100000
2001-10-15,0.3075776696205139,0.3171291512571079,0.29153014307152036,0.29993537476381155,908568000
2001-10-16,0.3385263979434967,0.34097111865086893,0.30085234890097323,0.30719524258388176,1383852000
2001-10-17,0.3186577558517456,0.3461677793159342,0.31712912211683986,0.34601462899054913,1695540000
2001-10-18,0.3321075141429901,0.3352399913223126,0.3178939898099429,0.31865785599304247,1020864000
2001-10-19,0.33898496627807617,0.34387533793626973,0.3232428100080417,0.3273693155936873,1059264000
2001-10-22,0.34700867533683777,0.35151666249937946,0.3289740211401,0.33646319267897096,970824000
2001-10-23,0.3408950865268707,0.35770645326998507,0.33317668039616133,0.35144059789293086,953028000
2001-10-24,0.35594961047172546,0.356789587431501,0.3308842946194324,0.33470545737547547,1212144000
2001-10-25,0.3768112361431122,0.3831532014267547,0.34234667133347324,0.3476964388786324,1152396000
2001-10-26,0.3499119281768799,0.38544570334420225,0.3476964407451834,0.37421243763024115,1097124000
2001-10-29,0.32148483395576477,0.35724786423104626,0.3211033792689815,0.3511351334951557,1004796000
2001-10-30,0.32095035910606384,0.3357755285519443,0.30834160680825434,0.3156014920809363,1153380000
2001-10-31,0.3275224566459656,0.3419652121212859,0.32286041688058026,0.3329474332845169,989292000
2001-11-01,0.35549092292785645,0.358164904612119,0.3266814997389773,0.3317250208165045,1093776000
2001-11-02,0.36045747995376587,0.36481321925863824,0.340818980390074,0.3538862529622055,1087248000
2001-11-05,0.36175671219825745,0.37673409509319655,0.3594642129663972,0.36672412181224645,933456000
2001-11-06,0.38659194111824036,0.38827372525960374,0.35915895608308296,0.36106907195718646,1415376000
2001-11-07,0.3868982493877411,0.40179952668694713,0.381396260330154,0.3836117205634642,1419144000
2001-11-08,0.38017287850379944,0.3969081298835874,0.3687103813024034,0.3917124154486824,1915188000
2001-11-09,0.40653663873672485,0.40684291201896006,0.38964916666767097,0.39698515921847133,2270484000
2001-11-12,0.41746461391448975,0.42785700109049657,0.39262947229746176,0.40500898781637434,1458636000
2001-11-13,0.4140259027481079,0.41884016378675015,0.4080653916839562,0.41876405320045346,1446516000
2001-11-14,0.40248724818229675,0.42105650750977097,0.3912539827553821,0.41708222355652763,1150224000
2001-11-15,0.4046266973018646,0.41012871457888345,0.3928588239040917,0.39790231924478897,874944000
2001-11-16,0.40111175179481506,0.4092877225518066,0.3956858462557266,0.4050089961325735,496128000
2001-11-19,0.39232322573661804,0.40882924755530714,0.3706214882284237,0.4050851260492542,1943052000
2001-11-20,0.38131922483444214,0.4011117757104427,0.3769634857258473,0.39423427564713137,937884000
2001-11-21,0.3764287531375885,0.3864396563793438,0.36527162751894965,0.37490011958051017,728412000
2001-11-23,0.3817015290260315,0.3820839402280436,0.37138528108678076,0.3778803958396861,254016000
2001-11-26,0.4089822471141815,0.40951685203449456,0.38705032758348606,0.3881204666014606,1215780000
2001-11-27,0.41333815455436707,0.42258429283650883,0.40118789860400167,0.40875315437149384,1183992000
2001-11-28,0.392476350069046,0.4148667434060036,0.39155933373503615,0.4080653544596756,740844000
2001-11-29,0.40967005491256714,0.42311970835406243,0.4080653106612324,0.42097942990059634,5135472000
2001-11-30,0.4175407588481903,0.42052101434769895,0.4034803871728226,0.4095170087573049,1034028000
2001-12-03,0.4111986756324768,0.41387262967102245,0.40386265578158115,0.40875302595636537,851496000
2001-12-04,0.44428688287734985,0.44474540470679275,0.4132619972348688,0.4132619972348688,1384644000
2001-12-05,0.48012614250183105,0.4810431317197967,0.44742039413862983,0.4478018489727588,1707036000
2001-12-06,0.4725607633590698,0.4776042847373489,0.46056365939324223,0.47638192427022524,1138944000
2001-12-07,0.4581180810928345,0.4733256053801318,0.44994208209904274,0.46904597663670056,807036000
2001-12-10,0.46270304918289185,0.4731724221076432,0.4520053171776131,0.45582554924424273,695868000
2001-12-11,0.47928595542907715,0.49021291811908424,0.4661417020862216,0.4708037132340687,792252000
2001-12-12,0.49418747425079346,0.49441670790424685,0.4736310529595279,0.48295420536872324,1004628000
2001-12-13,0.4799739122390747,0.49067164588137285,0.47806286673563714,0.4844819004551547,881400000
2001-12-14,0.5015993714332581,0.50396800888091,0.47768124915403376,0.4798967362848977,754680000
2001-12-17,0.5196342468261719,0.5268932029060774,0.49777839846827343,0.49777839846827343,1080960000
2001-12-18,0.5062606930732727,0.5154306946148024,0.5019819383902769,0.5082478218912152,886968000
2001-12-19,0.49242937564849854,0.5080944886956154,0.4905192599643423,0.4979313636621826,854652000
2001-12-20,0.4730193614959717,0.5033573977715773,0.47126239567790373,0.49441663079108517,951228000
2001-12-21,0.49349960684776306,0.49670909589920703,0.47775747844751476,0.48333555074222034,723972000
2001-12-24,0.5058019757270813,0.5083237087795265,0.49304098001386876,0.49327026822409065,265308000
2001-12-26,0.5181817412376404,0.526817137975359,0.508247845722789,0.5083239289949938,642156000
2001-12-27,0.5301796197891235,0.5325482028468885,0.5219266095478121,0.5226904482055315,730152000
2001-12-28,0.5174176096916199,0.5368277443517997,0.512298005827001,0.5333120101083214,757680000
2001-12-31,0.5112282633781433,0.5242194315548129,0.5100819854407178,0.521239174506555,737580000
2002-01-02,0.5142841935157776,0.523072736400539,0.5005291971832677,0.5134442171047833,1298904000
2002-01-03,0.5479840636253357,0.5502004801017084,0.5150490909694734,0.5153544077911798,1414752000
2002-01-04,0.5320134162902832,0.555243777939226,0.5226902699034169,0.555243777939226,936288000
2002-01-07,0.5177231431007385,0.534916921596267,0.5105402710972025,0.5341530281653193,973068000
2002-01-08,0.5238369107246399,0.5362925410705226,0.5148961419126566,0.5166540372685786,774360000
2002-01-09,0.5166538953781128,0.5406481055065793,0.5093178735485066,0.5310966507781112,1141188000
2002-01-10,0.5042741894721985,0.5209324270692429,0.49976532885668545,0.5139027081936585,992508000
2002-01-11,0.4819600284099579,0.5077891422845318,0.47997377472906877,0.5076360466169432,1380852000
2002-01-14,0.4566664695739746,0.48425263709826943,0.4566664695739746,0.48089087192493846,1369560000
2002-01-15,0.49930694699287415,0.499612318494875,0.4751595875235766,0.4756941926177363,1838808000
2002-01-16,0.4798206686973572,0.49571507221200845,0.4779866906522038,0.49250558330423566,1115388000
2002-01-17,0.49663206934928894,0.4967090817802314,0.4777574648672396,0.4957150803117291,1121544000
2002-01-18,0.48753899335861206,0.49097776994549863,0.47760422760261023,0.4779104735728292,803676000
2002-01-22,0.4753117561340332,0.49342251969242257,0.4698097132704699,0.49212402139800077,1085028000
2002-01-23,0.4842529296875,0.4876916547209303,0.47011641054714426,0.4795917885722331,889164000
2002-01-24,0.5015993714332581,0.506642892304637,0.4787504591815159,0.48906673448194987,1137684000
2002-01-25,0.5002999901771545,0.5127565436761036,0.4883028876207693,0.4944164929358518,817752000
2002-01-28,0.5195574760437012,0.5196345431925938,0.5050386264254025,0.5100820974161262,924288000
2002-01-29,0.4941103160381317,0.522308069422961,0.48601040139377033,0.5207803374349956,1381932000
2002-01-30,0.5000709295272827,0.5004533135274677,0.4848642786725831,0.49670916418774863,1218456000
2002-01-31,0.5023634433746338,0.5104641797684863,0.4856281305882865,0.5065669346140701,973980000
2002-02-01,0.49006086587905884,0.5068722604155346,0.4871567481267348,0.5015234213256999,688272000
2002-02-04,0.4669826328754425,0.5009116621157043,0.46621879423386026,0.48899064150148963,1104864000
2002-02-05,0.46239766478538513,0.4678996536514963,0.44421078847251955,0.46384931357684817,1474620000
2002-02-06,0.4739362895488739,0.48211316204668425,0.4653779076458771,0.4746240449708599,1242528000
2002-02-07,0.45857658982276917,0.4745479524196189,0.4563611021855357,0.4745479524196189,964476000
2002-02-08,0.44107744097709656,0.46423173000632556,0.4235783188798326,0.46163385840394316,1871292000
2002-02-11,0.4654541611671448,0.4661419167599603,0.43878500739509824,0.44038975222582727,1249224000
2002-02-12,0.4753117561340332,0.4841002999844756,0.4531515001781919,0.45842425481743815,1216500000
2002-02-13,0.46919912099838257,0.48952537593508394,0.4646141207789052,0.4814254603052383,1230432000
2002-02-14,0.4750065207481384,0.4848642774927871,0.4672120306684213,0.47317248771569304,1225692000
2002-02-15,0.4382503628730774,0.4558256250693482,0.4336653621512781,0.45315164254768514,3988548000
2002-02-19,0.4092116951942444,0.42388371383568113,0.40584905526450904,0.4195279741009439,1972524000
2002-02-20,0.43060803413391113,0.4351930342207138,0.40118789019782264,0.40195175626263807,1838736000
2002-02-21,0.40118780732154846,0.424876696255548,0.4006532023030128,0.4247244751149058,1531044000
2002-02-22,0.3814723491668701,0.39774910913815714,0.37635271702128525,0.3931641094086401,2585616000
2002-02-25,0.4113510847091675,0.41433134071920047,0.3831532967649204,0.3832303365412865,1599564000
2002-02-26,0.4202916622161865,0.42755157200152266,0.4092115484445572,0.4203687019626391,1902672000
2002-02-27,0.4061552584171295,0.4316781567507789,0.40500900844008836,0.429844151321762,1723224000
2002-02-28,0.3898015022277832,0.410740303407212,0.38636272481927253,0.40348039196043245,1585440000
2002-03-01,0.42747560143470764,0.42793409602482413,0.39240031436627104,0.39354656450594183,1311396000
2002-03-04,0.45131760835647583,0.45620798033432,0.42464755514454494,0.4287740609999124,1484724000
2002-03-05,0.4501713216304779,0.4622445374918034,0.44398157701529123,0.4443630317922316,1379448000
2002-03-06,0.43603387475013733,0.4411535068488449,0.426634614459189,0.4367216301690183,1446060000
2002-03-07,0.43251901865005493,0.44367524463421526,0.4204448744732499,0.4422236505315443,1346532000
2002-03-08,0.44543325901031494,0.454603288266264,0.43863186816552263,0.4407721474461226,1270356000
2002-03-11,0.44023647904396057,0.4454331234355648,0.43290048520079066,0.4405427797089046,810540000
2002-03-12,0.41715914011001587,0.42908013009382073,0.41417888578187834,0.42678763096890654,1255032000
2002-03-13,0.40959396958351135,0.4162422352183988,0.40806533580915594,0.4132619800943977,1031616000
2002-03-14,0.3868982493877411,0.40653674784675886,0.3860573709055138,0.40653674784675886,1139460000
2002-03-15,0.4032510221004486,0.4037095438502351,0.3822361433397906,0.3896491758059121,1248288000
2002-03-18,0.4032510221004486,0.4194516957758379,0.3986660232325753,0.41058704215204517,1236996000
2002-03-19,0.3946927487850189,0.4069191142849996,0.39232320912938795,0.4061552482690312,846072000
2002-03-20,0.35549092292785645,0.38896145597541787,0.3541915227833255,0.38819666086647936,2292588000
2002-03-21,0.3743656873703003,0.3786453167302132,0.35197526057719153,0.3615276738109229,1721712000
2002-03-22,0.3711560070514679,0.3810898980942613,0.36832890259751266,0.3810898980942613,1249140000
2002-03-25,0.3519752025604248,0.3698567360677415,0.351516708007899,0.3693982415152157,884160000
2002-03-26,0.3591589331626892,0.3680996708356356,0.3463209242350597,0.34830715055998845,1123512000
2002-03-27,0.3476964831352234,0.36083986638575,0.34158284881210027,0.3536569944308487,1068012000
2002-03-28,0.33898496627807617,0.35228147213015354,0.31995721025947893,0.3500650826503599,3124080000
2002-04-01,0.33340585231781006,0.3360046250960711,0.30994622516719766,0.32018636227045416,2365344000
2002-04-02,0.3246943950653076,0.34150668889185204,0.32278427917418423,0.32339592400434464,1438008000
2002-04-03,0.33080798387527466,0.335010599008307,0.31942159694523004,0.3261468743080709,1094640000
2002-04-04,0.329203337430954,0.3404366047114069,0.32377745852045725,0.3282863482903593,1130964000
2002-04-05,0.3217141628265381,0.33669245241004675,0.3183524253002061,0.33134268457461213,1026900000
2002-04-08,0.3324889838695526,0.3324889838695526,0.3067368479102535,0.30681295850523527,1151316000
2002-04-09,0.31147488951683044,0.33852641887352924,0.31071012171472806,0.3357754246888868,1380768000
2002-04-10,0.2942812144756317,0.31636533864646044,0.2720439399394935,0.3139967277771278,3689724000
2002-04-11,0.2813660502433777,0.2956565805700369,0.27815656206647055,0.291911558245355,1437288000
2002-04-12,0.2802968919277191,0.28992538556056247,0.27150834752244224,0.2876328857751829,1376880000
2002-04-15,0.2916063666343689,0.29642062919721285,0.28503423592346827,0.2857219916222695,1157208000
2002-04-16,0.3042911887168884,0.30780697886025676,0.2983306771393341,0.3046735727079805,854856000
2002-04-17,0.30788302421569824,0.3123919131644184,0.29825450334926035,0.30788302421569824,944484000
2002-04-18,0.3027634024620056,0.3080361575590294,0.29611516385842374,0.3047496289580644,693156000
2002-04-19,0.28213080763816833,0.29611509150347226,0.28174842380869725,0.2925231922854281,1125672000
2002-04-22,0.28350621461868286,0.28923746072478534,0.27892121773380085,0.2789973282666931,808176000
2002-04-23,0.27204379439353943,0.2890083037539208,0.2695220345080622,0.28572177628637696,773508000
2002-04-24,0.24820192158222198,0.27922684408314047,0.2475141932843209,0.2751764482543338,1582956000
2002-04-25,0.25783035159111023,0.2627968330410684,0.24713169171453644,0.2472078022891667,1168296000
2002-04-26,0.23207725584506989,0.260962785653668,0.23207725584506989,0.26065741422691185,1191120000
2002-04-29,0.2707444131374359,0.2746416563221547,0.25079964818086714,0.25951115063001556,3930852000
2002-04-30,0.2660062611103058,0.28083142253574506,0.2601989026091659,0.2771634129201875,1776504000
2002-05-01,0.27082058787345886,0.2745656108291604,0.2548501020526184,0.26165058887576537,1718904000
2002-05-02,0.2598937153816223,0.2788444650448542,0.2598167029211343,0.2721201130388481,1125084000
2002-05-03,0.25026512145996094,0.26218614292053394,0.24896572115692692,0.2601989871749661,852756000
2002-05-06,0.2407127022743225,0.25523159466691603,0.23872557392544727,0.24376906811700547,1102044000
2002-05-07,0.24674929678440094,0.25118207483621413,0.23467608320259634,0.24606154143951042,1412448000
2002-05-08,0.2751002013683319,0.27937982873340717,0.2552315452841771,0.26356156647150936,1688688000
2002-05-09,0.2633324861526489,0.2799145965850051,0.26287396414271746,0.27425945535749746,1230840000
2002-05-10,0.24361689388751984,0.26975144087221725,0.2407127486442569,0.26875741191747865,1321548000
2002-05-13,0.2583649456501007,0.25920585131679996,0.2440753430114148,0.24613858172180783,800892000
2002-05-14,0.28404101729393005,0.286945162225565,0.27013286670524617,0.27487101713451534,1526112000
2002-05-15,0.2896191477775574,0.29496891583274415,0.2757880094611525,0.2796852814377255,1504548000
2002-05-16,0.2901546061038971,0.2961151156481509,0.28381171269899336,0.28969608434760885,985560000
2002-05-17,0.299324631690979,0.30016460820823254,0.29061312744594525,0.2980252315261607,934404000
2002-05-20,0.3025342524051666,0.3045204521208625,0.29542749000846386,0.2968029738947938,953412000
2002-05-21,0.27945607900619507,0.310634124702402,0.27915073474602115,0.30643150764972577,1382604000
2002-05-22,0.2907654643058777,0.292447249036037,0.2812139797425134,0.2816724743949758,1547988000
2002-05-23,0.27303704619407654,0.29221795476782514,0.26440165006986016,0.29160630979863045,2556780000
2002-05-24,0.26768818497657776,0.2692159173291795,0.261498439421759,0.2678404061708819,737784000
2002-05-28,0.25706568360328674,0.27020997128110974,0.25171681617697333,0.2700568208948135,1367088000
2002-05-29,0.2667711079120636,0.2678403179739801,0.24904179920160835,0.2529390704238691,1311012000
2002-05-30,0.2628738284111023,0.26921582020090773,0.2562255906450035,0.2613451947609178,1066080000
2002-05-31,0.2556900680065155,0.26554782198653365,0.2552315735413696,0.2644015721592932,674112000
2002-06-03,0.24063655734062195,0.25064655919511497,0.23757929008553053,0.24950030943664264,901248000
2002-06-04,0.25278687477111816,0.2540853458577845,0.23872557497115007,0.23910795889648914,1095432000
2002-06-05,0.2491188943386078,0.25339762122140913,0.2403303486014855,0.25332151063239755,1114308000
2002-06-06,0.24919500946998596,0.252557649141458,0.24644401472624075,0.2465201253166397,739356000
2002-06-07,0.2468263953924179,0.24988276163450462,0.22886784903779062,0.22894487514054124,1371300000
2002-06-10,0.24476324021816254,0.25706575055053493,0.24415162234915283,0.2501121090374739,749148000
2002-06-11,0.2337590456008911,0.24988267920710916,0.23314740088313285,0.2488125400775806,859308000
2002-06-12,0.21358512341976166,0.2323066222092857,0.20380347695839893,0.22818011607690192,2267544000
2002-06-13,0.21136869490146637,0.21916319746476795,0.20464433173028035,0.21518984243235884,1265892000
2002-06-14,0.21534208953380585,0.21694683422641614,0.1966967025133352,0.2035742168564086,1116444000
2002-06-17,0.21725311875343323,0.22298436925219964,0.21350808139809763,0.2201563347095425,1054140000
2002-06-18,0.21610690653324127,0.2223727769600546,0.2120565105896445,0.2145782585182419,1008300000
2002-06-19,0.1822539120912552,0.2055613213816118,0.18064915402950904,0.2055613213816118,2593620000
2002-06-20,0.1805730164051056,0.18760274958616013,0.17820349086420811,0.18263626865295784,1425048000
2002-06-21,0.17316009104251862,0.1866097520192103,0.16949209236705412,0.1796561251003618,1484364000
2002-06-24,0.1763695776462555,0.18179547134370475,0.16353156304930144,0.1687282094141726,1379592000
2002-06-25,0.16177453100681305,0.17957902338045453,0.16070439163099925,0.17957902338045453,1172232000
2002-06-26,0.15336841344833374,0.1587943059647976,0.13946024849327374,0.14343453305950676,2067828000
2002-06-27,0.13051952421665192,0.16024594959720836,0.12838016027762508,0.1590235886574735,3182808000
2002-06-28,0.13128423690795898,0.1367092122638817,0.12555297459482798,0.12838009271151432,1991184000
2002-07-01,0.1309780329465866,0.13449382410779756,0.1282270373177313,0.13067267497335897,1164372000
2002-07-02,0.1227249801158905,0.12990875327909637,0.11936325630826097,0.12945025875772947,1368180000
2002-07-03,0.13334748148918152,0.13357672868907905,0.1218849711861929,0.12196108174847634,1073304000
2002-07-05,0.14511537551879883,0.1451914860947002,0.13877248136282014,0.1428989863567968,739524000
2002-07-08,0.14947111904621124,0.1546677630305064,0.1432813619158322,0.14343449857192492,1587180000
2002-07-09,0.1421351283788681,0.15176363601761386,0.13892562583261953,0.14985352007832972,1075080000
2002-07-10,0.1382378786802292,0.14672013689328023,0.1372447653610619,0.145573886891331,926988000
2002-07-11,0.1522982120513916,0.15283374621463247,0.1362507023815382,0.1374739918393351,1143948000
2002-07-12,0.15214605629444122,0.16108682430785543,0.14901266357976684,0.16047517931614436,1344900000
2002-07-15,0.16727657616138458,0.16735268675634937,0.14565001705754063,0.1525275316582406,1495272000
2002-07-16,0.16276763379573822,0.17843276192127736,0.16009275011745333,0.16315003137096862,1773432000
2002-07-17,0.14893651008605957,0.16238524894304646,0.14259361588517291,0.15925277264404075,1922364000
2002-07-18,0.14511537551879883,0.1551262665225477,0.14473297794849374,0.1464908726286656,1243188000
2002-07-19,0.13854321837425232,0.1462616231884123,0.13755011884962387,0.1406835105925457,845772000
2002-07-22,0.13212427496910095,0.14182982617230006,0.1264700491781459,0.13793256667173898,1290744000
2002-07-23,0.122266486287117,0.13372900097541082,0.11775851198235025,0.13288902426542096,1409652000
2002-07-24,0.13006098568439484,0.13204811407542372,0.12050950403006314,0.12058561461110912,1175100000
2002-07-25,0.11508363485336304,0.12539990129699327,0.11088102450299422,0.12501751724433122,1796448000
2002-07-26,0.11240872740745544,0.12119725955811522,0.10927625056327893,0.11844626484012617,1221900000
2002-07-29,0.11554206907749176,0.11768143159933557,0.11179795578602131,0.11707070245863484,1227720000
2002-07-30,0.12394831329584122,0.12975567639335966,0.11462515891470133,0.11500754302980946,1818012000
2002-07-31,0.08459334075450897,0.09215860420320682,0.08360023411815723,0.09032459845848372,4837140000
2002-08-01,0.07649347186088562,0.085281096052003,0.07641644575149698,0.085281096052003,1725708000
2002-08-02,0.07144992798566818,0.07947368132333148,0.06953889725429545,0.07893815409220928,1795260000
2002-08-05,0.06571870297193527,0.07053295712255676,0.06487781081470077,0.07037982043840318,1330716000
2002-08-06,0.06915745884180069,0.07175532377252565,0.06770493533876148,0.06877507485582657,1168800000
2002-08-07,0.06755267828702927,0.07290154254647022,0.06495389895992369,0.07221379414318074,892980000
2002-08-08,0.07198458164930344,0.07320694241381082,0.06648257127446468,0.06824046641433619,755424000
2002-08-09,0.07030371576547623,0.07259621598270612,0.06885118543060721,0.0700744616444395,581304000
2002-08-12,0.07030371576547623,0.07297768445518309,0.06770493532199226,0.06953893412933826,592800000
2002-08-13,0.06885119527578354,0.07420097811135791,0.06877508467308542,0.07076222046160836,654420000
2002-08-14,0.0735132098197937,0.07412393233868238,0.06953892563228131,0.07015056366446056,632688000
2002-08-15,0.07863281667232513,0.08016145731583658,0.0754994248075864,0.0762642063020527,1140120000
2002-08-16,0.08168917894363403,0.0844401799431885,0.07213769811674549,0.07443019781100955,1657428000
2002-08-19,0.09666749089956284,0.1027802237147762,0.0850518391949329,0.08520498272754398,2243928000
2002-08-20,0.0923878476023674,0.09934146578313041,0.09116548688346773,0.09743135635510784,1429488000
2002-08-21,0.0972781851887703,0.09850146790576557,0.09208246355829106,0.09659043667502308,1194876000
2002-08-22,0.09399259090423584,0.09819520704784972,0.09338095284170374,0.09437498169455631,1358496000
2002-08-23,0.08780284225940704,0.09192934827218817,0.08726823706968537,0.0913177101421471,919932000
2002-08-26,0.08849060535430908,0.09009535707017972,0.08436409899001587,0.0894837188880369,698568000
2002-08-27,0.08344706892967224,0.09047771852189551,0.08291245703601725,0.09001921720467367,686712000
2002-08-28,0.07825043052434921,0.08314171739865894,0.0779450726823053,0.08298857388880494,700356000
2002-08-29,0.0792444497346878,0.0828354271876821,0.07664566993433164,0.0772573147220718,815520000
2002-08-30,0.07718122750520706,0.08176622819248845,0.0756525864942323,0.07847969886905085,1065888000
2002-09-03,0.07244308292865753,0.07389469099093232,0.07122071533456827,0.07351322249927224,847284000
2002-09-04,0.07198458164930344,0.07458243988337807,0.06885118903986467,0.07267233038408705,930552000
2002-09-05,0.06923357397317886,0.0716021917703067,0.06877507936530816,0.07129682703735711,714312000
2002-09-06,0.07076221704483032,0.07274844405610481,0.06969207742668083,0.07213772140475154,746460000
2002-09-09,0.07068517059087753,0.0729015597883777,0.06808730616236164,0.07022666926951578,578040000
2002-09-10,0.08077217638492584,0.08444017999741678,0.07022666685303793,0.07030369977292153,2317632000
2002-09-11,0.08474646508693695,0.09093621599215682,0.08329393499793761,0.08329393499793761,1657536000
2002-09-12,0.08207156509160995,0.08719117607400284,0.0811545625322344,0.08268320302484529,1294932000
2002-09-13,0.08077217638492584,0.08512792853970007,0.08023756450483956,0.0812306776905107,796872000
2002-09-16,0.07565256953239441,0.07985517843826694,0.07374245362397959,0.07954982060923049,925464000
2002-09-17,0.07450632005929947,0.08092532567473518,0.074047825514359,0.07901521641202827,884052000
2002-09-18,0.07244308292865753,0.07481169385681391,0.07022668635959588,0.07336007896234921,811692000
2002-09-19,0.0699973925948143,0.07336003026581761,0.0696159175241882,0.07083827747468263,618492000
2002-09-20,0.0703798234462738,0.07198457489839766,0.0688511825828168,0.07053296013697209,687312000
2002-09-23,0.06732343882322311,0.06992130293547062,0.06686493755768008,0.06923354762106236,521676000
2002-09-24,0.06785807013511658,0.07106757308301051,0.0653363158668601,0.06655867653335419,624444000
2002-09-25,0.07160218060016632,0.07297767787357705,0.06900431590437729,0.07183142786833846,896616000
2002-09-26,0.0677819550037384,0.07374245910299264,0.06671181558835193,0.07297767753933047,739560000
2002-09-27,0.06541242450475693,0.06938670894897013,0.06533631391732607,0.06762881400250584,650688000
2002-09-30,0.06541242450475693,0.06824045890638024,0.06380767307869326,0.06518317722911462,584124000
2002-10-01,0.06892818957567215,0.06953891197461297,0.0635784092094858,0.06594793477701488,888360000
2002-10-02,0.06885119527578354,0.07297769489041622,0.06885119527578354,0.06946283347015911,749100000
2002-10-03,0.06548947095870972,0.06915747633427342,0.06533633422290562,0.06801122593544563,590568000
2002-10-04,0.06220290809869766,0.06739955204058973,0.06113368438987079,0.06533629968063225,529788000
2002-10-07,0.05914654582738876,0.06258530222564206,0.05868805135099719,0.061362941795288437,493068000
2002-10-08,0.057388655841350555,0.06128590656938458,0.0550200422286528,0.061133685425113916,714252000
2002-10-09,0.056319426745176315,0.06021668393385116,0.05532539817197895,0.05654867736898622,573132000
2002-10-10,0.05922267958521843,0.06105667849369316,0.05578392223756713,0.05578392223756713,538032000
2002-10-11,0.06732343882322311,0.06839266249001823,0.06113368198667328,0.06151515717124756,994140000
2002-10-14,0.06533630192279816,0.06732344378010253,0.06396080485708161,0.06533630192279816,611484000
2002-10-15,0.07213772088289261,0.0751940874902062,0.07114369187095722,0.07259622233288279,852768000
2002-10-16,0.06610016524791718,0.06785805998386131,0.06495391534259871,0.067246421985424,578124000
2002-10-17,0.07114367187023163,0.07450631095305656,0.07007444807389875,0.07183142043577405,585792000
2002-10-18,0.07183142006397247,0.07259620154804516,0.06808730576973672,0.07076219627317393,498372000
2002-10-21,0.0783274695277214,0.08092532749857692,0.06923356603093365,0.07083831747095941,930624000
2002-10-22,0.0809253454208374,0.08558646408365293,0.07465948179478794,0.07473559239973696,1272168000
2002-10-23,0.08421096205711365,0.08535721230375413,0.08100145863364415,0.08214770888028464,925428000
2002-10-24,0.07993221282958984,0.08680971927693465,0.07870892996793347,0.08589271659537173,1055172000
2002-10-25,0.08482258766889572,0.08520497847634859,0.0791674410424472,0.08023758052953753,745956000
2002-10-28,0.08528107404708862,0.08940757223037968,0.08474646215438318,0.08871982367186253,1070544000
2002-10-29,0.08153697103261948,0.08604494506539113,0.0772573287602761,0.08543422251204212,772728000
2002-10-30,0.08589271456003189,0.08864371570734354,0.08382946199150106,0.08413482665109404,1139496000
2002-10-31,0.09093622118234634,0.09154694370734011,0.08627419516572465,0.08650344242885144,1255476000
2002-11-01,0.10774759948253632,0.10904699296106435,0.08940757949665856,0.08956072300710463,2128836000
2002-11-04,0.11951547116041183,0.12616372335533732,0.11393735146210367,0.11424270928912268,2688132000
2002-11-05,0.11477820575237274,0.12119720896740141,0.10965768008344809,0.11921006751588864,2034540000
2002-11-06,0.12364200502634048,0.1237951554133648,0.11401350113726319,0.11867553528880986,1646016000
2002-11-07,0.11118635535240173,0.12043246560747832,0.11049859991116183,0.12043246560747832,1660560000
2002-11-08,0.08680974692106247,0.09957073510425328,0.0841348554371005,0.0939926134903955,3798900000
2002-11-11,0.0800844058394432,0.08390554506427272,0.07809818001381666,0.08268318497774671,1378452000
2002-11-12,0.08719120919704437,0.0901714652310897,0.0813077300737504,0.08199548567064716,1381188000
2002-11-13,0.08994219452142715,0.09246394863711777,0.08344707842889132,0.08512794039084817,1802112000
2002-11-14,0.0959026888012886,0.09773668712758303,0.09299945991986258,0.0959026888012886,1138728000
2002-11-15,0.1029333546757698,0.10629599429672287,0.0997238517466994,0.10087010181676892,2054328000
2002-11-18,0.10675449669361115,0.11156875113242251,0.10644822330696992,0.1111863671558111,1982472000
2002-11-19,0.10828223824501038,0.11370813158643055,0.10499662420502927,0.10614287445708834,1971948000
2002-11-20,0.11370808631181717,0.114625088881222,0.1101161934374205,0.11156872337571519,1292796000
2002-11-21,0.12333658337593079,0.12899173501575056,0.11806382925276603,0.11829307646151789,2053920000
2002-11-22,0.1201271191239357,0.12257276961489508,0.11462511606696696,0.11584747672357251,1251900000
2002-11-25,0.1244828924536705,0.12753925918346345,0.12081489437113979,0.12570525331000768,1230084000
2002-11-26,0.12112023681402206,0.12753924288651675,0.12073876834163427,0.1250945214862286,1084332000
2002-11-27,0.13051952421665192,0.13265980366926042,0.1246360376737418,0.12624079633859825,1088556000
2002-11-29,0.13090187311172485,0.1358692708344758,0.12990875977250896,0.13395823922897712,519396000
2002-12-02,0.12990877032279968,0.13961340377096673,0.12929713904296936,0.13785550870857738,1167504000
2002-12-03,0.12134946137666702,0.12776846624701993,0.12112021413080655,0.12746310842361622,1046220000
2002-12-04,0.10683061182498932,0.11462512227106492,0.10644822783212263,0.11279112343020638,2206548000
2002-12-05,0.10782371461391449,0.11447197427433263,0.10522584989273795,0.11370810821302271,1594872000
2002-12-06,0.10797683149576187,0.110040083879831,0.1014817165434499,0.10316257821032983,1159224000
2002-12-09,0.09934144467115402,0.1061428402205592,0.09850147495461103,0.10446197844206331,969792000
2002-12-10,0.10767148435115814,0.1096577108468935,0.10056473074998212,0.10186320182817354,1389888000
2002-12-11,0.10705984383821487,0.11004009219309711,0.10331572950440693,0.10690670033782473,1364208000
2002-12-12,0.10530193895101547,0.11233258796144126,0.10507269172746922,0.11103319469373571,1302552000
2002-12-13,0.10117547959089279,0.10339186942812664,0.10041161339515509,0.10339186942812664,707724000
2002-12-16,0.10713595896959305,0.10774759698735684,0.10201634044748059,0.10469123109288736,1056972000
2002-12-17,0.1069837436079979,0.11271499362639045,0.10614285145702668,0.10904699634749479,1077744000
2002-12-18,0.09880685061216354,0.10377424861301393,0.09857760332718692,0.10362110508637773,1126836000
2002-12-19,0.09666749089956284,0.10216950110774642,0.09567346195257859,0.09704896621267191,1100604000
2002-12-20,0.09796593338251114,0.1007939601477217,0.09315167364119194,0.09972382099688482,804576000
2002-12-23,0.09865371882915497,0.10102324522956187,0.0974313580885083,0.09773671597921692,498648000
2002-12-24,0.09666749089956284,0.10117547216076217,0.0961319633726097,0.09918924529363908,300336000
2002-12-26,0.09490958601236343,0.09972383983071467,0.09406869391316564,0.09827222523151531,719760000
2002-12-27,0.09131772071123123,0.09773672777085135,0.09047775069989478,0.09750748044680375,702528000
2002-12-30,0.08810821175575256,0.0926932194440771,0.08604495863761603,0.09170010594115949,784740000
2002-12-31,0.08795596659183502,0.09017144030392744,0.08551032328685186,0.08719118509374947,825396000
2003-01-02,0.09406868368387222,0.09513882292044552,0.08856668187039927,0.09170007349507187,1302540000
2003-01-03,0.09406868368387222,0.09743132936954907,0.09246393258559363,0.09437496382992376,1037496000
2003-01-06,0.1017109751701355,0.10323869341677903,0.09628507686337198,0.09636119427071282,1033428000
2003-01-07,0.10140472650527954,0.10606676030447076,0.10025847629159869,0.10369722693264125,1498272000
2003-01-08,0.09131772071123123,0.10171101305422997,0.09062997190689782,0.09880686745196904,1852524000
2003-01-09,0.09292241930961609,0.09513880800722335,0.09200541687371687,0.09414569501137005,1436076000
2003-01-10,0.09452720731496811,0.09590271150952731,0.09047773449892155,0.09170009516816598,924492000
2003-01-13,0.09376335144042969,0.09895999686966131,0.09330485002563435,0.09811910463270085,849120000
2003-01-14,0.09445107728242874,0.0953680798900374,0.09162396571758488,0.09406868655283025,868524000
2003-01-15,0.09154694527387619,0.09529198230207515,0.09154694527387619,0.09452720073865495,904584000
2003-01-16,0.085357166826725,0.0913176690329028,0.0841348066303601,0.09017141939696707,2039976000
2003-01-17,0.08214771002531052,0.08421096323089844,0.08107848587825896,0.08306470613609032,1058832000
2003-01-21,0.0800844058394432,0.08543418522323028,0.07985515183354433,0.08367629789055998,967356000
2003-01-22,0.08016147464513779,0.08222472763734791,0.07962594711346982,0.07985519440940883,550992000
2003-01-23,0.08237693458795547,0.08367632804140694,0.08016146079032099,0.08230082400694073,918456000
2003-01-24,0.07771582156419754,0.08207158115781435,0.07634032428805664,0.08168919037347289,897108000
2003-01-27,0.07656959444284439,0.08000835232539728,0.07465948464123878,0.07603498232850714,889116000
2003-01-28,0.07932059466838837,0.08077220975944166,0.07305473095994992,0.07557647893435342,1785480000
2003-01-29,0.0809253454208374,0.08153699046549234,0.07718123656822407,0.07718123656822407,1022040000
2003-01-30,0.07763969898223877,0.08321781830654226,0.07679881379057624,0.08253006977474245,743064000
2003-01-31,0.07886209338903427,0.0810014571270518,0.07465947651256336,0.07534722528131774,949656000
2003-02-03,0.08039069920778275,0.08191841727428253,0.07870891531836421,0.08031366629632337,755556000
2003-02-04,0.07679878920316696,0.08023753759342624,0.0756525397397472,0.07985514699059537,627720000
2003-02-05,0.07748657464981079,0.0806199668329478,0.07718121679468583,0.07847968797833936,581508000
2003-02-06,0.07809820771217346,0.08298857213782583,0.07679882109827355,0.08283543546339157,1226184000
2003-02-07,0.07458241283893585,0.08000831065047684,0.07443019170252357,0.07962591995102176,915156000
2003-02-10,0.07549943774938583,0.0760349652570814,0.07129682135892247,0.07450632435153667,982632000
2003-02-11,0.07412394881248474,0.07832748119505342,0.07374247346964956,0.07611108451568654,850716000
2003-02-12,0.07450632005929947,0.07725732832207684,0.07351321355085169,0.07412393610073673,641400000
2003-02-13,0.07542329281568527,0.07618715174785555,0.07374243149397239,0.07580568345435006,889164000
2003-02-14,0.0920054242014885,0.09208245711278377,0.08367631155162937,0.08573956378063699,3548844000
2003-02-18,0.0972781851887703,0.09911219033501315,0.09437496315890688,0.0955212129592148,1740516000
2003-02-19,0.09819522500038147,0.09880686317473625,0.09559735978386182,0.09666749941865442,1141212000
2003-02-20,0.09819522500038147,0.10117548107713216,0.09781374965365382,0.0985776158606125,978132000
2003-02-21,0.09827221930027008,0.09850147337236738,0.09475643678754125,0.0981190826359283,913260000
2003-02-24,0.09949460625648499,0.10308650030207196,0.09689674802079809,0.09743136005085365,1137012000
2003-02-25,0.09888295084238052,0.09934145219648444,0.09475644548763407,0.09628508622834787,1239204000
2003-02-26,0.09406868368387222,0.09918921712475955,0.09383943645505576,0.09758446602648095,746892000
2003-02-27,0.09605584293603897,0.09651434430908634,0.09345797821467279,0.09498570350521512,675312000
2003-02-28,0.0964382216334343,0.09666746887512397,0.09032457469771402,0.09307557575893076,1653336000
2003-03-03,0.09483347833156586,0.099341452108383,0.09361019543545,0.09758447962156085,702036000
2003-03-04,0.09406868368387222,0.09605582550008694,0.0931516811042308,0.09513882292044552,538392000
2003-03-05,0.09559734165668488,0.09613195361595632,0.09292245083366811,0.09315169810432196,522156000
2003-03-06,0.09399259090423584,0.09575048582439333,0.09361020011391538,0.09483348307116865,548064000
2003-03-07,0.09544418752193451,0.09575046766788528,0.09170007346490379,0.09254095864019621,581148000
2003-03-10,0.09277021139860153,0.09490957432784426,0.09261707474387013,0.0944510730446119,344796000
2003-03-11,0.09345798194408417,0.0949857072955899,0.09238784247055674,0.09345798194408417,417144000
2003-03-12,0.09605584293603897,0.09628509020646814,0.0933809521156438,0.09422184427603847,493920000
2003-03-13,0.10560820996761322,0.10621893233440903,0.09842442492430974,0.09888292616398464,1362732000
2003-03-14,0.10255096852779388,0.10698375466306019,0.10178710922824474,0.105989725726359,1094220000
2003-03-17,0.10851145535707474,0.110574707969326,0.10064084249973727,0.10087008975345918,1307808000
2003-03-18,0.10767148435115814,0.10935234618438132,0.10545509509111557,0.10812998568545795,932280000
2003-03-19,0.1082061156630516,0.10896997496461373,0.10438497446403032,0.10790075094579607,712992000
2003-03-20,0.10919920355081558,0.1114917032649662,0.10537897875863624,0.10820609035716736,780060000
2003-03-21,0.1082061156630516,0.11332572817304384,0.10331575044521266,0.11294425969506544,1681800000
2003-03-24,0.10415570437908173,0.10698373855102544,0.10316259110535925,0.10377423595955874,839016000
2003-03-25,0.10713595896959305,0.10874071025418332,0.10407959307512357,0.10446198383745528,672828000
2003-03-26,0.11011621356010437,0.11195021903406097,0.10866460570188242,0.10950549102172834,1107840000
2003-03-27,0.1069837436079979,0.1109571055717898,0.10667746340978303,0.10866460556443276,1392732000
2003-03-28,0.10262799263000488,0.10736522104362,0.10094621501930491,0.10698375257409541,1290684000
2003-03-31,0.09842444956302643,0.10071695633528706,0.09796595504076305,0.09949458895044906,680508000
2003-04-01,0.10132860392332077,0.1023987434116552,0.09827223766465444,0.10048771171773556,533808000
2003-04-02,0.10507270693778992,0.10683059490705976,0.10339184506294691,0.1047673422677166,771900000
2003-04-03,0.1064482256770134,0.10698375319105823,0.10423274473718172,0.10698375319105823,702780000
2003-04-04,0.10232171416282654,0.10690671433436977,0.10186321277923438,0.10675449315946874,513840000
2003-04-07,0.1033918634057045,0.11004011701666526,0.10239874995705801,0.10919923158951943,671256000
2003-04-08,0.10239873081445694,0.10484345184953514,0.10171098221862748,0.10430884676001403,475032000
2003-04-09,0.10186320543289185,0.10553120940490462,0.10171098426896895,0.1027802081339422,694260000
2003-04-10,0.10239873081445694,0.10339184407744907,0.10140470203819935,0.10323870057114072,364104000
2003-04-11,0.101252481341362,0.10438495781881361,0.100258452560549,0.10354498122609186,374184000
2003-04-14,0.10300946980714798,0.10331575003660784,0.09941849142789766,0.0997238561439455,445776000
2003-04-15,0.1024748757481575,0.10377426962718146,0.09979998421635823,0.10232173902270075,490212000
2003-04-16,0.1024748757481575,0.10507274116044221,0.10163398336412226,0.10484348699685243,671988000
2003-04-17,0.1043088510632515,0.10453809832725601,0.10109934837405538,0.10323870483022955,520740000
2003-04-21,0.1069837436079979,0.10728910146070518,0.10346796066660761,0.1044619895005918,597144000
2003-04-22,0.10835922509431839,0.10843533566807816,0.10469122151756981,0.10644820063509304,787392000
2003-04-23,0.11080396175384521,0.11149171034532876,0.10736520513205049,0.10820609722887466,606204000
2003-04-24,0.10751834511756897,0.11088098421714644,0.10606673056998857,0.11088098421714644,660912000
2003-04-25,0.10354500263929367,0.10874073282035938,0.10255097365291456,0.10690672706755056,884652000
2003-04-28,0.10667745023965836,0.10858848157352989,0.10354497398137623,0.10476733441899241,674988000
2003-04-29,0.10996397584676743,0.11149170089228427,0.1082821986279004,0.10912309065342787,670344000
2003-04-30,0.10950550436973572,0.11233262351022147,0.1088938662434852,0.10935236766786269,466620000
2003-05-01,0.11019324511289597,0.11126246900639347,0.10812999239658451,0.10874071492732515,733368000
2003-05-02,0.12150261551141739,0.12226648160072712,0.11103322146278842,0.11164485954294007,1691088000
2003-05-05,0.1244828924536705,0.13021415739212464,0.12043249667210792,0.12264890024459559,1576164000
2003-05-06,0.12463600188493729,0.12784550462867056,0.12264887339432004,0.12387123398305819,1143864000
2003-05-07,0.12264885008335114,0.12570520189876852,0.12050948716524827,0.12280198673728515,897372000
2003-05-08,0.1227249801158905,0.12761625334350704,0.11959250356894441,0.12112022196235149,1957452000
2003-05-09,0.16330230236053467,0.16452557870766812,0.13984266513355698,0.14389306083988168,9230856000
2003-05-12,0.15871724486351013,0.1673526384264825,0.15741876022813758,0.16368462805489478,3007860000
2003-05-13,0.1557370126247406,0.15818264929154444,0.1523752887442644,0.1532922778068688,1824108000
2003-05-14,0.15558478236198425,0.15818264004516086,0.1535976403426387,0.1562725241187364,965580000
2003-05-15,0.16093365848064423,0.161239016332322,0.1570364002826505,0.1578772924307866,1105656000
2003-05-16,0.1624622642993927,0.16528938259264225,0.1587172415834157,0.15894648881080833,1028916000
2003-05-19,0.15329228341579437,0.16185065245716942,0.1513812654588606,0.16032201846141542,1220484000
2003-05-20,0.1543615162372589,0.15550776633782679,0.1528337976668921,0.15352155319298444,884124000
2003-05-21,0.15978743135929108,0.1598635419547792,0.15359767227541626,0.1544385645439518,905472000
2003-05-22,0.16032202541828156,0.1617745488901664,0.1562725457525855,0.16001666754409333,888816000
2003-05-23,0.15948200225830078,0.16353148074422807,0.1587942606067055,0.16047511535949668,867612000
2003-05-27,0.17361855506896973,0.17423018636434606,0.15474392019562144,0.1578002866387753,1677408000
2003-05-28,0.17316009104251862,0.17499409721244238,0.16888136276472998,0.17308398042869277,1235556000
2003-05-29,0.18500490486621857,0.19088930466270443,0.1727015138687774,0.17308389778265604,2297736000
2003-05-30,0.19998228549957275,0.2034980750698801,0.19753756446386747,0.20250404629336752,2142312000
2003-06-02,0.18890215456485748,0.20540817417306148,0.1876797941472348,0.20517891327287732,1566144000
2003-06-03,0.1927994042634964,0.1985306532437317,0.18447028422939674,0.18676278382149084,1596804000
2003-06-04,0.19738444685935974,0.19753758354831363,0.18920754616899746,0.1921878017599314,1175604000
2003-06-05,0.20303964614868164,0.20372740184532748,0.19218785820895268,0.19478664611084376,1204404000
2003-06-06,0.19684986770153046,0.21205649186359526,0.19532121982152123,0.21098635226199342,1378836000
2003-06-09,0.194480299949646,0.20067005834758656,0.1915000443879289,0.19562654998655593,720588000
2003-06-10,0.19730837643146515,0.1974605976380478,0.19234097759773228,0.19448034144051618,563304000
2003-06-11,0.19746051728725433,0.19921841188471723,0.19257014656034688,0.19608502024210472,943836000
2003-06-12,0.194480299949646,0.2009763317224918,0.1938695842265259,0.19883605282277936,1046688000
2003-06-13,0.17934978008270264,0.19142392478389567,0.17805130893284946,0.18607505881326206,1826808000
2003-06-16,0.18317089974880219,0.1854633993655612,0.16949199895575195,0.18149003124656615,1904868000
2003-06-17,0.18752670288085938,0.18874906359438307,0.18187154920464277,0.18737356618218673,999852000
2003-06-18,0.19470953941345215,0.19845457641323466,0.18416402856540742,0.18569267616733345,1122072000
2003-06-19,0.18286556005477905,0.196543547711078,0.1818715312174559,0.19555043438707653,1190532000
2003-06-20,0.18095453083515167,0.18492881520955848,0.17805131507481914,0.18485178911013084,937848000
2003-06-23,0.17453552782535553,0.1817193151017782,0.17094455653268054,0.1808023123373731,734784000
2003-06-24,0.17415401339530945,0.17728648931092655,0.16857498584567976,0.17346625808749402,1008816000
2003-06-25,0.17530028522014618,0.181719290020644,0.17392478809557563,0.17461254349004912,1060620000
2003-06-26,0.17552955448627472,0.17789817878695457,0.17033290949170124,0.17583492600904513,960540000
2003-06-27,0.17239613831043243,0.17919754059341744,0.17155525992504722,0.1775927825827895,709104000
2003-06-30,0.17507106065750122,0.17812742678705623,0.17270153449818001,0.17468867669794638,544128000
2003-07-01,0.1822539120912552,0.18248315933882558,0.17124989389973264,0.17285465196147876,977016000
2003-07-02,0.18171928822994232,0.18630430137395648,0.17919754124901674,0.1839347618805845,846828000
2003-07-03,0.1796560436487198,0.18431716757411587,0.17713429655666016,0.17751576496650812,420912000
2003-07-07,0.19142389297485352,0.19241700611250415,0.18202464740969634,0.18210075798051756,832200000
2003-07-08,0.18928459286689758,0.19180635417872607,0.18569270564265594,0.18615120024605392,602856000
2003-07-09,0.19364033639431,0.19677281334215824,0.18890219923851387,0.18920755712074228,755352000
2003-07-10,0.1856926828622818,0.19004843571772773,0.18240706945234655,0.1876027989663863,644568000
2003-07-11,0.18668581545352936,0.18905534186240547,0.1850810570443071,0.18790909171198086,495000000
2003-07-14,0.1852341592311859,0.19257015282003137,0.1843171566164862,0.19142390296775078,694344000
2003-07-15,0.1791975349187851,0.18882604168451916,0.17743964029924278,0.18798514966138616,1143456000
2003-07-16,0.17698121070861816,0.18340021757210073,0.1727015676284581,0.18255932524072474,880476000
2003-07-17,0.1681164801120758,0.1738477425407757,0.16582398060634582,0.17163226911635726,853764000
2003-07-18,0.1624622642993927,0.1653654931640541,0.15642472831636325,0.16483087447348155,1280832000
2003-07-21,0.16001664102077484,0.16391388519570757,0.15619549375905123,0.16337928012614505,985140000
2003-07-22,0.16269153356552124,0.1657478995001889,0.1617745308673551,0.1645255389618535,582444000
2003-07-23,0.16483087837696075,0.16582399154583716,0.15764802160002286,0.1625383787199934,605328000
2003-07-24,0.15841181576251984,0.1690334317930258,0.1570363192057791,0.16781107183971825,1116828000
2003-07-25,0.16093365848064423,0.16185064754899303,0.15283378423297905,0.15871726906560713,1002084000
2003-07-28,0.15596629679203033,0.16261455105515626,0.15527854116797624,0.16223308253102217,703752000
2003-07-29,0.1457269787788391,0.1540560977488056,0.14030108828921364,0.1418297354359434,2794788000
2003-07-30,0.14412225782871246,0.14687325196281478,0.14320525522921973,0.14519148157526965,788724000
2003-07-31,0.14587922394275665,0.14962426044454383,0.1443515057216648,0.14748398191529094,897600000
2003-08-01,0.15069347620010376,0.1519167520607688,0.1445037192019765,0.14595625594967881,767556000
2003-08-04,0.15634867548942566,0.15909968422729726,0.14962431085385644,0.1505413137664803,1428852000
2003-08-05,0.15589012205600739,0.1640670209209978,0.15459073560897518,0.16039901065425333,1063488000
2003-08-06,0.1495472490787506,0.15589014369064394,0.14580312772158277,0.15382689104535313,1025868000
2003-08-07,0.1474839746952057,0.1513051215838082,0.14549774843732158,0.14916575867247464,1040340000
2003-08-08,0.11844630539417267,0.12700467767926407,0.11661229917799422,0.12647005867728237,3767580000
2003-08-11,0.12486527115106583,0.12647001579784856,0.11959251531555884,0.12035636775510075,1675752000
2003-08-12,0.12738709151744843,0.12769244956539066,0.12440683413666388,0.12647008819533112,764160000
2003-08-13,0.12822696566581726,0.13029021806672608,0.12471210564673732,0.12792160786322043,693552000
2003-08-14,0.12379510700702667,0.125782248898913,0.12241959625299646,0.1239482436697901,1527696000
2003-08-15,0.12341272085905075,0.12417750239479505,0.12226647090090524,0.12303125243664954,217716000
2003-08-18,0.12708067893981934,0.12708067893981934,0.12318342250019464,0.12539981091523886,717684000
2003-08-19,0.13678628206253052,0.13755014817693237,0.1298317417171174,0.1299087678214944,1403976000
2003-08-20,0.13487525284290314,0.13739700036829045,0.13189499707193134,0.13487525284290314,870348000
2003-08-21,0.13854321837425232,0.13984261855305494,0.13602147143335339,0.13816174998727065,644748000
2003-08-22,0.13953723013401031,0.14885944805246465,0.1394601903985784,0.1468732221101247,1002396000
2003-08-25,0.13877247273921967,0.14221122213238396,0.13755011237032655,0.14221122213238396,434028000
2003-08-26,0.13655704259872437,0.1390787902217454,0.1328120050407628,0.137015537197681,768984000
2003-08-27,0.14068350195884705,0.14213510953370267,0.1360214630857625,0.1374739998381344,567816000
2003-08-28,0.13701555132865906,0.1428229269961787,0.1354108064024271,0.14205906075923883,828312000
2003-08-29,0.13884952664375305,0.13946024236179924,0.13625073955224082,0.13678627386158135,532884000
2003-09-02,0.13762617111206055,0.14251744177190934,0.1369384160266832,0.14129416635054245,711456000
2003-09-03,0.13495221734046936,0.14007183431081893,0.13426447578262854,0.13968945049657688,849972000
2003-09-04,0.13625073432922363,0.1394602370157494,0.13449376865114204,0.13548688195427855,740064000
2003-09-05,0.14274674654006958,0.1459562484863495,0.13487520597408142,0.13647996377940866,1198740000
2003-09-08,0.14931799471378326,0.15099976519450714,0.1432813737412764,0.14503926846412601,1508712000
2003-09-09,0.15848803520202637,0.16406707864912695,0.14320530049368993,0.14519152746754838,2489436000
2003-09-10,0.14763708412647247,0.15810648055541277,0.14641472399931302,0.15397997663392193,1380624000
2003-09-11,0.1457269787788391,0.15397998718746903,0.13984259389512252,0.1496242357861085,2612736000
2003-09-12,0.1478663682937622,0.15107587062834288,0.1428989849605618,0.14450372929566407,1162404000
2003-09-15,0.14542075991630554,0.14985353905055387,0.1448861547608564,0.14908875743452957,596028000
2003-09-16,0.14992964267730713,0.15038815088602775,0.1457270265344338,0.1457270265344338,620736000
2003-09-17,0.15168748795986176,0.1545907164415731,0.14962423585673043,0.1508465960682455,902784000
2003-09-18,0.1528337448835373,0.15290985544853197,0.14916574856139173,0.1508466032472081,603492000
2003-09-19,0.15161053836345673,0.1555848234517518,0.1502350408223082,0.154590794422929,648096000
2003-09-22,0.14565004408359528,0.14893657397165697,0.14442768310576223,0.14863030050808662,735504000
2003-09-23,0.14702552556991577,0.14786641789591423,0.1439691725379676,0.14587927532765138,628932000
2003-09-24,0.13586929440498352,0.1451915310598286,0.13564004709307165,0.14389305963694377,1600668000
2003-09-25,0.13395822048187256,0.13938411198956854,0.1333475048505185,0.13693847559577702,736776000
2003-09-26,0.12883856892585754,0.13395818577836968,0.1270806883720217,0.1335767174858993,895908000
2003-09-29,0.12188497930765152,0.12669922548377857,0.11997394817705685,0.12234347373799706,1944996000
2003-09-30,0.12203721702098846,0.12616372211217855,0.12035634839033053,0.12081485654733866,1020888000
2003-10-01,0.12303128093481064,0.12448288906977459,0.12196114131060878,0.1222664992219173,877224000
2003-10-02,0.12494140863418579,0.12669929035260646,0.12188504171163007,0.12226651025682078,857628000
2003-10-03,0.12822696566581726,0.13143646788230037,0.12616371326490844,0.12838010232369987,862812000
2003-10-06,0.1272338330745697,0.1297555795507892,0.1261636939948044,0.12845619327579916,377028000
2003-10-07,0.12838008999824524,0.12838008999824524,0.12547594586317865,0.12723384029271956,510588000
2003-10-08,0.12387119978666306,0.12952633766001068,0.12310733394460081,0.12838008797257136,739440000
2003-10-09,0.12562909722328186,0.13051946805592557,0.12463598404459747,0.1257052077972478,852408000
2003-10-10,0.12784546613693237,0.12876246859681886,0.12608758544347817,0.1276162189380542,413976000
2003-10-13,0.12914398312568665,0.1318188669530451,0.12830400652913085,0.12929711980120723,434904000
2003-10-14,0.1315135508775711,0.1318950194175976,0.12700466023650275,0.1277685128301203,623556000
2003-10-15,0.1298317015171051,0.1354868533200328,0.1289917387361768,0.13304120352532395,703488000
2003-10-16,0.13143642246723175,0.13189491676928822,0.12799767420869546,0.12998480168626178,446088000
2003-10-17,0.12730999290943146,0.1331943800239074,0.12715777172905154,0.1306726325716694,459696000
2003-10-20,0.13013799488544464,0.1302902160277767,0.12662220574384025,0.1273869871724923,467388000
2003-10-21,0.13411138951778412,0.1366331507602656,0.1306726390937234,0.13250664478564092,758724000
2003-10-22,0.13181890547275543,0.13510451960013767,0.13113116350185378,0.13204815279638932,620952000
2003-10-23,0.13120721280574799,0.13372895951633348,0.12967948104220386,0.1299087282587344,451524000
2003-10-24,0.1307487189769745,0.13189496884909271,0.12868546647428644,0.1299087424357298,447084000
2003-10-27,0.13143642246723175,0.13296505564274158,0.1305194201987479,0.13143642246723175,254460000
2003-10-28,0.13968949019908905,0.1404542580449353,0.1325827297642411,0.13319436093826775,956064000
2003-10-29,0.13968949019908905,0.14137126071372635,0.13548687444243382,0.13556298502171776,494004000
2003-10-30,0.13709159195423126,0.14335745906961783,0.13686234474812764,0.14328134850527396,581256000
2003-10-31,0.1351044476032257,0.13946019908862245,0.13296508489845657,0.13831394941690614,598152000
2003-11-03,0.13762617111206055,0.14022494303981187,0.13380594112419078,0.13441667015425002,773724000
2003-11-04,0.1380847692489624,0.14098891470819253,0.13716776633355368,0.14060651701805094,700896000
2003-11-05,0.1386202722787857,0.13999576950839818,0.1330412299357628,0.13525761929071553,882024000
2003-11-06,0.13884952664375305,0.14137127397112817,0.13632776565199978,0.14068353215332305,1175280000
2003-11-07,0.16620641946792603,0.16857503013084388,0.16200380327861813,0.16551866397943518,4292820000
2003-11-10,0.16574788093566895,0.16903349376078014,0.16475476776701398,0.16674099410432391,1210056000
2003-11-11,0.1616213470697403,0.1648308487453992,0.1587172168095966,0.16200374455780153,799140000
2003-11-12,0.16376076638698578,0.16429630069256132,0.16032201632900123,0.1610867979055668,617664000
2003-11-13,0.16383779048919678,0.16613030416428795,0.16284376165375733,0.16376076439091822,580332000
2003-11-14,0.15413232147693634,0.16429636832768127,0.1536738267462099,0.16429636832768127,888420000
2003-11-17,0.15252752602100372,0.1543615180042791,0.14977651754952181,0.1512290547230107,599880000
2003-11-18,0.15031203627586365,0.15818264955591316,0.1497765019818651,0.15627253351464274,991428000
2003-11-19,0.15451465547084808,0.15512628669723666,0.1508466444816646,0.15138126327330134,567552000
2003-11-20,0.15038813650608063,0.1554316306691071,0.14977649166995202,0.1520689915012144,738852000
2003-11-21,0.15099981427192688,0.15245143612911435,0.1480956823727832,0.15222217514374345,543240000
2003-11-24,0.1600927859544754,0.1604751699509266,0.1513812794224028,0.152451418968789,940644000
2003-11-25,0.162843719124794,0.16421922970349007,0.15894647559015343,0.16078046692112427,822804000
2003-11-26,0.16299691796302795,0.16605327047507396,0.15994055178660355,0.16551866533417053,430032000
2003-11-28,0.16223303973674774,0.16337928969822293,0.16085754251585296,0.16292079517938382,206136000
2003-12-01,0.16452553868293762,0.16574789921920077,0.16215601267872487,0.1640670441668205,526980000
2003-12-02,0.16383779048919678,0.1671995144069881,0.16284376165375733,0.1635315171227225,574740000
2003-12-03,0.16215604543685913,0.169645191534768,0.16177456327417167,0.1642963246153842,710028000
2003-12-04,0.16131602227687836,0.16559474837659544,0.1574948751408544,0.16269151937193735,521952000
2003-12-05,0.15611939132213593,0.16200379143334384,0.15482000469165955,0.15749488853416674,559848000
2003-12-08,0.15726563334465027,0.15887039139806586,0.1547438863057133,0.15611938344837195,340980000
2003-12-09,0.14908874034881592,0.1584880008465978,0.14901262976772506,0.15696028248076271,598128000
2003-12-10,0.15237528085708618,0.15321524377878923,0.14901262797297848,0.14908873855315266,568656000
2003-12-11,0.1600927859544754,0.16200381775206268,0.15199291071403914,0.15229826860314347,694872000
2003-12-12,0.15925273299217224,0.16330221091743943,0.15665396055290265,0.16223298739625278,700692000
2003-12-15,0.15604326128959656,0.164143134204489,0.15558476683086395,0.16391387331074708,622752000
2003-12-16,0.15818257629871368,0.15917568915154093,0.15237521843121987,0.15512621167835178,601728000
2003-12-17,0.15512625873088837,0.15741875835364444,0.1525274857934883,0.15688323780959995,499116000
2003-12-18,0.15864118933677673,0.1602459479854929,0.15527854897825402,0.15543168570372606,436728000
2003-12-19,0.1610097885131836,0.16506018388291055,0.15925280893341548,0.16261453324100472,916956000
2003-12-22,0.16123896837234497,0.16162135220819004,0.15703635357272683,0.15864109762938944,371184000
2003-12-23,0.16781115531921387,0.16941591348735824,0.16055125784309165,0.16062828393954717,722760000
2003-12-24,0.16658876836299896,0.1682696368479786,0.16613027391010446,0.16773501815961067,210852000
2003-12-26,0.17377163469791412,0.17476474781684972,0.1671994801991667,0.167887235527422,363960000
2003-12-29,0.18110765516757965,0.18171928630846731,0.17621728425820404,0.17705726078894835,756624000
2003-12-30,0.18149009346961975,0.18492884407371826,0.17904445635746377,0.1791975930668874,550884000
2003-12-31,0.1772865355014801,0.18225393326900877,0.17438330604393062,0.18141304109475045,497268000
2004-01-02,0.1763695776462555,0.18255933761215443,0.1763695776462555,0.1801146157449427,436416000
2004-01-05,0.1821007877588272,0.18332406383527938,0.17743966359164137,0.17904442176210725,575292000
2004-01-06,0.18951386213302612,0.1920356098909185,0.18072531519460242,0.18156620750652466,1093344000
2004-01-07,0.19119468331336975,0.19211168606036325,0.18607506445131985,0.18737354930489467,673032000
2004-01-08,0.1918824017047882,0.19448025909442618,0.19004839656525757,0.19356325652466083,433752000
2004-01-09,0.19463343918323517,0.19700206353947264,0.18905532561316693,0.19058305778305423,766584000
2004-01-12,0.19684986770153046,0.19746058351124998,0.19348721403665223,0.19532121982152123,541980000
2004-01-13,0.18668581545352936,0.1977668484713844,0.18462256244988912,0.19585581665692625,865800000
2004-01-14,0.18531028926372528,0.19027767309479485,0.1835533099378336,0.18760278920900103,544872000
2004-01-15,0.18561655282974243,0.18714427114901375,0.18064915559633737,0.1839347686620611,609204000
2004-01-16,0.18844369053840637,0.1900484351127038,0.18576879285762687,0.18752668778264575,451728000
2004-01-20,0.1937164068222046,0.1940217646195821,0.1885967889502026,0.19073615188690138,487764000
2004-01-21,0.1847756952047348,0.1928755703436222,0.18447033731945878,0.1921117042093447,494460000
2004-01-22,0.18049606680870056,0.18874907929724127,0.17828059248864103,0.18576882326922597,605724000
2004-01-23,0.17644649744033813,0.18317087229003207,0.17606411361193833,0.17957897308205084,482472000
2004-01-26,0.18340013921260834,0.18416399143854928,0.17621726920139175,0.17759276618033476,393684000
2004-01-27,0.1729307919740677,0.18263632709473815,0.1715552945901458,0.17973218196699053,934104000
2004-01-28,0.17247223854064941,0.17789814339218646,0.17155524963458182,0.17514713568085738,615204000
2004-01-29,0.16742879152297974,0.17384779763917962,0.16162141668552787,0.1730078209191064,929700000
2004-01-30,0.17002753913402557,0.17384777103727866,0.1660532550428977,0.16704728382231385,466464000
2004-02-02,0.17277856171131134,0.17614028572216625,0.16964516946165317,0.17140306439968067,560844000
2004-02-03,0.1721668392419815,0.17530023007991552,0.16987434020067138,0.17231997586046352,418032000
2004-02-04,0.16750577092170715,0.17109674145349268,0.16727652369527557,0.1697212444305278,436800000
2004-02-05,0.17002753913402557,0.17193765508565212,0.1673526553226354,0.1684227946827206,331980000
2004-02-06,0.1739247739315033,0.17636949464824997,0.17132598738305546,0.17224298994621587,471132000
2004-02-09,0.17270153760910034,0.17805131940776844,0.17262542702115413,0.17522328498699688,373992000
2004-02-10,0.1790444254875183,0.1791975621705389,0.1731600251214425,0.1732370512196121,509700000
2004-02-11,0.18531028926372528,0.18592192046589542,0.18072527570879626,0.18133692057534392,737808000
2004-02-12,0.17973218858242035,0.18531031624324665,0.17690508311945316,0.18431720280488634,974892000
2004-02-13,0.17805127799510956,0.1825592510467093,0.1734662651957478,0.17499399700823148,1747500000
2004-02-17,0.18003752827644348,0.1805730488790294,0.17629340696715937,0.17873904351458664,575976000
2004-02-18,0.18003752827644348,0.18149005156125075,0.1788151540949853,0.1805730488790294,320244000
2004-02-19,0.1799614578485489,0.18546346150509188,0.1795790601703288,0.18225395823341012,631032000
2004-02-20,0.1844702661037445,0.18492876051136248,0.1786619779456304,0.17965600650188532,618120000
2004-02-23,0.17805127799510956,0.18447028224984074,0.17560562810961053,0.18416399527820446,853332000
2004-02-24,0.17094458639621735,0.17721045648951755,0.1690335544329883,0.1749940666107168,708384000
2004-02-25,0.17193762958049774,0.1752232422407675,0.17010362448159572,0.17201374014987653,652512000
2004-02-26,0.1730838567018509,0.17476472492890807,0.17094449409225332,0.1744593535138454,344976000
2004-02-27,0.17002753913402557,0.17361852378200326,0.16742876590330444,0.1734662889562881,595548000
2004-03-01,0.1725493222475052,0.17285468012293537,0.16933981926549788,0.1695690665504172,506628000
2004-03-02,0.16933977603912354,0.17400088579572237,0.16865202069554594,0.17277852542826075,813348000
2004-03-03,0.16712339222431183,0.16888128699168392,0.16437239786811547,0.16888128699168392,552492000
2004-03-04,0.1707914024591446,0.17109676029028717,0.16742876327042974,0.16880426044482916,413352000
2004-03-05,0.16956903040409088,0.17346627441009685,0.16635952810623986,0.16697024372691652,354888000
2004-03-08,0.1636846363544464,0.17193764644460793,0.16238524980438893,0.16964514667831337,465168000
2004-03-09,0.16253842413425446,0.16521332209540981,0.15978742924299866,0.16506018539301517,371232000
2004-03-10,0.16016972064971924,0.16536544768822223,0.15902347116360166,0.16360846910807197,481692000
2004-03-11,0.15894654393196106,0.1636846814364369,0.15802954104000727,0.15802954104000727,526872000
2004-03-12,0.16230915486812592,0.16429629700530912,0.15932889941900635,0.1610867942903445,377952000
2004-03-15,0.15864118933677673,0.16200384335968113,0.15764808940513964,0.16131608770103395,421224000
2004-03-16,0.1654425710439682,0.16620643720107803,0.1595581698746815,0.16062830943963827,597504000
2004-03-17,0.16949202120304108,0.1710967656796587,0.16742876854426317,0.16811651032093758,524592000
2004-03-18,0.17140312492847443,0.17346636479233773,0.16811658116636113,0.16857508954173983,528048000
2004-03-19,0.1694159209728241,0.17224302616288778,0.1684228076303301,0.17048606041517692,452964000
2004-03-22,0.1681164801120758,0.1694158801788205,0.16429626249939633,0.16681800922282433,576708000
2004-03-23,0.16880430281162262,0.17224305344287316,0.166894186410629,0.17040906130483444,576036000
2004-03-24,0.1763695776462555,0.17919761275024856,0.16811656435839026,0.1684989620815945,787344000
2004-03-25,0.1866096705198288,0.18752667320430152,0.17805130218834198,0.1783566600239514,997128000
2004-03-26,0.1860750913619995,0.18897832119440228,0.183553343691349,0.1860750913619995,551604000
2004-03-29,0.1940988153219223,0.1966205624600482,0.1883675656151011,0.18874903403191753,985764000
2004-03-30,0.19990620017051697,0.20082320296914946,0.1926463020358966,0.19279945239377816,724956000
2004-03-31,0.20174019038677216,0.2038795536945526,0.19983007434507696,0.2008992982423114,604752000
2004-04-01,0.19814832508563995,0.20609596532195407,0.1931048163660659,0.2019694594299734,1319508000
2004-04-02,0.20097626745700836,0.20380338542725515,0.19639126877549776,0.20250399911839287,649740000
2004-04-05,0.2081591635942459,0.2090000556085118,0.1999061539779651,0.1999061539779651,576744000
2004-04-06,0.19975300133228302,0.2054842636246005,0.19868377768617304,0.20403264245601246,624096000
2004-04-07,0.19868381321430206,0.20135779515301538,0.19516803732937568,0.2012816845730234,447864000
2004-04-08,0.20433804392814636,0.20632518602560831,0.20158704946423972,0.20311568337479888,447096000
2004-04-12,0.20051775872707367,0.20685973581801823,0.19929448306833383,0.20594273341436362,443784000
2004-04-13,0.19585579633712769,0.20250406291709652,0.19486269665673353,0.20235184174370718,442704000
2004-04-14,0.19684986770153046,0.20051786560688822,0.19264632174206392,0.1948627252074941,512016000
2004-04-15,0.18653354048728943,0.19501579735365024,0.18569264847109151,0.19417490533745232,828084000
2004-04-16,0.180419921875,0.185845814014366,0.18003753792598173,0.18576878791657384,654864000
2004-04-19,0.18019065260887146,0.18149003913061862,0.17698115027311073,0.18026676318405713,522804000
2004-04-20,0.1725493222475052,0.1826363257633658,0.17247228247922866,0.18064918346084488,513804000
2004-04-21,0.17277856171131134,0.178815169758362,0.17147917498674625,0.17323705626039546,688812000
2004-04-22,0.17377163469791412,0.1766757789984667,0.16758187773674169,0.1711737637011745,695520000
2004-04-23,0.17759281396865845,0.18057306961196898,0.175376424421212,0.17591104323629347,443928000
2004-04-26,0.17063826322555542,0.1787390386557867,0.1701797550647202,0.177974270819529,429912000
2004-04-27,0.16918668150901794,0.17721044639389658,0.16857505019921187,0.17262544569646873,494568000
2004-04-28,0.1684989184141159,0.17186155791815116,0.16719951803296473,0.16926277082022703,468768000
2004-04-29,0.16383779048919678,0.16865205144319695,0.1616214010634421,0.16750580143784033,645048000
2004-04-30,0.15680715441703796,0.16391390174652515,0.15619550953052247,0.16292080208470994,512928000
2004-05-03,0.15481999516487122,0.16009275009497256,0.15206898724571452,0.15848799205937036,610668000
2004-05-04,0.16467778384685516,0.16666492620615708,0.15665403299475406,0.15703641698500817,772380000
2004-05-05,0.16605326533317566,0.1675058023775331,0.1634554074547343,0.1648309047360031,464280000
2004-05-06,0.16742879152297974,0.16872817833717033,0.1608575642221492,0.16437242516291892,711348000
2004-05-07,0.16872811317443848,0.17552950065233872,0.16781111070278745,0.17231999883374713,956772000
2004-05-10,0.16215604543685913,0.16597718000732437,0.1585650600198485,0.16421929850495118,669072000
2004-05-11,0.16613031923770905,0.16773506392505969,0.16353153196034909,0.16421928749171602,399936000
2004-05-12,0.16383779048919678,0.16544254869532282,0.15810654046241363,0.16521330142712706,482328000
2004-05-13,0.16437241435050964,0.1673526699222141,0.16200380368169848,0.16246229823224764,347952000
2004-05-14,0.16437241435050964,0.16796430116072902,0.16353152217234182,0.1650601698407117,459000000
2004-05-17,0.16177453100681305,0.16414315516818095,0.15932889441475298,0.16200379192983522,308340000
2004-05-18,0.16437241435050964,0.16628253046877167,0.1626145194068652,0.16322616430975845,204420000
2004-05-19,0.16398997604846954,0.1704089938146974,0.1631500132563642,0.16804037006899747,498276000
2004-05-20,0.1616213470697403,0.1664356064154153,0.1607804551984592,0.16368459912297625,421488000
2004-05-21,0.16200381517410278,0.16376078106465825,0.1597874255226805,0.16353153377312107,282096000
2004-05-24,0.1614682674407959,0.16330227294988078,0.15955815134530976,0.16169751471333696,301620000
2004-05-25,0.1684989184141159,0.16926277082022703,0.15887040996168456,0.16215602336577084,681264000
2004-05-26,0.17193762958049774,0.1742301291219377,0.167505767149508,0.16849888026833781,524568000
2004-05-27,0.17247223854064941,0.1773635247036561,0.1722429913141325,0.1747647517989447,556548000
2004-05-28,0.1791975349187851,0.1801906480884707,0.17323702487431247,0.17461253560111437,637980000
2004-06-01,0.1790444254875183,0.18087841729486834,0.17591103332903435,0.17614028059690587,318420000
2004-06-02,0.17766891419887543,0.1842410700198985,0.17751577751615882,0.1834001778705546,643800000
2004-06-03,0.1691105216741562,0.17812739740219835,0.1685750011164539,0.17774499984134767,700824000
2004-06-04,0.16742879152297974,0.1729307948133826,0.16727657033834908,0.1725493263383975,649608000
2004-06-07,0.17147916555404663,0.17338926789675638,0.1680404019675615,0.17017976523658046,571956000
2004-06-08,0.1684228628873825,0.17079147430875471,0.16590110106500686,0.17048611634915228,615000000
2004-06-09,0.16055123507976532,0.16964513669744732,0.1600166300468659,0.16941588946718064,498336000
2004-06-10,0.15894654393196106,0.16345543412954353,0.15749492216403396,0.16315007622484384,564516000
2004-06-14,0.1539800614118576,0.1581065676053093,0.15275678509821683,0.1581065676053093,424752000
2004-06-15,0.1562725305557251,0.15864114108421593,0.15482000722509218,0.15657790206459607,394584000
2004-06-16,0.15382690727710724,0.1568071629308224,0.1532152623573827,0.1558140495507085,252576000
2004-06-17,0.15077054500579834,0.15657791977403485,0.15000576337374705,0.15283379792315588,482376000
2004-06-18,0.15099981427192688,0.15520243130975453,0.14901267165674256,0.1516105437832603,534336000
2004-06-21,0.1483248770236969,0.15359763185601633,0.14733176382552404,0.1512290215559616,266568000
2004-06-22,0.15252752602100372,0.15321526789058978,0.14817177285610844,0.14916580178549407,430308000
2004-06-23,0.15512625873088837,0.15573698799822192,0.15168750929675429,0.15206897767031172,264660000
2004-06-24,0.15375082194805145,0.15978744483666626,0.1526045716874356,0.15925282593188364,590652000
2004-06-25,0.154743954539299,0.15657796064779092,0.15298605904208354,0.15482006515057545,329124000
2004-06-28,0.1534445583820343,0.15749494078021206,0.15283382883606542,0.1569603355054277,299376000
2004-06-29,0.15871724486351013,0.15894649209564043,0.15375076352092565,0.1543614791311558,363852000
2004-06-30,0.15642470121383667,0.15887035071313066,0.1545145994898574,0.1545145994898574,329268000
2004-07-01,0.14924189448356628,0.1584118942935994,0.1490126335568134,0.15818264703122406,505620000
2004-07-02,0.14717862010002136,0.15092272732232212,0.14603237029271887,0.15084661675051425,294948000
2004-07-06,0.13854321837425232,0.14694936490081598,0.136938474047601,0.14542073114892154,575388000
2004-07-07,0.13923102617263794,0.14320531145140103,0.13854327053691265,0.14030116585251282,344136000
2004-07-08,0.13495221734046936,0.14022497093911407,0.13472297015452242,0.13793247175089862,430056000
2004-07-09,0.12914398312568665,0.13495225895806864,0.12662222230947157,0.13479912228254806,1114500000
2004-07-12,0.12616372108459473,0.1291439762555557,0.1244828524676272,0.1255529917771721,676044000
2004-07-13,0.1259343922138214,0.12990865987689323,0.12455888230993498,0.127692272117315,567108000
2004-07-14,0.12035635113716125,0.12486525391056945,0.11791071462081358,0.12150260105927693,901608000
2004-07-15,0.11951547116041183,0.12287811030371755,0.11875160517186678,0.12157872372633723,611352000
2004-07-16,0.11600060760974884,0.12333661587336223,0.11600060760974884,0.12318347918948414,464700000
2004-07-19,0.11730002611875534,0.11859849750038472,0.11470123866418558,0.1163059971253429,461088000
2004-07-20,0.1196686252951622,0.1201271198592249,0.1160767247146977,0.11722297478923319,341544000
2004-07-21,0.11240872740745544,0.1216557677873659,0.11202725211345735,0.12150261743023756,613416000
2004-07-22,0.11477820575237274,0.11538893490606271,0.11004006389901717,0.11370806671220307,521460000
2004-07-23,0.1117209792137146,0.11569526403602771,0.11095711989449666,0.11554212733324737,371496000
2004-07-26,0.10858850926160812,0.114166623330645,0.10751836970202747,0.11317350987936095,503208000
2004-07-27,0.1121794804930687,0.11248576073041584,0.10576047418658541,0.10912312087459554,789888000
2004-07-28,0.10935235023498535,0.11233260560223383,0.10621895819027678,0.11195021483303766,505116000
2004-07-29,0.11653520911931992,0.11936324302161186,0.11034545178360108,0.11088097917330014,747360000
2004-07-30,0.11783457547426224,0.11997393812772279,0.11485432093352606,0.11508356812949648,403956000
2004-08-02,0.11936324834823608,0.11982174283902716,0.11592448500979684,0.11791071145649197,420984000
2004-08-03,0.11317349225282669,0.11997397284418858,0.11225649637141022,0.1198978622611851,741540000
2004-08-04,0.114395871758461,0.11546601126469754,0.1117980068540234,0.11195022803615062,507816000
2004-08-05,0.11126247048377991,0.11615374387450328,0.10927624383839478,0.1156182232395242,859920000
2004-08-06,0.07206066697835922,0.07794505929586834,0.07106755386293326,0.0772573108022311,5088948000
2004-08-09,0.07527017593383789,0.07695195320965323,0.07267231154116358,0.07389467198872984,1579212000
2004-08-10,0.08123070746660233,0.08199548920910917,0.07817434070154532,0.07947373452010692,2051916000
2004-08-11,0.07886209338903427,0.0801614803269789,0.0783274813329038,0.0801614803269789,963816000
2004-08-12,0.0770280584692955,0.07932055805406056,0.07687492181451126,0.07909131082845913,654384000
2004-08-13,0.08023758977651596,0.08077220182498396,0.07817433666763471,0.0788620922587219,815700000
2004-08-16,0.07947372645139694,0.08145994651696964,0.07886208832150937,0.07932058291642348,531732000
2004-08-17,0.08382945507764816,0.08428795636974984,0.08046681620743053,0.08123067530175236,744912000
2004-08-18,0.08940758556127548,0.08940758556127548,0.08352319181127453,0.08421094730452593,872424000
2004-08-19,0.08910218626260757,0.09047768977727785,0.0877266827479373,0.0888729390929222,724404000
2004-08-20,0.09437494724988937,0.09567341797399774,0.08833741229005036,0.08864369238229383,1199040000
2004-08-23,0.0964382216334343,0.09743133484072779,0.09536808233676819,0.09590269422849419,800028000
2004-08-24,0.0928463414311409,0.09827223373209751,0.09101234274597017,0.09781373235275755,939420000
2004-08-25,0.09681971371173859,0.0975074692694245,0.09315170912210977,0.0949096042382422,721308000
2004-08-26,0.09704895317554474,0.09766059121383247,0.09590270319554399,0.09666747791368137,612720000
2004-08-27,0.09888295084238052,0.10025845490469226,0.09704895225815362,0.09712597835400019,565128000
2004-08-30,0.09559734165668488,0.09903609854181598,0.09552123107091019,0.09850148658254454,628056000
2004-08-31,0.09521494060754776,0.09643822342465413,0.09223469224928696,0.09597972210057056,587064000
2004-09-01,0.09704895317554474,0.09842445041867014,0.09277022661524102,0.09399258717851676,591744000
2004-09-02,0.10102324932813644,0.10178711550699442,0.09659046975162328,0.09750747263876469,770088000
2004-09-03,0.09796593338251114,0.09995306820733466,0.09712595695521346,0.09796593338251114,715056000
2004-09-07,0.09613195061683655,0.10064084679317199,0.09483347946814943,0.0985775940929004,727332000
2004-09-08,0.09414573758840561,0.09704896732898556,0.09391649029184797,0.09620899058618347,834984000
2004-09-09,0.10354500263929367,0.10522586485342211,0.09597974598943221,0.09643824742763442,1299324000
2004-09-10,0.10751834511756897,0.10805295701839883,0.1014817241684242,0.10178708882366057,1039344000
2004-09-13,0.10958158224821091,0.1117209451973255,0.10721297207144455,0.10736519321444034,967752000
2004-09-14,0.11004012078046799,0.11080398695783883,0.10774762039926762,0.1085885126873651,683556000
2004-09-15,0.10392647236585617,0.10698375424326191,0.1025509681253896,0.1066774740145997,1163904000
2004-09-16,0.10782371461391449,0.1088938540446602,0.10530196047843249,0.10568435126575186,810024000
2004-09-17,0.1122564971446991,0.11286721967171572,0.10774760096080517,0.10866460368072728,1003800000
2004-09-20,0.11210334300994873,0.11531285222556333,0.10866459338435822,0.11004009050171915,794628000
2004-09-21,0.11508363485336304,0.11600063783328368,0.11324963572571253,0.11462514019559349,503904000
2004-09-22,0.10973475128412247,0.11477825295633848,0.10919922378729803,0.11202725142311253,625920000
2004-09-23,0.11072783917188644,0.1113394771171271,0.10782369478320918,0.11103319697183267,578664000
2004-09-24,0.1073651909828186,0.1113394745124494,0.10576043992604842,0.11118633785947855,476316000
2004-09-27,0.10545511543750763,0.1077476157191307,0.10354499915250462,0.10652525498436642,406020000
2004-09-28,0.1069837436079979,0.10790073951162733,0.10377424086482248,0.10522584872120828,474840000
2004-09-29,0.10958158224821091,0.112637947772308,0.10553119489666313,0.1069066919269491,537228000
2004-09-30,0.11095711588859558,0.11347887023047469,0.10874072626000555,0.11080397919134395,619680000
2004-10-01,0.11554206907749176,0.11615370006679493,0.1109570639504786,0.11149167570269573,590412000
2004-10-04,0.1188276931643486,0.12035632669975128,0.1163059465805904,0.11653519378559131,673932000
2004-10-05,0.11615374684333801,0.11898086571367049,0.11508360739497019,0.11592449956915052,633180000
2004-10-06,0.11661224067211151,0.11714684574149145,0.11324959473570151,0.1159244852700046,498504000
2004-10-07,0.11730002611875534,0.12142651859520255,0.116688381137545,0.11875163420795865,798072000
2004-10-08,0.11088099330663681,0.11653522397336753,0.10988696448771627,0.11607671578021769,693420000
2004-10-11,0.11103320866823196,0.11324959794126203,0.10904698899304628,0.11103320866823196,373848000
2004-10-12,0.10942845046520233,0.11026934250613411,0.10553119959625328,0.1072890874208161,827232000
2004-10-13,0.10874073952436447,0.11416663285640852,0.10782373659142565,0.11271501785579227,672816000
2004-10-14,0.10545511543750763,0.10973475811151462,0.10469124929331615,0.10973475811151462,513264000
2004-10-15,0.10255096852779388,0.10583750454093503,0.09995310356709278,0.10568436100990819,1280484000
2004-10-18,0.10438495129346848,0.10545509058816056,0.10109933834658655,0.10194022356782369,573972000
2004-10-19,0.10369718074798584,0.10782368514512634,0.1029333217276317,0.10675446151993397,618480000
2004-10-20,0.10492049902677536,0.10537900043033611,0.10278022002269158,0.10339185812117271,540204000
2004-10-21,0.10728911310434341,0.10866461735734871,0.10514974954782318,0.10598972627663493,1013964000
2004-10-22,0.10148172825574875,0.10851145588004289,0.10117545490713535,0.10828220862521613,686460000
2004-10-25,0.10194025188684464,0.10415572615449366,0.10041161085277409,0.10064086498991585,529164000
2004-10-26,0.11072783917188644,0.11607669748301772,0.1082821960718965,0.11195019954920732,2455776000
2004-10-27,0.11378421634435654,0.11584746906231962,0.10874071501437146,0.10874071501437146,1074036000
2004-10-28,0.11256182938814163,0.11462508162255255,0.1114916902312813,0.1122564716101862,561552000
2004-10-29,0.11057469993829727,0.11302034313240084,0.10958158675100906,0.11149170255096015,742860000
2004-11-01,0.11294425278902054,0.11302036337727926,0.11065175267890513,0.1121033606003574,653892000
2004-11-02,0.11454898864030838,0.11691759901627094,0.11172095459287203,0.11263795724497291,1095756000
2004-11-03,0.11561821401119232,0.11959249801138701,0.11500748468890007,0.11921010042587747,910356000
2004-11-04,0.11775849014520645,0.11921009785741583,0.1140134603079195,0.11645910358757251,995544000
2004-11-05,0.13479915261268616,0.1434345490420358,0.13327051838897824,0.13602151341644064,3849012000
2004-11-08,0.13625073432922363,0.13808473976848912,0.13273587379538032,0.13334751866769554,718620000
2004-11-09,0.13541080057621002,0.13739701394649237,0.13411139996782082,0.13418751056774014,615936000
2004-11-10,0.13541080057621002,0.1367092720067187,0.1346460188586365,0.13525765019849087,645912000
2004-11-11,0.1380847692489624,0.1380847692489624,0.13533376050273627,0.136250763418145,507000000
2004-11-12,0.13831402361392975,0.14060652418714886,0.13693852600287454,0.14022505565543583,647076000
2004-11-15,0.14037726819515228,0.14137129721311845,0.1360985407545267,0.13693851754764821,536472000
2004-11-16,0.1399187445640564,0.14236438120000824,0.13732087309741975,0.14083574727947046,472728000
2004-11-17,0.14228826761245728,0.1460323889782105,0.1407596337241964,0.14213513093608524,602772000
2004-11-18,0.14412225782871246,0.14534461823551664,0.14053035800427377,0.14351061303653118,532524000
2004-11-19,0.14488616585731506,0.1568832863806584,0.1437399020266782,0.15512630675798603,2126052000
2004-11-22,0.14901264011859894,0.14901264011859894,0.14404525605311874,0.14542075335231835,733788000
2004-11-23,0.14962425827980042,0.15122901622911727,0.14656697719109968,0.14779025309897423,676896000
2004-11-24,0.15023504197597504,0.15268067916449216,0.14908877807443835,0.14947117576757918,428580000
2004-11-26,0.1517636477947235,0.15313914508860604,0.14962428443562714,0.15092275563009264,350760000
2004-11-29,0.1487833857536316,0.1539800305082364,0.14748399910275142,0.15290989111889824,704388000
2004-11-30,0.14618554711341858,0.14954727137397736,0.1453446548754774,0.14939505018853944,576540000
2004-12-01,0.14985352754592896,0.14985352754592896,0.14641477757452423,0.14748400146771437,514572000
2004-12-02,0.1518397480249405,0.1529859979690617,0.1472547482484556,0.14840099819257682,758652000
2004-12-03,0.15841181576251984,0.16047506742981632,0.1549730675384826,0.1555076723812344,1347312000
2004-12-06,0.16597715020179749,0.1672765505264691,0.15634864216787772,0.15917576090274616,970500000
2004-12-07,0.17430627346038818,0.19073618463541153,0.17224302074049477,0.17568177071885788,2927052000
2004-12-08,0.1763695776462555,0.179579081295494,0.1749940799864052,0.17675197536945975,872724000
2004-12-09,0.17476482689380646,0.17659881915836695,0.16987445414260446,0.17323709440725915,869964000
2004-12-10,0.17812742292881012,0.1800375389872887,0.1770572835088613,0.17881516473310868,652848000
2004-12-13,0.17323705554008484,0.17774502956928445,0.17239616336810026,0.17545252950463933,738024000
2004-12-14,0.17675189673900604,0.17690503339712557,0.17308388639199324,0.1733892441950625,512988000
2004-12-15,0.17835667729377747,0.1788912961005537,0.1757588193276308,0.1785098139830437,432768000
2004-12-16,0.1807253062725067,0.18997234737789842,0.18041994837642739,0.18355334097981263,1524036000
2004-12-17,0.17621728777885437,0.1848517662479488,0.17415403526073683,0.18408790027710337,1214244000
2004-12-20,0.17430627346038818,0.18103156591324412,0.17338927073328247,0.178280557731927,898728000
2004-12-21,0.1756056845188141,0.17682805892983883,0.1700275704618733,0.17430629766403943,899400000
2004-12-22,0.17583492398262024,0.17996142949088284,0.17545252636465697,0.17912053733394726,421824000
2004-12-23,0.17629341781139374,0.17828055997213282,0.17400091779701166,0.17484180995055967,366972000
2004-12-27,0.17476482689380646,0.17950296477297684,0.17384782392933557,0.17873909852970318,308208000
2004-12-28,0.17384780943393707,0.1765226938361119,0.17316005385183353,0.17514719633628495,291612000
2004-12-29,0.17537640035152435,0.1775157635028443,0.17285465328025718,0.173313147778896,294732000
2004-12-30,0.1746886968612671,0.1769050865899237,0.17392483070294992,0.1754525493552045,259812000
2004-12-31,0.18003752827644348,0.18095451729428777,0.17652265422162042,0.17721040964938073,575964000
2005-01-03,0.18019065260887146,0.18890215699673968,0.17942678665303127,0.18630429946644778,1066716000
2005-01-04,0.17170843482017517,0.1817954386172018,0.16895742633132468,0.18149008073326003,790224000
2005-01-05,0.17331314086914062,0.17537639335950994,0.16895738864822238,0.1698743912733172,724812000
2005-01-06,0.171632319688797,0.17843279412847393,0.17040904349417516,0.17636954123249274,563568000
2005-01-07,0.16834570467472076,0.1733130864817051,0.16582394483097018,0.17201370035966893,763092000
2005-01-10,0.16872811317443848,0.1704089814788427,0.167735000139866,0.1688812498133363,579552000
2005-01-11,0.16353151202201843,0.1680404013178498,0.16100976482176513,0.1671233986092911,1093380000
2005-01-12,0.16215604543685913,0.16559479599555252,0.15818267600807664,0.16498406652849484,1057800000
2005-01-13,0.16383779048919678,0.168116517144149,0.15894651710129595,0.162538403800603,898764000
2005-01-14,0.16437241435050964,0.16727655933490532,0.162767656094831,0.1668941617072866,573912000
2005-01-18,0.16697022318840027,0.16735262070355528,0.16215597716599797,0.16253836101677865,464556000
2005-01-19,0.16315005719661713,0.16811652591527151,0.16246230169176978,0.16773505745725628,336492000
2005-01-20,0.16353151202201843,0.16750579621317457,0.15986351485216113,0.15986351485216113,640080000
2005-01-21,0.16383779048919678,0.16704729323707093,0.16322615926956813,0.16376076439091822,596352000
2005-01-24,0.15726563334465027,0.16528939628297498,0.1563486306947523,0.16292078591270254,463704000
2005-01-25,0.16001664102077484,0.16223303023182642,0.15703638582979576,0.15795338847812598,439704000
2005-01-26,0.16207993030548096,0.16429632001896805,0.15787731368990227,0.16055128248586395,429120000
2005-01-27,0.17507106065750122,0.17583492672764967,0.16139215722325875,0.16238527056647223,1002912000
2005-01-28,0.1748417615890503,0.1764465056894918,0.1710206150079896,0.17575876407403437,671052000
2005-01-31,0.175147145986557,0.17843275891536728,0.17270150959333955,0.17629339585096254,562968000
2005-02-01,0.17843274772167206,0.1791975291468954,0.1739247746356573,0.17499399834417992,507180000
2005-02-02,0.1883675456047058,0.18981915322797185,0.18019064654472788,0.18546340118062643,2035404000
2005-02-03,0.18638046085834503,0.18767984773437058,0.1837825889553661,0.18638046085834503,690120000
2005-02-04,0.19707906246185303,0.19761366753118595,0.18638041583881232,0.18645652641636534,806448000
2005-02-07,0.19470953941345215,0.20097632366040188,0.19295257372390215,0.19730832642230614,521628000
2005-02-08,0.19662059843540192,0.1997530754832631,0.1928755745767124,0.19348720587410434,455772000
2005-02-09,0.1897430270910263,0.19776677517003305,0.18874899849821597,0.19715514409969537,783756000
2005-02-10,0.19417496025562286,0.19516807369799857,0.1900484542709087,0.19073620982315426,602376000
2005-02-11,0.19983001053333282,0.20128163157931125,0.19226475751768934,0.1929525127607018,556512000
2005-02-14,0.19562654197216034,0.2005178289586981,0.19486268959288103,0.19975304740173339,432900000
2005-02-15,0.19738444685935974,0.20365031590578123,0.19662058077692024,0.19692595230585225,748500000
2005-02-16,0.19669662415981293,0.19960076817069441,0.19318176462848602,0.19677273472160825,466464000
2005-02-17,0.1949388086795807,0.1994476982521142,0.19341107652563058,0.19937158766485882,1017408000
2005-02-18,0.21602977812290192,0.2162590253416088,0.2041087587776446,0.2099170473132169,3132120000
2005-02-22,0.21878086030483246,0.22382436947217627,0.2126681270300392,0.21457824344727322,1420800000
2005-02-23,0.2116740643978119,0.2179408489029648,0.20815920369620694,0.2152659648642778,1107840000
2005-02-24,0.21725311875343323,0.21755847663173458,0.20877085981663152,0.20877085981663152,695496000
2005-02-25,0.2203855663537979,0.2215318163011212,0.2151898372247388,0.21755844770049054,525132000
2005-02-28,0.22153180837631226,0.22160883446793564,0.21740530324781415,0.21931633465529818,758064000
2005-03-01,0.22099722921848297,0.2261938746056624,0.21878083958726158,0.22252587698136114,737148000
2005-03-02,0.21450211107730865,0.21977486702065419,0.2132027242770916,0.21855159081193395,947460000
2005-03-03,0.21159791946411133,0.21534204049710462,0.2084645277201469,0.21396654340746352,761292000
2005-03-04,0.2106809765100479,0.2140436162256919,0.2089230814719389,0.21220961059618415,593124000
2005-03-07,0.21282026171684265,0.21725305326149635,0.21014629385388822,0.21159790139434906,511176000
2005-03-08,0.20204555988311768,0.21274420806531813,0.20067006254294426,0.21228571350671985,1332384000
2005-03-09,0.1967727690935135,0.20449117394147492,0.19616205346638943,0.20074705289333075,910140000
2005-03-10,0.19669662415981293,0.19914227377383972,0.19356323295050407,0.19738437941946874,689280000
2005-03-11,0.19226481020450592,0.1987599259312042,0.19050691541095474,0.19845456809469303,732180000
2005-03-14,0.1976897418498993,0.1985306337660523,0.19486263751144092,0.19623813439887342,572148000
2005-03-15,0.1937164068222046,0.20059390559809626,0.19356325650256406,0.1986837898877188,378108000
2005-03-16,0.19043077528476715,0.19600890112321437,0.19035374920263742,0.19295253569935678,535356000
2005-03-17,0.18851974606513977,0.19172924794073393,0.18806123798898391,0.19104149265868725,442584000
2005-03-18,0.18469953536987305,0.18928453465122633,0.18126078590885808,0.1886729035303222,639012000
2005-03-21,0.19104157388210297,0.19150006848881862,0.18347631722063465,0.18462256740180377,654456000
2005-03-22,0.18760274350643158,0.1929525236391178,0.18691498822464434,0.19119462922817917,622992000
2005-03-23,0.19165316224098206,0.19295254874500659,0.18699203863230074,0.1873735206806046,728784000
2005-03-24,0.19203557074069977,0.19738443674154807,0.1918824340595956,0.19218779190849672,865356000
2005-03-28,0.18989528715610504,0.19486268459928272,0.18806128175343176,0.19211167649527278,511188000
2005-03-29,0.1856926828622818,0.1918063306483429,0.18485179069034652,0.18966605175732154,587400000
2005-03-30,0.1856926828622818,0.18836758055157687,0.17934978780264527,0.18576879344902644,858708000
2005-03-31,0.18156616389751434,0.18592191643190603,0.18072527178755965,0.18462252980859525,518316000
2005-04-01,0.17980824410915375,0.1848517513770784,0.17873902040438122,0.18378252767230588,510756000
2005-04-04,0.17873907089233398,0.1793498003199769,0.17476479987095536,0.17881518148439063,421428000
2005-04-05,0.1756056845188141,0.18255930968960168,0.17453554496155402,0.17881518767715723,430128000
2005-04-06,0.17828062176704407,0.1818715942034664,0.1776689766700527,0.17889135135039666,567468000
2005-04-07,0.18156616389751434,0.18340016927969313,0.1761402719964899,0.17919755342084479,506352000
2005-04-08,0.1791975349187851,0.1863804053659517,0.17881513736166885,0.18233001108757405,621540000
2005-04-11,0.17568175494670868,0.18110766023809843,0.17514714987921584,0.18049601541571025,328380000
2005-04-12,0.177822083234787,0.17812744111899595,0.17124992672304074,0.175147185336228,512232000
2005-04-13,0.17040905356407166,0.1785098307810733,0.16926278974134304,0.17805133618348565,498408000
2005-04-14,0.169033482670784,0.17239612136165405,0.16842276709891643,0.17079137717316953,352080000
2005-04-15,0.16315005719661713,0.16811652591527151,0.16162140949569573,0.16689416526118223,630156000
2005-04-18,0.16200381517410278,0.16567181283183538,0.1612390335289908,0.16215603635951878,473100000
2005-04-19,0.1676580011844635,0.16888127713178883,0.16391388012928415,0.1646777460856013,365460000
2005-04-20,0.16253842413425446,0.17155530228626498,0.16238528743185981,0.17048607824542636,564672000
2005-04-21,0.1715552806854248,0.17216691190455727,0.1643724091415798,0.16582401699891317,538152000
2005-04-22,0.16995054483413696,0.17163232935838177,0.16796431793026156,0.17048607920318912,336276000
2005-04-25,0.17262542247772217,0.17392480918312214,0.17056216970851865,0.171403061871597,318168000
2005-04-26,0.17186157405376434,0.17629343790416102,0.16834579753308426,0.17270155078972596,353148000
2005-04-27,0.16528940200805664,0.16796428580830727,0.16185063853573767,0.1673526546256972,609348000
2005-04-28,0.1658240109682083,0.1680404003115591,0.1631500426187985,0.1647547871008833,372948000
2005-04-29,0.1675819605588913,0.16872821089623183,0.15986356613910152,0.16742882383130175,478356000
2005-05-02,0.16697022318840027,0.1714791251023997,0.1644484765732728,0.16956900954590556,334908000
2005-05-03,0.16605326533317566,0.17017977084136002,0.16536552352473025,0.1671234047595771,439512000
2005-05-04,0.17132601141929626,0.172549301126813,0.16628251711089834,0.16681803771908485,468816000
2005-05-05,0.1746886968612671,0.1768280604811184,0.17140308307940738,0.17232007227751028,619272000
2005-05-06,0.17705723643302917,0.17713426251079578,0.17270148483973044,0.1767518786611913,355728000
2005-05-09,0.18034379184246063,0.18156615229323914,0.17675190555318002,0.1778220448514179,745332000
2005-05-10,0.17331314086914062,0.17812740123479442,0.17132599895442852,0.17805129065913725,735120000
2005-05-11,0.17040905356407166,0.17499405419746725,0.17010368200578088,0.1742301880415888,555420000
2005-05-12,0.17415401339530945,0.17644651286886126,0.17025675609164653,0.17040899089027112,835584000
2005-05-13,0.19356326758861542,0.19463340687483183,0.1818715080684709,0.18989527076426915,2650320000
2005-05-16,0.19425107538700104,0.19555046226328807,0.19119470888087944,0.19127081947683203,664104000
2005-05-17,0.19639134407043457,0.19730834689118332,0.1929525937409111,0.19310481492470374,639804000
2005-05-18,0.19784292578697205,0.19830143396864439,0.19386957081504408,0.19593282347162622,550056000
2005-05-19,0.19746051728725433,0.19914230131239688,0.19524504374270138,0.1983014092998256,452880000
2005-05-20,0.20097626745700836,0.20105237801972448,0.19493874582815085,0.19723124516890614,517008000
2005-05-23,0.20563746988773346,0.20770072282516913,0.20174021130271513,0.20235185624450458,703668000
2005-05-24,0.20854158699512482,0.20930543935404758,0.20365030013893917,0.20464432893452772,522192000
2005-05-25,0.2058667093515396,0.20915232286986551,0.20387956708179422,0.20808309890242316,535272000
2005-05-26,0.2116740643978119,0.2132788226498575,0.20731831151994282,0.20770070914669578,788784000
2005-05-27,0.2102985382080078,0.21228568014956609,0.20808306453639325,0.21228568014956609,322740000
2005-05-31,0.20708905160427094,0.21113944637300797,0.20365030169970708,0.20938155154064686,763176000
2005-06-01,0.20900006592273712,0.21282028393879643,0.20326881655324502,0.2057135374535015,796632000
2005-06-02,0.21679461002349854,0.21679461002349854,0.20823532500147618,0.20823532500147618,684348000
2005-06-03,0.21625906229019165,0.21801694343603334,0.21396656238269166,0.2160298150323171,559620000
2005-06-06,0.2141958326101303,0.2165653588665402,0.21220960584232,0.21236182702170747,512892000
2005-06-07,0.20900006592273712,0.21625904722486805,0.20823528444320274,0.21274417336256662,974136000
2005-06-08,0.20754754543304443,0.2124388183239848,0.20533207174570509,0.20953467372433032,618720000
2005-06-09,0.21625906229019165,0.21633608838500235,0.20571355178418985,0.2059427990420644,619908000
2005-06-10,0.213814377784729,0.2162591130939897,0.21236185413706554,0.21602986578226016,465096000
2005-06-13,0.21855156123638153,0.22458909799563762,0.21335583210104497,0.2139665614415489,1409916000
2005-06-14,0.20563746988773346,0.22221959031498853,0.19875995554148815,0.21862861878975776,2408412000
2005-06-15,0.20502576231956482,0.20594276486325208,0.19692590340605717,0.20433800699570562,1669788000
2005-06-16,0.20609590411186218,0.20747140111254264,0.20196939944544556,0.20494965433389925,489240000
2005-06-17,0.20563746988773346,0.20900010963651766,0.20510285105149934,0.20861772564896047,456348000
2005-06-20,0.20877082645893097,0.2101463236259802,0.20227479536788423,0.20563743453863031,606060000
2005-06-21,0.2107570916414261,0.21175112058238882,0.20815921983739788,0.21014636220590618,428172000
2005-06-22,0.21052779257297516,0.21442505049802144,0.20792993490361272,0.21297344274819432,700668000
2005-06-23,0.213814377784729,0.21641224980630736,0.20938159809144002,0.21014637980391487,836976000
2005-06-24,0.20701295137405396,0.21350806756895493,0.2058667013485445,0.2134319569826582,475632000
2005-06-27,0.20533211529254913,0.20739535459863256,0.20349810961560896,0.20571358377280619,354588000
2005-06-28,0.20663054287433624,0.20800604000870382,0.20387953494122457,0.2061720347199627,262308000
2005-06-29,0.20472046732902527,0.20708907815152983,0.2030395983769703,0.20670760967688515,283572000
2005-06-30,0.2041858434677124,0.20800607585811787,0.20258109881177191,0.20609595966291513,593232000
2005-07-01,0.2051028609275818,0.20540823248866708,0.20097635485401152,0.20349811615695995,315168000
2005-07-05,0.20831233263015747,0.20915230926181036,0.2038795538167998,0.20586669595725599,388440000
2005-07-06,0.2138904184103012,0.21480740729864642,0.20663052222256362,0.20900004785496293,703632000
2005-07-07,0.21236179769039154,0.21396655577470775,0.20984005060289676,0.21052779235528069,465900000
2005-07-08,0.21503669023513794,0.2157244319719184,0.21091018515694882,0.21366117943282387,408132000
2005-07-11,0.21824616193771362,0.22046255083288152,0.21602977304254573,0.2169467618958085,399492000
2005-07-12,0.2170238494873047,0.21870470458220587,0.21259105705529582,0.218093059709773,564252000
2005-07-13,0.21732918918132782,0.21855154964641033,0.21366117860847758,0.2179408203382939,594780000
2005-07-14,0.2077006697654724,0.22390131757992154,0.20739529829710224,0.21962167610063318,1871496000
2005-07-15,0.2054842859506607,0.20770067507626855,0.20189330158659238,0.20708903027509187,1223352000
2005-07-18,0.20036466419696808,0.20494966351419536,0.19830141177134064,0.2048735529409264,1044900000
2005-07-19,0.20311565697193146,0.20357416509923307,0.20005930506139852,0.20158702326007835,517896000
2005-07-20,0.20617206394672394,0.20701295613304155,0.19799609240760815,0.20074708706632177,526500000
2005-07-21,0.20265720784664154,0.20441510284760234,0.19845459150985043,0.20349810005222677,594528000
2005-07-22,0.19738444685935974,0.2065544609089153,0.195932838946659,0.20365031590578123,699264000
2005-07-25,0.1985306590795517,0.20464430578548154,0.19425101756695798,0.19509190959032827,974952000
2005-07-26,0.20265720784664154,0.20296256571918111,0.1969259574560176,0.19768980989405557,759492000
2005-07-27,0.206783726811409,0.2077007296654001,0.19952382823851544,0.20296257869269724,807828000
2005-07-28,0.20838840305805206,0.20938151618025136,0.2035741567375691,0.20640126130051778,411240000
2005-07-29,0.206783726811409,0.2097639826707851,0.2051028578061743,0.20754759296265266,351660000
2005-08-01,0.2099170684814453,0.21083407111311916,0.20663054001335707,0.20800603712867968,389040000
2005-08-02,0.21274420619010925,0.2134319616863231,0.20984007484470632,0.21014634822331513,422652000
2005-08-03,0.21274420619010925,0.2147313484263983,0.210834103719529,0.21274420619010925,518256000
2005-08-04,0.21052779257297516,0.21205644007969068,0.2100692980709118,0.21113943741118704,356424000
2005-08-05,0.21587762236595154,0.21633613063562496,0.20877087399762329,0.21022248207428,684096000
2005-08-08,0.21664144098758698,0.2213795910287727,0.21511280713657113,0.21732919640896295,725544000
2005-08-09,0.21610690653324127,0.21748240416116882,0.213737366149397,0.2169468697241489,291900000
2005-08-10,0.2128973752260208,0.21809309161554502,0.21068098551796008,0.21702388123665736,440556000
2005-08-11,0.21587762236595154,0.21625910452577102,0.21083412705020374,0.2128973801027842,701556000
2005-08-12,0.22886785864830017,0.23085498734029453,0.2207679835510701,0.22856248710021532,2295420000
2005-08-15,0.2346760630607605,0.23704467302582916,0.22672841205977534,0.22963254251694057,882804000
2005-08-16,0.23070181906223297,0.23452295266266424,0.2290209504326185,0.2324597137827266,637488000
2005-08-17,0.23070181906223297,0.2335298531003233,0.22955556916698913,0.22970869217113885,607572000
2005-08-18,0.22474130988121033,0.23009107732028689,0.2237481966491647,0.22894484108327004,822732000
2005-08-19,0.22313657402992249,0.22581147168007606,0.22244883221925987,0.22512371620503543,422232000
2005-08-22,0.22130253911018372,0.22634604670623812,0.218704681568835,0.22275507596606298,547224000
2005-08-23,0.2227550745010376,0.22390132435655086,0.22030943812679268,0.22107329041648402,254460000
2005-08-24,0.22290731966495514,0.22764545626066804,0.22023335127761534,0.22130256149572963,514620000
2005-08-25,0.2244359254837036,0.22565829955722858,0.2219902891522212,0.2239013204415874,296484000
2005-08-26,0.22099722921848297,0.22466524050716338,0.21885786569268073,0.22466524050716338,323436000
2005-08-29,0.2213795781135559,0.2216088253525147,0.217176047066338,0.2189339280671326,343392000
2005-08-30,0.22932635247707367,0.22986188682794256,0.22069187223337602,0.22099723011607827,948852000
2005-08-31,0.23444686830043793,0.23735008406319905,0.22810397328971802,0.22879172876951853,906804000
2005-09-01,0.23452305793762207,0.23666240835553895,0.23253592874333,0.23375919161418637,556884000
2005-09-02,0.23070181906223297,0.23498144715501113,0.2299379530816889,0.23498144715501113,469800000
2005-09-06,0.23261290788650513,0.23383526873301855,0.2280279069040948,0.23154276824181338,423096000
2005-09-07,0.24002492427825928,0.24063654166192716,0.2316958050598775,0.23230652059485632,588012000
2005-09-08,0.24285218119621277,0.24583243771224558,0.23857345305337557,0.23857345305337557,646116000
2005-09-09,0.2459854781627655,0.24652011061921225,0.2414765886728213,0.2454508730350749,454236000
2005-09-12,0.2451445311307907,0.24697853611413795,0.24224131619097747,0.24621467026470584,556584000
2005-09-13,0.25255754590034485,0.25377990607835466,0.24399826445086945,0.24399826445086945,854724000
2005-09-14,0.24950042366981506,0.25400931419952355,0.24835414605777234,0.2506466739530953,503448000
2005-09-15,0.2539331316947937,0.25676023671183,0.2517928529410796,0.2533214868356733,759756000
2005-09-16,0.2540852725505829,0.25744791078205925,0.2520220068797659,0.25607240033484796,519828000
2005-09-19,0.25049448013305664,0.2546209597410074,0.24911896871122943,0.25378008095736676,428316000
2005-09-20,0.25538456439971924,0.25821169495846374,0.25209896694179257,0.25240431092513554,522192000
2005-09-21,0.2531682848930359,0.25943506768658114,0.2509528251866793,0.2543915743619435,625656000
2005-09-22,0.24636785686016083,0.25377996112115303,0.24185894063785943,0.25377996112115303,739152000
2005-09-23,0.24995891749858856,0.252099196851313,0.24376914412614084,0.24583241102654418,314640000
2005-09-26,0.2520220875740051,0.2537799823990877,0.2473609771380619,0.2518698664096542,406776000
2005-09-27,0.2528630197048187,0.25530864289976424,0.25095290351637634,0.2530922533241373,404160000
2005-09-28,0.254391610622406,0.25507936602123993,0.2507236000477938,0.25362681546877147,353556000
2005-09-29,0.25966429710388184,0.25981651821813745,0.2524043884462305,0.25446765409866684,513372000
2005-09-30,0.26195698976516724,0.2643256012442506,0.25928210480538,0.2598167101261197,458832000
2005-10-03,0.2691397964954376,0.2710499127880828,0.26287391325302617,0.26501329050625455,549888000
2005-10-04,0.26562491059303284,0.2747178711327197,0.26501326569157146,0.27028602133243435,514476000
2005-10-05,0.2568364143371582,0.2659303057988778,0.255231669441807,0.2659303057988778,599184000
2005-10-06,0.25591936707496643,0.26050436706780117,0.24820186312331435,0.25653098462640317,685512000
2005-10-07,0.2526337504386902,0.25897664556954436,0.25064662187656644,0.2563778721021933,551952000
2005-10-10,0.24621468782424927,0.25439158660351446,0.2461385772542379,0.25393309215716586,459216000
2005-10-11,0.24315837025642395,0.24927110238929673,0.24033033594499775,0.2471317253961832,540048000
2005-10-12,0.2460615634918213,0.2498066138631304,0.24216431929316756,0.24247059263183712,657660000
2005-10-13,0.24476324021816254,0.24590949081154387,0.23536397442092766,0.24552710666394853,509304000
2005-10-14,0.24476324021816254,0.24957750364187206,0.24071284324023898,0.24652023415991872,311256000
2005-10-17,0.24713169038295746,0.2495773403962298,0.2449153012699124,0.2449153012699124,243912000
2005-10-18,0.24308133125305176,0.2485072371112022,0.24147658670534602,0.24804874257310855,299832000
2005-10-19,0.24101807177066803,0.24140045569116061,0.2331474453888769,0.23994886161448223,635952000
2005-10-20,0.24269987642765045,0.24774337100314822,0.2403303366459744,0.24140047607012374,359520000
2005-10-21,0.24407534301280975,0.2475902029873783,0.24239355900815263,0.24682633706959978,298368000
2005-10-24,0.250723659992218,0.250723659992218,0.24399838020786213,0.24621476993751595,291012000
2005-10-25,0.25232839584350586,0.25309226197519225,0.24797265631123258,0.24904186666277986,334680000
2005-10-26,0.24545089900493622,0.252939142953244,0.24506851500851015,0.2524045104402306,415344000
2005-10-27,0.24033024907112122,0.2466731416928349,0.23956638329286772,0.24590927591458145,227784000
2005-10-28,0.24774335324764252,0.2482018477527814,0.2349814537110001,0.24094196426406772,464640000
2005-10-31,0.2563779056072235,0.2581358007873087,0.24873653825742498,0.24873653825742498,432420000
2005-11-01,0.2532452940940857,0.25828878681045053,0.25125813899768834,0.2563777695999685,400488000
2005-11-02,0.26791733503341675,0.2682226791447052,0.2521751831421261,0.25332143285659603,523668000
2005-11-03,0.2647840082645416,0.27127912461675385,0.2626446585120155,0.2697514197738019,465072000
2005-11-04,0.26027512550354004,0.2655478813533931,0.2575241307688908,0.2649371656054499,570276000
2005-11-07,0.2591288983821869,0.2625676489374053,0.2580596879718493,0.2616506597208511,370824000
2005-11-08,0.254314661026001,0.26035221327276187,0.25316841073116575,0.2601229522822897,538968000
2005-11-09,0.2657771408557892,0.26745892526569787,0.25194600201012063,0.25485014708702736,818880000
2005-11-10,0.25591936707496643,0.2809846458665896,0.25095288498201973,0.27502416227315785,2503620000
2005-11-11,0.2601228654384613,0.26317923125457643,0.25698948719470766,0.2581357371068594,545928000
2005-11-14,0.26562491059303284,0.2674589161196925,0.2562256493493748,0.26019900460018436,493668000
2005-11-15,0.26623567938804626,0.26975146996794025,0.2653957025577526,0.26722970845000205,496200000
2005-11-16,0.26531848311424255,0.2679933932033508,0.2601227697208571,0.26654177233265164,455280000
2005-11-17,0.27708733081817627,0.2773165916909721,0.2644015443043073,0.2675349493145922,703260000
2005-11-18,0.2765518128871918,0.2802968628417666,0.2711268373230541,0.2780043359655257,465768000
2005-11-21,0.28144317865371704,0.2819016732050469,0.27502417294882936,0.27685815115414864,454704000
2005-11-22,0.2889314293861389,0.2916824243537388,0.2806784171545793,0.2828948069191136,731700000
2005-11-23,0.28809142112731934,0.2922940373802994,0.28656278710397143,0.2892376711825849,411948000
2005-11-25,0.29091861844062805,0.29137711309899794,0.287479840180946,0.2894669965315481,116676000
2005-11-28,0.2894669473171234,0.29420416896335266,0.2842703019126892,0.29168240777791693,424524000
2005-11-29,0.2711268365383148,0.2800676011449003,0.2699035743497706,0.27234919687810183,1043136000
2005-11-30,0.276246577501297,0.27762206137398404,0.2691398151750836,0.26921592577462333,575448000
2005-12-01,0.2795320451259613,0.2808314451111404,0.2755586911131914,0.2785389457493146,562032000
2005-12-02,0.27960920333862305,0.28151931966657473,0.2758641521005552,0.28083156410087196,334476000
2005-12-05,0.2744125425815582,0.28021990369014893,0.2734955261015641,0.28021990369014893,387708000
2005-12-06,0.27555862069129944,0.27930274020828666,0.2744884818472874,0.27487086559276513,375252000
2005-12-07,0.2760172188282013,0.2783097184666746,0.27127906922850703,0.2766288636128933,352668000
2005-12-08,0.2738008499145508,0.27815661594549296,0.27066837354302886,0.2745656177495272,386664000
2005-12-09,0.2776981592178345,0.27808057055371926,0.27082065818402484,0.27464179270805467,262896000
2005-12-12,0.2817484736442566,0.28236011844136577,0.2780043526425877,0.2784628744425921,281136000
2005-12-13,0.2854164242744446,0.28786207377292966,0.28021978119605107,0.2822830195487958,443412000
2005-12-14,0.28274160623550415,0.2846526239110607,0.27937986906262546,0.2832771131405985,287472000
2005-12-15,0.2791506052017212,0.2846525930291556,0.2762464609756502,0.2825123146811362,332724000
2005-12-16,0.2815953493118286,0.28281861157149435,0.2774688444326206,0.2801437280020575,1065600000
2005-12-19,0.27693429589271545,0.28427031893368704,0.27624656764528943,0.28220705220512876,292296000
2005-12-20,0.2767811417579651,0.280831536834499,0.2731131306495228,0.2766289205814163,304356000
2005-12-21,0.276246577501297,0.28037308377688025,0.27372481607489585,0.2780805833269741,289380000
2005-12-22,0.28465262055397034,0.28495799203072225,0.27594111621087225,0.2760172267856668,318336000
2005-12-23,0.2868680953979492,0.2872504792817393,0.28350635841046345,0.2854164741318488,214536000
2005-12-27,0.28862595558166504,0.29175936077795667,0.28564572803089755,0.28656271691901825,367968000
2005-12-28,0.29130101203918457,0.2922180013859724,0.28679212125541853,0.2886260999489942,264420000
2005-12-29,0.2848048508167267,0.29206476139184456,0.28358249035053656,0.29114774508342456,310464000
2005-12-30,0.2793799340724945,0.28327717905733074,0.2782336839399686,0.28320016661488606,229608000
2006-01-03,0.2920648157596588,0.2942041656037555,0.28006768224097595,0.28098467139134026,472812000
2006-01-04,0.3002416789531708,0.3007002008409923,0.29122389963430023,0.29428119502782024,510072000
2006-01-05,0.30704206228256226,0.30757759642564336,0.2997830822620082,0.30031768722766206,646092000
2006-01-06,0.31208565831184387,0.3132319082610827,0.29840767135110813,0.3105579262787907,623388000
2006-01-09,0.3207972049713135,0.3224789620826049,0.31124572205559164,0.31193345025126995,560484000
2006-01-10,0.3208741843700409,0.3208741843700409,0.315219045054426,0.31926943986410694,339660000
2006-01-11,0.3324889838695526,0.33432296225663866,0.3206450001537389,0.32117960534549217,626304000
2006-01-12,0.32775163650512695,0.3375323779400008,0.3253821244585618,0.33241277365725447,495504000
2006-01-13,0.32484760880470276,0.32966184294579076,0.3202625809632362,0.3269869586970316,421296000
2006-01-17,0.32461830973625183,0.3247714600822965,0.31613603792058337,0.32041569370935086,329232000
2006-01-18,0.3262992203235626,0.3273693599149343,0.3117803518857146,0.31476060784154136,459948000
2006-01-19,0.3444099426269531,0.34891883216754593,0.33004422652461385,0.33065494224502595,914760000
2006-01-20,0.3347814381122589,0.34891882204427804,0.3347053275277509,0.34494546693038036,461604000
2006-01-23,0.33669227361679077,0.3395193772006238,0.33279503119860876,0.3373800287091149,334884000
2006-01-24,0.3383733630180359,0.3454040144343728,0.33653938460207267,0.3374563738100543,388896000
2006-01-25,0.3353930115699768,0.34227051009682363,0.33134261755641886,0.3400541211561748,400236000
2006-01-26,0.3468555212020874,0.34716089266342404,0.3381440172987494,0.3402833665681565,448836000
2006-01-27,0.3534276485443115,0.3573248920786421,0.3484602385404014,0.35136438267643155,385044000
2006-01-30,0.349453330039978,0.35533770095517675,0.3478485587504835,0.35495531714218637,315780000
2006-01-31,0.34356996417045593,0.3496065858225813,0.3408950801605381,0.34769646972918755,384456000
2006-02-01,0.3437992334365845,0.3451747444324059,0.3360808272630198,0.3373802276706794,450852000
2006-02-02,0.3333298861980438,0.3471610269821329,0.33279528096823174,0.3469317660030462,473736000
2006-02-03,0.33638617396354675,0.3405126793176621,0.33012031901420735,0.3311904584006536,504252000
2006-02-06,0.3458625376224518,0.34624401981271535,0.33401765089214136,0.33546927274902427,363468000
2006-02-07,0.3335590064525604,0.34655013761778586,0.33340585613848617,0.34655013761778586,399408000
2006-02-08,0.3431874215602875,0.3431874215602875,0.3345520304766119,0.3345520304766119,393072000
2006-02-09,0.3373801112174988,0.3496064736193979,0.33523983302538257,0.34425760916519244,437100000
2006-02-10,0.33546921610832214,0.3401312288491657,0.32759858860766294,0.33860259479875776,414996000
2006-02-13,0.3366154134273529,0.33898492564571814,0.3321074262702643,0.33439992606208224,280740000
2006-02-14,0.33722710609436035,0.3384494668404329,0.3327952558558275,0.3366154884611752,342348000
2006-02-15,0.3437221944332123,0.3446392108753799,0.3356984440402199,0.33653934989405687,493296000
2006-02-16,0.36068660020828247,0.36145139523746506,0.34777248205015676,0.35014109201886445,1305888000
2006-02-17,0.3627498745918274,0.38758591394543257,0.3606866086825961,0.3872035300862315,2356956000
2006-02-21,0.3550323247909546,0.36259757686934196,0.3518989203812951,0.3619859322620594,684060000
2006-02-22,0.35442081093788147,0.357247915833875,0.34158280101838856,0.3499889343053862,939756000
2006-02-23,0.3489949405193329,0.35572024682255227,0.3480018408450171,0.3533507070096365,385128000
2006-02-24,0.34891876578330994,0.35472615275302294,0.3470847879443186,0.35052353738555425,416412000
2006-02-27,0.3630562424659729,0.3652717300855728,0.34792573117155073,0.3515937421910338,666468000
2006-02-28,0.36015209555625916,0.36450786203429836,0.35663723490646665,0.3614514959272583,563316000
2006-03-01,0.37383103370666504,0.3759703835204951,0.35915901620710233,0.361451516379338,703932000
2006-03-02,0.3743656873703003,0.3796384439153575,0.36955142545334346,0.37344867078533833,545460000
2006-03-03,0.37566494941711426,0.3821600922024845,0.3702390714292144,0.3709268268320959,595800000
2006-03-06,0.37490013241767883,0.38552268074723894,0.37306612736011846,0.3830009203769997,529020000
2006-03-07,0.3684811294078827,0.3778803882736156,0.3610690259180632,0.3749771732082296,606204000
2006-03-08,0.3666471838951111,0.37046834495432124,0.3535038295301955,0.3685582290135363,670800000
2006-03-09,0.3685581684112549,0.3772696719448532,0.3683289075306011,0.37107990145469805,536700000
2006-03-10,0.36213919520378113,0.37283692584267036,0.35885266682208306,0.36817578856624483,521580000
2006-03-13,0.36649495363235474,0.36825191919138933,0.3630562039150151,0.3658071982231361,372132000
2006-03-14,0.3766581416130066,0.3781867756879497,0.36542487429499915,0.3668003853392475,627792000
2006-03-15,0.38269487023353577,0.38323040472316416,0.3759704908272533,0.3774221128667303,510600000
2006-03-16,0.3697044849395752,0.3838409664584884,0.3684050846461534,0.38338247194310915,568416000
2006-03-17,0.37268468737602234,0.3736777868472701,0.3624445225070123,0.36794653789675613,618588000
2006-03-20,0.3698567748069763,0.3760465202362876,0.36947529265110435,0.3759704096406788,293772000
2006-03-21,0.3881205916404724,0.3950742292116481,0.3779574924874897,0.3881205916404724,1235472000
2006-03-22,0.37696337699890137,0.3800967546078856,0.36848110750434004,0.3782627496542305,1158576000
2006-03-23,0.38399404287338257,0.3855227039033712,0.373983166016292,0.3782627938047316,661992000
2006-03-24,0.3969852328300476,0.3976729882373769,0.3843764839011063,0.3849871995526833,687936000
2006-03-27,0.40768298506736755,0.4079892584222044,0.39599122452547975,0.3972906248290781,651444000
2006-03-28,0.4139496982097626,0.4193746737341718,0.4050089336427747,0.4058489101057799,795204000
2006-03-29,0.4361869990825653,0.43695086503532315,0.4122679459790599,0.41570669553970424,987096000
2006-03-30,0.4391673505306244,0.44153596133232503,0.42877405981571887,0.4366455893679872,1063308000
2006-03-31,0.43756261467933655,0.4449747206271303,0.4348877031017829,0.4388610859937585,835560000
2006-04-03,0.44245287775993347,0.4485665385938018,0.4343530177642833,0.439855033761477,968916000
2006-04-04,0.46316152811050415,0.46384928350637084,0.4426060153039838,0.44306450979164397,1200612000
2006-04-05,0.4669063687324524,0.46919886760411034,0.45246359304651657,0.46232137098913645,1112976000
2006-04-06,0.46782350540161133,0.4713383653685873,0.4592641952803419,0.4656832269469043,789312000
2006-04-07,0.4666003882884979,0.46996302835569465,0.4574303865110244,0.46583654941884034,682674000
2006-04-10,0.4585004448890686,0.4682821172617295,0.454985584245982,0.4655310953529508,634230000
2006-04-11,0.44734326004981995,0.4600290765340757,0.4445922656471585,0.4600290765340757,702072000
2006-04-12,0.46537792682647705,0.4678235771185458,0.4478017659421269,0.4502474162341956,598308000
2006-04-13,0.4523867666721344,0.4606397496064809,0.45055276135491734,0.4554440343238215,738360000
2006-04-17,0.4536100924015045,0.4649194973767417,0.4499420812544425,0.45162296380083117,443868000
2006-04-18,0.4429113566875458,0.4456623507552942,0.43083718652512204,0.44550920043436537,1165488000
2006-04-19,0.4456624686717987,0.45055284065254714,0.43404681722127497,0.4401604517517886,517476000
2006-04-20,0.44505074620246887,0.4529983849884674,0.43435301494894785,0.44168903623098976,552684000
2006-04-21,0.4290032982826233,0.44826031543557115,0.4238075550465187,0.4464263098978489,770016000
2006-04-24,0.44214752316474915,0.4464262493876606,0.4241128690888534,0.43175423440333655,676848000
2006-04-25,0.4418413043022156,0.44291144374649083,0.4294617875708957,0.4371040556764174,719766000
2006-04-26,0.43878495693206787,0.450247457731531,0.4340468062547016,0.4435230802806765,330528000
2006-04-27,0.44581547379493713,0.4499419509796681,0.42762767183257466,0.4371039430107847,462966000
2006-04-28,0.44657936692237854,0.4522345330526818,0.44229973890302315,0.4461208724378977,284736000
2006-05-01,0.4722553789615631,0.48096691068065717,0.4496357259412418,0.4496357259412418,902472000
2006-05-02,0.4716438353061676,0.4814254531820633,0.46354397445368156,0.4757703135796363,539700000
2006-05-03,0.47470125555992126,0.4798970004304259,0.46583662393965203,0.46629509130735447,378114000
2006-05-04,0.4716438353061676,0.4768404530304256,0.4629323022235481,0.46537795265133136,511128000
2006-05-05,0.47806277871131897,0.47974459026930927,0.4675172682018767,0.47408945108024625,338184000
2006-05-08,0.47592341899871826,0.4872328226156178,0.47149156961746475,0.4768404080109684,503622000
2006-05-09,0.4614045321941376,0.47775745756612326,0.46079291467172695,0.47531180733911127,561648000
2006-05-10,0.4511643350124359,0.4612513490014612,0.4465793087783341,0.4559024568993748,753264000
2006-05-11,0.43511685729026794,0.46002903710482645,0.43160199717505005,0.455749381863694,1201110000
2006-05-12,0.40241023898124695,0.4268639000040623,0.3933933620936338,0.4247245503733219,1568172000
2006-05-15,0.4082184433937073,0.41173330320721324,0.398131429209363,0.40164628902286903,553380000
2006-05-16,0.3975198268890381,0.41066320785599636,0.39492198299434506,0.4105109867039388,497532000
2006-05-17,0.3814723491668701,0.3984368645633355,0.3744416992347301,0.396144364698577,841074000
2006-05-18,0.36420246958732605,0.3881967062202173,0.36374397507091627,0.3845287227601847,686730000
2006-05-19,0.3718438744544983,0.38055538049766247,0.36389623451231856,0.3675642456869426,932808000
2006-05-22,0.3668002784252167,0.3706214115742941,0.35671326414130133,0.36985664383522926,734886000
2006-05-23,0.36282703280448914,0.3831532901282982,0.36129839860214746,0.3744417832224638,532314000
2006-05-24,0.36756426095962524,0.3784160464263479,0.3577835168727308,0.3660365286941777,579522000
2006-05-25,0.3655780255794525,0.3799437424967666,0.3635908695988934,0.3744417529633675,423666000
2006-05-26,0.36634179949760437,0.36939816503702066,0.3625206388579925,0.3669534169477518,294642000
2006-05-30,0.3510582149028778,0.36710571560874583,0.35090599372697634,0.36695349443284436,448788000
2006-05-31,0.3512113690376282,0.359159036835363,0.3490720191009248,0.3557963969741978,598422000
2006-06-01,0.3695513904094696,0.3695513904094696,0.3496827269481632,0.3551847439499051,537126000
2006-06-02,0.36420246958732605,0.3773458515235507,0.36053445879853874,0.37551184612915706,673710000
2006-06-05,0.34891876578330994,0.3689396449777134,0.3478486265418004,0.362215296417256,581052000
2006-06-06,0.3395957350730896,0.3536570383730102,0.33012038912957953,0.35335076495120243,824130000
2006-06-07,0.33348289132118225,0.34387524953616594,0.3308840912199503,0.34326360479448226,565380000
2006-06-08,0.3273692727088928,0.33394142785155484,0.31422591892992063,0.32966177247518735,730572000
2006-06-09,0.3262992203235626,0.33730322759882125,0.32354822533693806,0.3316490164313348,433824000
2006-06-12,0.3082655966281891,0.3249238481226592,0.30643159023077726,0.3206451193141419,463230000
2006-06-13,0.303527295589447,0.314378178248141,0.3006231506518033,0.30811229567864085,532548000
2006-06-14,0.31239190697669983,0.3133088959321245,0.30215174149525253,0.3053612574967435,480492000
2006-06-15,0.3397487998008728,0.34081893914483746,0.32125565068840267,0.323854423879976,837336000
2006-06-16,0.331037312746048,0.33837330718572595,0.32782779639016957,0.33745631812904947,503448000
2006-06-19,0.3211033344268799,0.336386060981109,0.3203385394763953,0.33470520647228086,388044000
2006-06-20,0.3160598576068878,0.32324272749821464,0.31101636421348644,0.3122387245215892,535818000
2006-06-21,0.31957486271858215,0.32461835797414257,0.3146844905030648,0.3146844905030648,441174000
2006-06-22,0.3102516531944275,0.32400665259713607,0.30811227630547056,0.3230896635684573,532338000
2006-06-23,0.3104047179222107,0.3168237219039496,0.30673673516746663,0.30964085204845515,335202000
2006-06-26,0.3075006604194641,0.31330895047672286,0.30597295556993026,0.3099463108905609,281736000
2006-06-27,0.29771992564201355,0.309640920037793,0.29359342022419427,0.3093346466763075,608514000
2006-06-28,0.31422585248947144,0.31911619514425976,0.2922178211262054,0.3000123350807733,833376000
2006-06-29,0.3284394443035126,0.3284394443035126,0.30459742799293005,0.3056666382267468,687666000
2006-06-30,0.3253821134567261,0.3368446111971638,0.32293739276943956,0.3316488965179223,468240000
2006-07-03,0.33012035489082336,0.33317669386189247,0.32782782737494237,0.3328713496496195,174696000
2006-07-05,0.31529518961906433,0.32782783016405187,0.31529518961906433,0.32492371234990575,459708000
2006-07-06,0.30551451444625854,0.3183525294234366,0.30230502436634615,0.3152952605606999,470634000
2006-07-07,0.2960381507873535,0.30826544626254615,0.29267641315294496,0.30765380136903503,541230000
2006-07-10,0.28320014476776123,0.2989423011860621,0.2806022731517077,0.2968029241218971,449922000
2006-07-11,0.2926764488220215,0.29374568654040295,0.27815667885969375,0.2822831575829983,600582000
2006-07-12,0.2786151170730591,0.2949688894520513,0.27830974557536625,0.29160625023940456,461034000
2006-07-13,0.2714322805404663,0.2812139260769289,0.2700567695168127,0.27433642561617566,540582000
2006-07-14,0.27005666494369507,0.2780043018140024,0.2624153013403522,0.2764756683538742,572148000
2006-07-17,0.2721962034702301,0.2752534722126281,0.26745898099463566,0.2688344649767008,502806000
2006-07-18,0.2870212197303772,0.2899253641249257,0.27143221687661906,0.2815192315837572,979332000
2006-07-19,0.2995540201663971,0.3032220048173055,0.2836587094646095,0.2857989889070091,1055550000
2006-07-20,0.2935934066772461,0.31025164874731864,0.2931349121694787,0.3049027830059015,505602000
2006-07-21,0.2715853452682495,0.28488187609921156,0.2694450667535177,0.28365858651756254,633918000
2006-07-24,0.2989422380924225,0.3058197369054822,0.2801437194737252,0.28167235315955474,983178000
2006-07-25,0.309487909078598,0.3126973992718849,0.298178528133287,0.30261040666832734,574104000
2006-07-26,0.309487909078598,0.31315592129558184,0.3003178785361385,0.309487909078598,495318000
2006-07-27,0.31391972303390503,0.3262992423006482,0.30826551148559306,0.3134612283933802,694338000
2006-07-28,0.34647315740585327,0.34708480221275934,0.32018639570135643,0.32202040094449386,815298000
2006-07-31,0.3383733630180359,0.3463210309711143,0.3374563738100543,0.3428052406740284,594762000
2006-08-01,0.32477128505706787,0.3348582686332129,0.31865762710754697,0.3342466240851045,600966000
2006-08-02,0.3496825695037842,0.35136435322787946,0.33119035462900787,0.3319541930906088,756774000
2006-08-03,0.37169063091278076,0.38116690183343116,0.3435698678055315,0.34846023806017157,890568000
2006-08-04,0.3666471838951111,0.38208399463491743,0.35717181292253725,0.3814723497888547,818232000
2006-08-07,0.3623683750629425,0.36695337375679943,0.3553377267188862,0.36022809684185614,436146000
2006-08-08,0.3719969391822815,0.37979142697321255,0.36435464520685507,0.36527166145380363,619806000
2006-08-09,0.3718438744544983,0.3897254084342227,0.369092879737909,0.37933301983203943,584706000
2006-08-10,0.3692460060119629,0.3713853831544263,0.3614515163583181,0.3677173719475595,1072140000
2006-08-11,0.35763034224510193,0.3669534929647923,0.3411243470508523,0.34234670768433195,1603272000
2006-08-14,0.3557964265346527,0.36573029472721974,0.3538092702934771,0.3620622830047202,809412000
2006-08-15,0.39003077149391174,0.39201792753432324,0.3614515306517984,0.3649663916392626,902172000
2006-08-16,0.41799917817115784,0.41968096218412576,0.38208395212636814,0.3921709394940281,1029246000
2006-08-17,0.4114280343055725,0.4236544280498324,0.4073015287165803,0.41280354527815544,814224000
2006-08-18,0.41815245151519775,0.42029180143697725,0.3975199215952224,0.41188659560942315,665898000
2006-08-21,0.4027165472507477,0.41265041405834657,0.40179955811234913,0.41188657527852185,500220000
2006-08-22,0.40210482478141785,0.41326197929302655,0.4011878358198507,0.4014932073003463,473928000
2006-08-23,0.4017994701862335,0.4092876848218522,0.3929348156377024,0.4051611799445498,485412000
2006-08-24,0.40592604875564575,0.40806539849204954,0.39644974769285374,0.40286875340855155,260802000
2006-08-25,0.4047028124332428,0.41188661435621504,0.3988954508549801,0.4028688066536869,238314000
2006-08-28,0.41861093044281006,0.4305319533568856,0.4106632903266733,0.4114280582933944,764562000
2006-08-29,0.43756261467933655,0.43954884153642565,0.419527956849758,0.4225843232419245,727962000
2006-08-30,0.44657936692237854,0.4511643937534448,0.4389380017014693,0.4400072391518664,681564000
2006-08-31,0.4448985755443573,0.4474964471496051,0.435270080679719,0.4455092912687679,511278000
2006-09-01,0.42625218629837036,0.44184121641263596,0.42457133146851,0.43832632910359626,605742000
2006-09-05,0.4355754256248474,0.4372562808042594,0.4213619305784952,0.42762778592310186,549354000
2006-09-06,0.4137205183506012,0.42854475578565276,0.4126503789446902,0.4279340400876117,493572000
2006-09-07,0.42197364568710327,0.4312958966756668,0.4025635010859473,0.4069953519230942,742836000
2006-09-08,0.4233490526676178,0.43053192433280396,0.41402590212721585,0.42869791882898794,447978000
2006-09-11,0.4299202263355255,0.4348114991979207,0.40913547997349203,0.4138727006558811,598266000
2006-09-12,0.4412304759025574,0.4439814973076459,0.4268638334127811,0.42793397265005023,498432000
2006-09-13,0.44474542140960693,0.4505527817872387,0.4409242602673894,0.4422997711498692,476286000
2006-09-14,0.4430645704269409,0.4508590870988882,0.437256280459949,0.4426060758765338,428814000
2006-09-15,0.45177605748176575,0.45391543445037946,0.4424529071925762,0.4445922841611899,649764000
2006-09-18,0.46889275312423706,0.46965752095058955,0.45162289418673995,0.45299837765830037,793896000
2006-09-19,0.4566664695739746,0.4691991373549445,0.4528453353082094,0.46583649766135904,708054000
2006-09-20,0.47332563996315,0.47393638307702196,0.4617099880631393,0.46262697725424623,511884000
2006-09-21,0.4695044457912445,0.4776043059572576,0.4650725417096673,0.47286708503286495,539106000
2006-09-22,0.4555962383747101,0.47103302084145193,0.45040052328713104,0.4681289036332998,653334000
2006-09-25,0.47195005416870117,0.47393630808369797,0.44994204377697844,0.462473808364833,684486000
2006-09-26,0.46201521158218384,0.4727138708630469,0.45605470176356383,0.47149151050666993,516120000
2006-09-27,0.46063971519470215,0.4753117566363736,0.4562078662316104,0.46063971519470215,578142000
2006-09-28,0.4519283175468445,0.45376232315909343,0.44061896699036873,0.4426060956329926,647346000
2006-09-29,0.45223456621170044,0.45850042110984335,0.44978891595094683,0.4549855606490481,373890000
2006-10-02,0.44077208638191223,0.45299845330795563,0.43710407518769595,0.45009433554756145,647442000
2006-10-03,0.43251901865005493,0.43588075602040777,0.42289052467748267,0.43251901865005493,907692000
2006-10-04,0.4750065207481384,0.47515967111490676,0.4319074550334121,0.4331298431053574,1460382000
2006-10-05,0.4615567922592163,0.4779105935297576,0.46033443163150495,0.4731724430157599,662682000
2006-10-06,0.4727138876914978,0.47760425846862115,0.4609460179536305,0.46232152867727994,593610000
2006-10-09,0.503128170967102,0.509393999250791,0.4702683458217542,0.47164385686161286,932304000
2006-10-10,0.49166566133499146,0.5025164897872173,0.4860104669169967,0.5005293611820657,624648000
2006-10-11,0.4944164454936981,0.5031279755915828,0.48157843853615373,0.4890666792504067,481944000
2006-10-12,0.4964029788970947,0.5066431209198525,0.4892201055520753,0.49716774699111305,414720000
2006-10-13,0.5161182880401611,0.519022405168326,0.48662203838520274,0.4947218977865941,584190000
2006-10-16,0.5152013301849365,0.5262053073783033,0.5060312763137885,0.5178000759983725,478968000
2006-10-17,0.49548569321632385,0.5103108838316206,0.4905953774982761,0.5067960240667724,526506000
2006-10-18,0.4823426306247711,0.5081717561902145,0.47882776894974166,0.5028219866312468,822750000
2006-10-19,0.49151256680488586,0.4951805783768281,0.4766874248009981,0.4805085320890591,473040000
2006-10-20,0.4858573377132416,0.495638955187973,0.4788276165998482,0.49533358367429237,359478000
2006-10-23,0.4826478064060211,0.49655595699962674,0.4814254457997357,0.4847880852747801,280248000
2006-10-24,0.49670907855033875,0.5022111220549391,0.48218931123533926,0.4835648221114893,519288000
2006-10-25,0.5012941360473633,0.5089355299982332,0.49304112449833704,0.5014463572279589,389436000
2006-10-26,0.5171886086463928,0.5188694367803229,0.5025165619190362,0.5025165619190362,366690000
2006-10-27,0.4948750436306,0.5286509208384921,0.48906675476935435,0.517188422616691,566988000
2006-10-30,0.5008355379104614,0.5096992355632873,0.492887899977564,0.4982367377014256,479592000
2006-10-31,0.5329305529594421,0.5329305529594421,0.5092407885440021,0.5118395341981141,996174000
2006-11-01,0.4918178617954254,0.5307903625318363,0.48448183979380194,0.5258999909233244,1176540000
2006-11-02,0.4884561002254486,0.5048089721640033,0.481730821220918,0.4941103652667322,862944000
2006-11-03,0.4982368052005768,0.49884847737925037,0.4860104124457136,0.4939581061128343,548070000
2006-11-06,0.513367235660553,0.5202447342416917,0.4933463573433498,0.49961223849827563,739602000
2006-11-07,0.5211620330810547,0.5266640237097353,0.5142844764732953,0.5171886495067268,553254000
2006-11-08,0.5288039445877075,0.5352229201924761,0.5162713101163195,0.5174936702187126,648324000
2006-11-09,0.5393494963645935,0.5532567132080046,0.5347644977907424,0.5396548677857139,1207758000
2006-11-10,0.526358425617218,0.5373624567971177,0.5130618947736939,0.5347645856621948,1317192000
2006-11-13,0.5502004027366638,0.5517290089579318,0.5272753540724295,0.5274285043792909,852282000
2006-11-14,0.5557024478912354,0.556772587137644,0.5364454072061541,0.5482132768639654,628530000
2006-11-15,0.5465323328971863,0.5616628382157437,0.5434759406519026,0.5540214476713511,491892000
2006-11-16,0.5535632967948914,0.5555494964986617,0.544086994204262,0.5488251454995766,457182000
2006-11-17,0.5550907850265503,0.5566194460890269,0.5463793081200601,0.549741947060481,361608000
2006-11-20,0.560287594795227,0.5633439338394943,0.5440869427379654,0.5482134213106084,608634000
2006-11-21,0.5515760779380798,0.5628854837883012,0.547754970797002,0.5619684945949689,387384000
2006-11-22,0.5610513687133789,0.561663040917121,0.5506590082334649,0.5535631804141132,240258000
2006-11-24,0.5651780962944031,0.566401386466069,0.5532570704420728,0.5583005939928732,144336000
2006-11-27,0.5396552085876465,0.5693045677425174,0.5358340460846718,0.5618163769680677,585294000
2006-11-28,0.5497418642044067,0.5546322342926744,0.5294146869979106,0.5378208458219725,480966000
2006-11-29,0.5578418374061584,0.5645671156595895,0.552646094820001,0.5547854989469458,579792000
2006-11-30,0.5653310418128967,0.569916041685616,0.5511175203444628,0.5578418698108939,583632000
2006-12-01,0.5431699156761169,0.5598290338249801,0.5382795439849146,0.5590651950760329,785010000
2006-12-04,0.5651780962944031,0.5722087489940835,0.5482135468912724,0.5502007306976822,621570000
2006-12-05,0.5593704581260681,0.5625799466870736,0.5531045766692374,0.5592173078033853,663354000
2006-12-06,0.5586066842079163,0.5612045558682464,0.5509644158843521,0.5612045558682464,478242000
2006-12-07,0.5451570153236389,0.5616630369023836,0.5402666438917537,0.5586066435759098,486894000
2006-12-08,0.5433228611946106,0.5508120316026268,0.5333890248630843,0.5411835120562354,564858000
2006-12-11,0.5526461601257324,0.5592174143018246,0.5422528700275304,0.5434761598293629,515484000
2006-12-12,0.5469909906387329,0.5503536299790664,0.539655023596999,0.5485196518830106,568116000
2006-12-13,0.5534100532531738,0.5578419030472964,0.5514229247060484,0.5514229247060484,491952000
2006-12-14,0.5631914734840393,0.5702212470675861,0.5573832402326363,0.5578417072918347,715380000
2006-12-15,0.5731255412101746,0.5731255412101746,0.5633438690918353,0.566859658821221,746094000
2006-12-18,0.5830594301223755,0.5899369300064036,0.5734309084217319,0.5737371544528552,688356000
2006-12-19,0.5914654731750488,0.5945218661748644,0.57480635769003,0.5755711254944152,545622000
2006-12-20,0.5847411751747131,0.5954389068775584,0.5842826533287616,0.5884091859697972,306594000
2006-12-21,0.5796979069709778,0.5896318043242087,0.5731257758578586,0.5879509212041528,367920000
2006-12-22,0.5659427046775818,0.5807669703486237,0.5631916826706027,0.5787807162809605,370170000
2006-12-26,0.5657896399497986,0.5740426525622403,0.5634971394828716,0.5689991843295144,228192000
2006-12-27,0.5732787251472473,0.5752649245512386,0.5682352030359262,0.5682352030359262,264954000
2006-12-28,0.5691520571708679,0.5745009495447989,0.5665533116229441,0.5738892774498421,213912000
2006-12-29,0.565636396408081,0.5810732086349552,0.5650257080095835,0.569152186307388,386094000
2007-01-03,0.5514227151870728,0.5734307184566952,0.5317071564618459,0.5665532208510314,1154820000
2007-01-04,0.5488250851631165,0.551422956913623,0.5353754008081694,0.5494367027706942,797298000
2007-01-05,0.5144374966621399,0.5379741695892579,0.5107694856188653,0.5358338906932447,1243344000
2007-01-08,0.5182586312294006,0.5281924697394812,0.5074068198351636,0.5162715027878171,657270000
2007-01-09,0.5081714987754822,0.5225372389874449,0.5075598813431609,0.5190223790928709,764166000
2007-01-10,0.5332359671592712,0.5379741171890431,0.4951804587748491,0.5028217969850077,1108746000
2007-01-11,0.5312488675117493,0.5373625287112807,0.5225373348296269,0.5332359959700088,924504000
2007-01-12,0.5384327173233032,0.5405720671443321,0.52085655466526,0.5233022052041308,698190000
2007-01-16,0.5393494963645935,0.5428643558559108,0.5332358369878258,0.5425589844347903,711864000
2007-01-17,0.528039276599884,0.535069925499525,0.5260530230450414,0.5318603824342001,707934000
2007-01-18,0.4843294024467468,0.5234541615498568,0.47775727677206165,0.5234541615498568,1501638000
2007-01-19,0.48723289370536804,0.4973198836268785,0.47577033807851826,0.4791329777782791,942606000
2007-01-22,0.48723289370536804,0.49976553418059594,0.48539886075576505,0.49181789409310156,730644000
2007-01-23,0.4873861074447632,0.4951806537176365,0.47592360369939574,0.48494045629874855,630354000
2007-01-24,0.5025163888931274,0.509088571116028,0.4913592619685144,0.4936517616481225,685722000
2007-01-25,0.4849403202533722,0.5089355154350781,0.48249559897119787,0.5071014825558222,616284000
2007-01-26,0.48096713423728943,0.49380514955117,0.47225559846901727,0.4890669975868575,829584000
2007-01-29,0.4612514078617096,0.479132884011439,0.45712487552580683,0.4788275671867767,1258284000
2007-01-30,0.4701160788536072,0.47317241751829764,0.4601813111392969,0.46430778919945886,636174000
2007-01-31,0.46843424439430237,0.4728670224089639,0.4620152127816236,0.4678235014745378,467976000
2007-02-01,0.4743947386741638,0.4768403887723762,0.46308539017105904,0.46400237914631237,650898000
2007-02-02,0.4867742955684662,0.48906679540329795,0.4730192965594756,0.47699355324093107,586590000
2007-02-05,0.49472174048423767,0.4988482713638718,0.4883027653258994,0.48906660369304666,579906000
2007-02-06,0.5122981667518616,0.5187171453326472,0.49839001544339157,0.5058791335135607,775386000
2007-02-07,0.5323189496994019,0.5335413101368556,0.5133672797709231,0.5164245473021775,761058000
2007-02-08,0.5254414081573486,0.5329305242042929,0.5196340487401303,0.5242190478184623,726276000
2007-02-09,0.499001681804657,0.5324722529787542,0.49701455298917896,0.5280394734082821,937956000
2007-02-12,0.5100054740905762,0.520856353192693,0.4973196882394999,0.5026694544893777,789360000
2007-02-13,0.5196342468261719,0.5237607257066959,0.5130620625005583,0.5182587356468235,849732000
2007-02-14,0.5127567648887634,0.5272756067729715,0.5115334748600002,0.524219267385617,1081848000
2007-02-15,0.5158131122589111,0.5184109843811106,0.5075600994019472,0.5124504720589964,488682000
2007-02-16,0.5000709295272827,0.5142843986113473,0.4985431972246567,0.5136737101559347,915060000
2007-02-20,0.504503607749939,0.5072545747672305,0.49731980754760496,0.500835597069376,625578000
2007-02-21,0.49701428413391113,0.5057258136696513,0.49197076415756197,0.5003769222914288,655332000
2007-02-22,0.500223696231842,0.5129086048074358,0.4990013362896472,0.5048086938222086,655452000
2007-02-23,0.499001681804657,0.5052675652978242,0.4988485860897226,0.504962193730763,403050000
2007-02-26,0.49135929346084595,0.5041973034209692,0.49059545479704286,0.5003770716093163,494070000
2007-02-27,0.47653502225875854,0.4974728894626946,0.475770199859471,0.48601033716590425,714630000
2007-02-28,0.47378429770469666,0.48402351224669127,0.46935151701048045,0.4751598092144271,780048000
2007-03-01,0.4679756760597229,0.4766872063836663,0.4574301681188945,0.4635438276634809,837228000
2007-03-02,0.45498552918434143,0.469504421047977,0.4540685128828057,0.46384928222286026,682728000
2007-03-05,0.4395487606525421,0.4559025328371784,0.4380210286621049,0.4470379049931278,663558000
2007-03-06,0.4655310809612274,0.47057460275223234,0.44734327506132043,0.44917728050088995,805974000
2007-03-07,0.4523867666721344,0.46537789956964265,0.45040054019803977,0.4632385500898056,811656000
2007-03-08,0.47103309631347656,0.4762288395623043,0.46155679522459836,0.4618630959311672,770622000
2007-03-09,0.4662949740886688,0.4829541480048821,0.4609461348192177,0.4776043795576423,555306000
2007-03-12,0.46354395151138306,0.47026830105406525,0.4603344078380769,0.46094608003793675,428010000
2007-03-13,0.4439815282821655,0.46155673135481123,0.44367522761798234,0.45880576441530285,617070000
2007-03-14,0.4418413043022156,0.4478017880658083,0.4285447711488962,0.4452039438083549,971610000
2007-03-15,0.4374094009399414,0.4447454225604776,0.4306850241803375,0.44077204024419736,655752000
2007-03-16,0.43328288197517395,0.4384795265210257,0.4302265161220219,0.43771475867107795,525648000
2007-03-19,0.43542227149009705,0.442452894259209,0.43404676060731673,0.43557539450281696,461508000
2007-03-20,0.43328288197517395,0.4439815425632795,0.43160202696477384,0.43404674797624204,656490000
2007-03-21,0.4580419063568115,0.46522474997383534,0.4422997517941054,0.45085903541103417,1268376000
2007-03-22,0.4681289792060852,0.4708799465295964,0.4563611071851319,0.4585004569300118,810954000
2007-03-23,0.4629322290420532,0.4728670503569049,0.4595705192245969,0.4646140404571111,524640000
2007-03-26,0.4638494551181793,0.46767056276450486,0.4554441934330734,0.4632387119220695,447336000
2007-03-27,0.4551377594470978,0.4636970156927876,0.45467926495152966,0.46278002670165147,469020000
2007-03-28,0.44642624258995056,0.4551377470841257,0.4456623766247889,0.4513175154094801,459504000
2007-03-29,0.4386318027973175,0.4537623146538192,0.4314489308420895,0.45315159891302864,719016000
2007-03-30,0.4398551285266876,0.4478018398986647,0.4375626281994677,0.4445923503720606,581244000
2007-04-02,0.43939653038978577,0.44245286882745016,0.4322127303633623,0.43878488556545936,400830000
2007-04-03,0.43771475553512573,0.44428688354789025,0.43358825036518767,0.4393965397111105,473724000
2007-04-04,0.4367976486682892,0.44061880888075244,0.4355752884246719,0.43710392194789527,361692000
2007-04-05,0.4722553789615631,0.47271390076796455,0.43863172183390237,0.43863172183390237,1332900000
2007-04-09,0.4636969566345215,0.47760422951666964,0.4627799677601766,0.47225533727007396,640950000
2007-04-10,0.4589589536190033,0.46843432502147453,0.4580419372327472,0.4630854317065117,794220000
2007-04-11,0.45070597529411316,0.4644610042840489,0.4491773411598557,0.45987600373032334,810150000
2007-04-12,0.46354395151138306,0.4649194624202985,0.44535704749941263,0.4482602904839497,743640000
2007-04-13,0.4673651456832886,0.46828218956615114,0.45636116566414486,0.4620153768689589,638694000
2007-04-16,0.46491947770118713,0.4696575734685031,0.45895896667165154,0.46614183830589434,671838000
2007-04-17,0.4693511724472046,0.4875389455715244,0.4670586731664839,0.47668719200850856,1059108000
2007-04-18,0.47515958547592163,0.47928606340454283,0.4661418071004971,0.46858740266639015,683802000
2007-04-19,0.4817308485507965,0.484481870640942,0.46996297606306486,0.47133848710813764,568056000
2007-04-20,0.4873861074447632,0.48906699044159835,0.4809671272103691,0.4887616188257131,590052000
2007-04-23,0.47943833470344543,0.4860104635427503,0.4780628236975577,0.48509347442466333,595272000
2007-04-24,0.4974727928638458,0.5019046407436314,0.484329415675297,0.4875389034595826,1028088000
2007-04-25,0.5060314536094666,0.5087824762004235,0.49441672936687053,0.4967092299734927,509640000
2007-04-26,0.5122981667518616,0.5161183991166899,0.5014463543762966,0.5060313546932907,500070000
2007-04-27,0.5054205656051636,0.5162714466416592,0.4973197768963409,0.5106163079616893,554058000
2007-04-30,0.502669632434845,0.5187171331679874,0.5025164820809488,0.512298154737736,563388000
2007-05-01,0.5080184936523438,0.515201365038416,0.5038919609325404,0.5118396002040597,544554000
2007-05-02,0.5020579695701599,0.5127566303723462,0.4994600981696903,0.5106163516368194,659658000
2007-05-03,0.5115330815315247,0.5148957190937965,0.5058788197523325,0.5067958629729657,500250000
2007-05-04,0.5152013301849365,0.5178000759983725,0.5093939154408279,0.514284286537567,405246000
2007-05-07,0.5049622654914856,0.5284980157956906,0.5043506477501175,0.5226906534167489,557100000
2007-05-08,0.5087822675704956,0.5100055571548698,0.49212402696115515,0.5019047685707985,737100000
2007-05-09,0.5110748410224915,0.5139790132292802,0.49930696951900927,0.5051143300973828,417870000
2007-05-10,0.5015993714332581,0.5199393678273624,0.49716752265151987,0.5132150194963612,802584000
2007-05-11,0.5370570421218872,0.542252729316259,0.5205510240086276,0.5286508827531499,1530630000
2007-05-14,0.5317074656486511,0.5399604785060562,0.5266639972662266,0.5349170101236317,731568000
2007-05-15,0.5269700884819031,0.5364454594240667,0.5257468534512117,0.533235970549974,621360000
2007-05-16,0.5336945652961731,0.5336945652961731,0.5173416925365364,0.5274286823720853,523104000
2007-05-17,0.5248297452926636,0.5349167871682429,0.5217734071317389,0.5321657658099028,443664000
2007-05-18,0.5352233052253723,0.5367510378224359,0.5243715447318797,0.5288043250028703,604266000
2007-05-21,0.5369038581848145,0.5502003871259611,0.5310964992831956,0.5336943700464326,645768000
2007-05-22,0.5398079752922058,0.5446983453946653,0.5286508500334702,0.5373623803097592,401736000
2007-05-23,0.5254414081573486,0.5433228826998432,0.5239127471862356,0.5401133942765108,448248000
2007-05-24,0.5064896941184998,0.5294146874444433,0.5043503450882187,0.5278870104459927,607800000
2007-05-25,0.5144374966621399,0.5170353682574079,0.5086301359005739,0.5101578680478354,308976000
2007-05-29,0.5199393630027771,0.5216202451043029,0.5107693648908146,0.5122980258544758,316242000
2007-05-30,0.5211620330810547,0.5211620330810547,0.5074069745230629,0.513826009137796,331650000
2007-05-31,0.5294150114059448,0.5326245561615692,0.5225375091996564,0.5249831603311155,481572000
2007-06-01,0.5330828428268433,0.5433229820563836,0.5321658537749887,0.5353753427852348,429084000
2007-06-04,0.535987138748169,0.5390434781200308,0.526053243255534,0.5281925933638006,322002000
2007-06-05,0.5518813729286194,0.5527983619947301,0.5365986408676934,0.5375156299338041,698586000
2007-06-06,0.5560079216957092,0.5648725504113564,0.545768656532804,0.548061156592738,950736000
2007-06-07,0.5500474572181702,0.5616631088530276,0.5498952360320859,0.5534100970064211,791862000
2007-06-08,0.5586066842079163,0.5593705776294348,0.5387380218264752,0.5454624265104029,533268000
2007-06-11,0.5605928897857666,0.5639555290969485,0.5555493680790714,0.5586066358836121,434634000
2007-06-12,0.5547854900360107,0.5654840955665885,0.5544801185510265,0.5576896072924399,526770000
2007-06-13,0.5680820345878601,0.5682351849374219,0.5537154167857129,0.5608991629468851,587232000
2007-06-14,0.578169047832489,0.5803083974093444,0.5647193651704222,0.5654841330424581,508548000
2007-06-15,0.6044566631317139,0.6090416627924845,0.5845880033233304,0.5847411536588987,1081998000
2007-06-18,0.6047621369361877,0.612709777108111,0.5998717649545741,0.6105694980735863,685662000
2007-06-19,0.608583390712738,0.6099588473258896,0.5968145871169834,0.6009410662714876,491952000
2007-06-20,0.6091938614845276,0.6143905331183033,0.6050673838050136,0.6113341400780401,822792000
2007-06-21,0.6568779945373535,0.6622278173606398,0.616224610064737,0.6209627606476511,1297326000
2007-06-22,0.6666597723960876,0.6704809344675928,0.647249628952007,0.6571843989133158,882618000
2007-06-25,0.64908367395401,0.6639088179649583,0.6420539506057054,0.6480144633848688,819702000
2007-06-26,0.618975818157196,0.6492368506253992,0.6174471563430638,0.6474028171881421,868482000
2007-06-27,0.6356346607208252,0.6363985540301546,0.6159191515903026,0.6189755446902158,613140000
2007-06-28,0.6417474150657654,0.6486249693393972,0.6312019047228743,0.6374687159983852,597534000
2007-06-29,0.6313550472259521,0.6461801856298813,0.6310496757306814,0.6460270899509385,516570000
2007-07-02,0.6576428413391113,0.6579481582241516,0.6383857959450553,0.6403720500808174,563850000
2007-07-03,0.6587121486663818,0.6639087674341205,0.6518346470579235,0.6571844162083792,238770000
2007-07-05,0.665742814540863,0.6678821647389125,0.6556557682454175,0.6588653127889822,373290000
2007-07-06,0.6689521670341492,0.671550038678437,0.6636033280486318,0.6648256886935476,282720000
2007-07-09,0.6883623003959656,0.6915718442476472,0.6712446603103122,0.6713978106632082,536784000
2007-07-10,0.6950865387916565,0.6992130161036878,0.6775103810270748,0.6848464014234644,552654000
2007-07-11,0.692030131816864,0.6996715235114386,0.6824016120764544,0.6949333742090582,582612000
2007-07-12,0.7053267955780029,0.7060906342762197,0.6920302631905121,0.6969206345569197,438732000
2007-07-13,0.7010471820831299,0.7117457886032752,0.7002832887112135,0.7033396820615423,372630000
2007-07-16,0.7137320041656494,0.716636121534519,0.7015056115591746,0.7016587618963958,541710000
2007-07-17,0.7106756567955017,0.7310028399628037,0.71006403924233,0.7166361677345974,643812000
2007-07-18,0.6976842284202576,0.702575472207174,0.6839291800883777,0.7004351943606445,550656000
2007-07-19,0.6969205141067505,0.7111340330781184,0.6920301435855554,0.707619173208588,407376000
2007-07-20,0.689279317855835,0.7039513069389625,0.6859166784370849,0.7015056565896245,505650000
2007-07-23,0.6961567997932434,0.7103703213014944,0.6853049884387914,0.6868336496790394,360474000
2007-07-24,0.6778170466423035,0.6992134489904811,0.6735374163644484,0.6934060859715141,457560000
2007-07-25,0.6746072173118591,0.6875974483317155,0.659018185814437,0.6779689272698517,437196000
2007-07-26,0.6779689192771912,0.6874452190707974,0.6584065605508967,0.66742340934745,710268000
2007-07-27,0.6762882471084595,0.7074662622452784,0.6759828755511655,0.6762882471084595,615480000
2007-07-30,0.6952399015426636,0.6963091118933146,0.6785807275729449,0.6787338779360225,538158000
2007-07-31,0.6993660926818848,0.7325303474502184,0.6984491038933944,0.7227496074046089,711492000
2007-08-01,0.6941696405410767,0.7062437572560787,0.661769216614565,0.6892792693641392,705828000
2007-08-02,0.6911134123802185,0.7027281355169597,0.6817902604539762,0.70211744703881,468606000
2007-08-03,0.6501536965370178,0.6938644072139319,0.6498483249812834,0.6888208846964105,623412000
2007-08-06,0.6556556820869446,0.660546054206122,0.6373156798252874,0.6556556820869446,524724000
2007-08-07,0.6660480499267578,0.676899807439573,0.646944155588162,0.6556556341626882,565764000
2007-08-08,0.6967676281929016,0.7175533368561509,0.672925634927578,0.6781222533947138,660744000
2007-08-09,0.7050204873085022,0.7244306805784236,0.6854581275331814,0.7015056268693068,1251834000
2007-08-10,0.6723147034645081,0.6768997029872774,0.6325773850437721,0.6472494272426386,1141014000
2007-08-13,0.6649788618087769,0.682248779913614,0.6510707091564129,0.677663779153588,700410000
2007-08-14,0.690807044506073,0.7015057065571979,0.6675766713121273,0.6695637999395447,1092174000
2007-08-15,0.6616159677505493,0.6969205037704953,0.6606989788822064,0.6871388883531754,695142000
2007-08-16,0.6506121754646301,0.6597821760486675,0.618975640655192,0.6550440253999953,780030000
2007-08-17,0.6889729499816895,0.6895845674750546,0.6478610496388031,0.6686466979796714,728712000
2007-08-20,0.6862220764160156,0.6969207389698009,0.6778168433133227,0.6894316205246332,519684000
2007-08-21,0.7233607172966003,0.7288627074768461,0.6801093999358906,0.6903486669000813,715338000
2007-08-22,0.7398663759231567,0.7441460031514361,0.7267229973317332,0.7417003535220748,566154000
2007-08-23,0.7336005568504333,0.7520937033228194,0.730391068454358,0.7433821723534721,667986000
2007-08-24,0.7374220490455627,0.7387975604095847,0.7261117666583322,0.731461590897349,361644000
2007-08-27,0.7540799379348755,0.7618744803970842,0.7340590587334361,0.7374216976036179,635946000
2007-08-28,0.7080779075622559,0.7595821774422674,0.7063960957741822,0.7565257837673471,560022000
2007-08-29,0.7482727766036987,0.7491897657665427,0.7213743913885967,0.7229021236464886,538560000
2007-08-30,0.7439929842948914,0.7624861324833078,0.7407834956009987,0.7410897416015416,465660000
2007-08-31,0.7818962931632996,0.7847995359440185,0.7554555056914188,0.7595820381284675,720834000
2007-09-04,0.8060436844825745,0.8094063235156106,0.7731847948398026,0.7854111868286666,683268000
2007-09-05,0.7999301552772522,0.8253008069060838,0.7993194668716963,0.8025289561023635,656274000
2007-09-06,0.8034456372261047,0.8172006326483097,0.800082998929826,0.8098646678842963,425496000
2007-09-07,0.7741016149520874,0.7892321208627592,0.7591233301601092,0.7811313337885869,602304000
2007-09-10,0.7762411832809448,0.8046682256080819,0.769822205459822,0.7909132262849544,872112000
2007-09-11,0.7927471399307251,0.7987076500846971,0.7773873974001074,0.7856404072550299,405424000
2007-09-12,0.7615693807601929,0.8051269439024787,0.7537748901733711,0.8012296439515458,554452000
2007-09-13,0.7617983818054199,0.7769288910644199,0.7562963933451032,0.7760119020972847,452864000
2007-09-14,0.7393319606781006,0.7551502276628534,0.7370394605929558,0.7542332385602982,487308000
2007-09-17,0.7377269864082336,0.7482724944482766,0.7297032659370029,0.7404780075169393,374828000
2007-09-18,0.8023756146430969,0.8138381124922123,0.7443753154033215,0.7455215925169836,844740000
2007-09-19,0.7877036929130554,0.8253006780093023,0.7799091500105666,0.8097117015193359,521360000
2007-09-20,0.7831186652183533,0.7966444306438889,0.7744071877072076,0.7881621867190213,324172000
2007-09-21,0.7906840443611145,0.8023758336182513,0.7831187882503258,0.7909133326409223,457532000
2007-09-24,0.8108582496643066,0.8230085087251987,0.7897672215606765,0.7954985005852606,456360000
2007-09-25,0.8211742639541626,0.8246129865286155,0.8037512535130745,0.8060437534485464,360748000
2007-09-26,0.8406605124473572,0.8424944904710199,0.8232375025925294,0.8253007142047729,518032000
2007-09-27,0.8431824445724487,0.8528109681092066,0.8342416766209965,0.8486844345973729,378280000
2007-09-28,0.8308026790618896,0.8512059422697491,0.8289686465540749,0.848225687269865,404292000
2007-10-01,0.865878164768219,0.8700046980410674,0.8369926504883513,0.8379096396631449,398200000
2007-10-02,0.8576250672340393,0.8654196110851848,0.84501634436037,0.8638148118676605,284960000
2007-10-03,0.8211742639541626,0.842494518819802,0.8076484979376257,0.842494518819802,467196000
2007-10-04,0.8248422741889954,0.8296565076527698,0.7966444648797173,0.8202572743213503,378976000
2007-10-05,0.846621036529541,0.85120603631942,0.8289687381467489,0.8379095041342657,344840000
2007-10-08,0.8603760004043579,0.8617515112160767,0.8424944691670273,0.8525815120146271,252484000
2007-10-09,0.8452455997467041,0.8642733560082323,0.8326368218906253,0.8603761113109932,403008000
2007-10-10,0.8461624383926392,0.8509766713406802,0.8257591747701014,0.8509766713406802,389136000
2007-10-11,0.8085656762123108,0.8489137501084554,0.7993956743243296,0.8383682370057725,529104000
2007-10-12,0.8282808661460876,0.8282808661460876,0.8048973486455331,0.8175061236219844,409952000
2007-10-15,0.8342413902282715,0.8450161875940881,0.8271346578298624,0.8310319017036676,355900000
2007-10-16,0.8418067097663879,0.8567079857267831,0.830344210818971,0.8333244660110501,276360000
2007-10-17,0.9064552187919617,0.9089769519918878,0.8736724685629113,0.8745894574849296,717944000
2007-10-18,0.9057673811912537,0.9094353912037698,0.8807791210545787,0.9034748817656183,340620000
2007-10-19,0.8571665287017822,0.9041628028747705,0.8569372404569208,0.9037042810425553,505768000
2007-10-22,0.8977437019348145,0.8995777344660699,0.8447869212758092,0.8516644202886343,537656000
2007-10-23,0.9020994305610657,0.9094354510690048,0.8775696905578023,0.9094354510690048,294292000
2007-10-24,0.8716092109680176,0.8826131874542111,0.8287394182075268,0.8826131874542111,565500000
2007-10-25,0.7954979538917542,0.8528104861203459,0.7700511755899418,0.8447867119316467,806192000
2007-10-26,0.7886208891868591,0.8262179388236248,0.7771583873848013,0.820715894232621,616580000
2007-10-29,0.7700515389442444,0.7737195501710702,0.7464387815773538,0.7615692937270625,813896000
2007-10-30,0.7982490062713623,0.8145257341485107,0.7634029420085044,0.7762409484240336,525212000
2007-10-31,0.8110872507095337,0.8115457178882961,0.7780752089082791,0.8030634738486012,455188000
2007-11-01,0.8110872507095337,0.8273639833632715,0.787474441963007,0.7984784741159279,587236000
2007-11-02,0.8422653079032898,0.848225818827518,0.8108580087498583,0.8223205087358697,491844000
2007-11-05,0.8422653079032898,0.8624393406731768,0.8298857641923884,0.8351585196517048,436636000
2007-11-06,0.8688581585884094,0.8757356573118333,0.8463916299640571,0.8502889284324152,554620000
2007-11-07,0.8275931477546692,0.87183845159872,0.8207156487307112,0.8683997294154928,546768000
2007-11-08,0.7757825255393982,0.8344705738246356,0.7521697223782119,0.81956930088942,996824000
2007-11-09,0.764778733253479,0.7977907774877327,0.7485019994001402,0.7920595000707399,871056000
2007-11-12,0.6884382367134094,0.7700512815988891,0.6884382367134094,0.7645492939261314,715732000
2007-11-13,0.7491898536682129,0.7498776092854188,0.6884385629610529,0.6996718318320515,726696000
2007-11-14,0.7374976277351379,0.7755531217752738,0.7336003849307249,0.7682171578259321,666720000
2007-11-15,0.7276402115821838,0.7395612336412295,0.7106756675771929,0.7326837335281291,496436000
2007-11-16,0.7439170479774475,0.7459803146929858,0.7276403118638098,0.733600823714796,423592000
2007-11-19,0.6937110424041748,0.7370393010304808,0.6898137985688988,0.7333712907568382,568412000
2007-11-20,0.6884382367134094,0.7079245090989027,0.6673472202007577,0.7067782320609336,622628000
2007-11-21,0.681102454662323,0.6973792444799815,0.6719324537849164,0.6739957203795879,648452000
2007-11-23,0.6927942633628845,0.6957745191969108,0.6772052286420146,0.6859167625130203,141976000
2007-11-26,0.6767467260360718,0.7065492852268723,0.6753712695528592,0.6923357612018383,385896000
2007-11-27,0.7058612704277039,0.7079245363810642,0.6811022429598784,0.6863749972912441,458856000
2007-11-28,0.7530869841575623,0.7631739731762491,0.7246599405719296,0.7280987178837042,574548000
2007-11-29,0.7592766880989075,0.7817432195822569,0.7487311777828461,0.7519406666640366,489084000
2007-11-30,0.7230552434921265,0.7840358127815245,0.7207627433530145,0.7840358127815245,652656000
2007-12-03,0.7336005568504333,0.7471263204138937,0.7223672928066697,0.7336005568504333,490688000
2007-12-04,0.7329128980636597,0.7393318757012796,0.7186993773064208,0.7368101422947156,371712000
2007-12-05,0.7709681987762451,0.7851817157124839,0.751481982859418,0.7608812132041527,666704000
2007-12-06,0.7865576148033142,0.7890793487779465,0.7622571002881607,0.7691346013024012,371152000
2007-12-07,0.7766998410224915,0.7906840763839416,0.7686760626846388,0.7897670872001203,320292000
2007-12-10,0.785181999206543,0.7943519993388657,0.7769289881559501,0.7792214881890308,336360000
2007-12-11,0.786098837852478,0.8165891425807823,0.7842648600399869,0.8019171014508459,582436000
2007-12-12,0.8131505846977234,0.8273641078709671,0.7973323168423013,0.819340329802559,617504000
2007-12-13,0.7909133434295654,0.8085655897096901,0.7675298192538393,0.8032928337224429,500364000
2007-12-14,0.8039803504943848,0.8126918815633918,0.7819723439220257,0.7872450983433983,354016000
2007-12-17,0.7629446983337402,0.8030634732957681,0.7611106656474286,0.7954982182763143,507408000
2007-12-18,0.78243088722229,0.7909131303098378,0.7668418570865926,0.7746363448256902,396896000
2007-12-19,0.7897670865058899,0.7971031092850482,0.7764706067083732,0.7796800961776857,253536000
2007-12-20,0.8062730431556702,0.8081070760261891,0.7856405423005491,0.8023757984598987,279940000
2007-12-21,0.8060436844825745,0.8230081716220644,0.7987076634537384,0.8159014388274143,433408000
2007-12-24,0.820257306098938,0.8241545506716684,0.8060437840955882,0.812004295085945,104008000
2007-12-26,0.831261157989502,0.831261157989502,0.8138381495343321,0.8218619257226684,215340000
2007-12-27,0.8055851459503174,0.834470707655222,0.8035219344880059,0.8298856536142418,241368000
2007-12-28,0.797561526298523,0.8138382597930272,0.7906839716867483,0.8042097379940535,262064000
2007-12-31,0.779909074306488,0.8055850909644177,0.779679840750212,0.7911423384265198,276236000
2008-01-02,0.756754994392395,0.7851819832950271,0.7464387171238327,0.7822017278466652,483964000
2008-01-03,0.750794529914856,0.776241264942415,0.7480435078978163,0.7611107531637258,475308000
2008-01-04,0.687750518321991,0.7319958195950325,0.6831655192391111,0.7283278093972285,736092000
2008-01-07,0.6166830062866211,0.6980668257428388,0.6040742308991429,0.6923355492964843,1006800000
2008-01-08,0.62975013256073,0.6714736402979603,0.6056788633814645,0.6201216139575252,1106956000
2008-01-09,0.6623038649559021,0.6625331532152343,0.6288333541595332,0.6382325877243314,741036000
2008-01-10,0.6485490202903748,0.6588653000474564,0.6357110063369612,0.644193252867827,554432000
2008-01-11,0.6201217770576477,0.6464855523947893,0.615536777404015,0.6331890752622574,572612000
2008-01-14,0.6613869071006775,0.662303896208744,0.6192048615544843,0.6292918510582426,539188000
2008-01-15,0.612786054611206,0.6437348419355582,0.6020112519394847,0.6361695840264394,725692000
2008-01-16,0.5435522198677063,0.5813784929994258,0.5309434439379647,0.5742717601852109,1464472000
2008-01-17,0.5341531038284302,0.5667066325117496,0.5327775926087435,0.5520346403693115,1133900000
2008-01-18,0.5694575905799866,0.5724378463332471,0.5162715635860511,0.5357577881371589,920428000
2008-01-22,0.5410305857658386,0.5543271208667887,0.5119158361812877,0.5151253258065098,709092000
2008-01-23,0.5508883595466614,0.5671650948484939,0.5139790674335388,0.5190225351655064,929880000
2008-01-24,0.593070387840271,0.5932996761379263,0.5563903818576923,0.5616631381834399,597092000
2008-01-25,0.5719791650772095,0.6295209975154298,0.5692281983727239,0.6157660000204972,688012000
2008-01-28,0.5651018023490906,0.5756473138983316,0.5529515461715975,0.5699160908913616,577608000
2008-01-29,0.5825248956680298,0.5848174507800583,0.5602876467250704,0.5751889270081227,414484000
2008-01-30,0.5774813890457153,0.5861928683302999,0.560975365008323,0.5731256220746638,530476000
2008-01-31,0.5637261271476746,0.5742716346029929,0.5463030673019369,0.5648723494410822,588708000
2008-02-01,0.6157660484313965,0.6189755371677071,0.5577657443112545,0.5625799774157205,593104000
2008-02-04,0.5965089797973633,0.6325012736406976,0.593299491205793,0.6290624968229414,565128000
2008-02-05,0.559141218662262,0.5848172933619088,0.558911985075772,0.5845880051179113,494928000
2008-02-06,0.5573071837425232,0.5806907015592898,0.5469909081988755,0.5651016714622781,557380000
2008-02-07,0.562809407711029,0.578627677999958,0.5295681222041164,0.5412599133408367,664128000
2008-02-08,0.572896420955658,0.5772521335163934,0.5502006502805562,0.557536618868781,393932000
2008-02-11,0.5747302174568176,0.5871097595963698,0.5708329734220065,0.5777104725406446,503732000
2008-02-12,0.5960505604743958,0.6043035715983497,0.5802322937082768,0.5834418375091291,609688000
2008-02-13,0.6194340586662292,0.6212680914318033,0.5942165590640482,0.600635537099781,742312000
2008-02-14,0.5183345079421997,0.6017815712976499,0.5169590522455756,0.6013230496271161,2184296000
2008-02-15,0.5105401277542114,0.5302556344881415,0.5022871185798338,0.5162714038627375,817364000
2008-02-19,0.5029748678207397,0.5208563965920443,0.49861910240349905,0.5199393530723627,558608000
2008-02-20,0.49930694699287415,0.5066429685170464,0.4862397030621682,0.48830296936412454,759016000
2008-02-21,0.48807400465011597,0.506872538106081,0.4850937473464552,0.5043508029481931,644272000
2008-02-22,0.5116866827011108,0.5126036720723296,0.48830315311862144,0.49197111060349635,723052000
2008-02-25,0.5114571452140808,0.5171884216429421,0.49793138094057066,0.5112279116473273,671784000
2008-02-26,0.5158131122589111,0.5236076031458955,0.500682597797398,0.5084770886843824,565420000
2008-02-27,0.5238369107246399,0.527963389976118,0.5100818523521515,0.513291396944997,537816000
2008-02-28,0.5041213631629944,0.5201689228980062,0.5041213631629944,0.51925193353937,503608000
2008-02-29,0.4903661608695984,0.5025164152751581,0.48830294930988544,0.4958682041155172,540576000
2008-03-03,0.48463499546051025,0.4931172402480951,0.4782159624742886,0.48967846281663474,449028000
2008-03-04,0.4798206686973572,0.4823424568313289,0.46102214777574596,0.4814254131512436,778888000
2008-03-05,0.48532262444496155,0.49678512179954876,0.47936211488907643,0.48440558093059555,644656000
2008-03-06,0.4548323452472687,0.48257162856254476,0.4541445899041212,0.47936214006619093,1075284000
2008-03-07,0.44818413257598877,0.46583640228519435,0.43557535678566234,0.4465793609087866,767500000
2008-03-10,0.4225081205368042,0.4481841396736281,0.4218203651440763,0.4426821238605575,776100000
2008-03-11,0.43649232387542725,0.4408480619215493,0.41815230085142846,0.43557530769341524,857940000
2008-03-12,0.4245714545249939,0.4445162287396017,0.420903443161012,0.4406189837458453,743320000
2008-03-13,0.45162296295166016,0.45804196878257064,0.41540142809661135,0.41792316184281236,1220528000
2008-03-14,0.4199863076210022,0.45437382702034473,0.41677679196383055,0.45391533259182004,1154972000
2008-03-17,0.40944093465805054,0.4236544579486517,0.3968321560628777,0.4016464174779211,800952000
2008-03-18,0.43488767743110657,0.43557543293317663,0.40714841503475097,0.419069410198523,1075256000
2008-03-19,0.4048559367656708,0.430761194997654,0.4048559367656708,0.4248007107584311,880476000
2008-03-20,0.4245714545249939,0.4254884437016099,0.40233418004008714,0.4096701754392919,633460000
2008-03-24,0.4591882526874542,0.46170998661949325,0.4323659773219496,0.4339707220657489,887440000
2008-03-25,0.46583640575408936,0.47454788289304584,0.4568956403811435,0.46125140627937433,735388000
2008-03-26,0.45093509554862976,0.4628561151316237,0.44589160197899796,0.4596466266769718,721652000
2008-03-27,0.4445161819458008,0.4566664375650909,0.4371801599900932,0.4440576874057581,601308000
2008-03-28,0.4511643350124359,0.4628560931525848,0.44795481938143955,0.4525398182867922,561788000
2008-03-31,0.4536862075328827,0.4644609801369703,0.4479549571386904,0.4559787076905596,569992000
2008-04-01,0.481425404548645,0.48257168179951454,0.460563672363392,0.4672119383089153,676872000
2008-04-02,0.4667535722255707,0.4828010764899961,0.46308556031933973,0.4828010764899961,616536000
2008-04-03,0.4580419063568115,0.4635439223171988,0.4445161410335188,0.46285616690605624,841984000
2008-04-04,0.43053197860717773,0.45116450896517213,0.42938572843888695,0.4488719812998308,1535528000
2008-04-07,0.4408482015132904,0.4474964684551988,0.43740945123157304,0.44107746246357477,729496000
2008-04-08,0.43832632899284363,0.45253984840850886,0.4355753349322717,0.4355753349322717,639476000
2008-04-09,0.4470379054546356,0.4516229051284261,0.4392433896119395,0.4433698947841017,675232000
2008-04-10,0.4557494819164276,0.4701922659528912,0.44222371435607305,0.4518522097182907,1092184000
2008-04-11,0.42480066418647766,0.4497889305125188,0.42204964233131304,0.4470379359861098,1106280000
2008-04-14,0.4105871319770813,0.42411289799361823,0.40806537111656027,0.42319588162217653,780004000
2008-04-15,0.4154013395309448,0.41700608381434356,0.40370958042707306,0.41265031809797403,439916000
2008-04-16,0.4319073259830475,0.4374093414501488,0.423654343775522,0.431219597962317,646836000
2008-04-17,0.4259469211101532,0.4275516656659259,0.41173339905650796,0.4119626599910853,596968000
2008-04-18,0.43603387475013733,0.44291140161019366,0.4300733915535941,0.43901413001278583,573540000
2008-04-21,0.45552030205726624,0.45850055830984143,0.43259526867602155,0.43259526867602155,679892000
2008-04-22,0.4470379054546356,0.45208139963005445,0.43740938427667253,0.4472671390410729,587668000
2008-04-23,0.46858739852905273,0.4736309200928441,0.44726714432815246,0.45322765490604,1020496000
2008-04-24,0.45735424757003784,0.4736310106479085,0.4504767466631222,0.4713385103456033,655764000
2008-04-25,0.4619391858577728,0.46308540845772594,0.4472671430443158,0.46170989761177583,552208000
2008-04-28,0.4536862075328827,0.46675348029464725,0.45185220194098963,0.45987597982161643,535700000
2008-04-29,0.4630855321884155,0.46881681069203124,0.4486427737620302,0.4486427737620302,573408000
2008-04-30,0.47110918164253235,0.4761526484953182,0.4653779047145849,0.4685873935586318,1068320000
2008-05-01,0.492887943983078,0.49403416654284943,0.47454789110918033,0.47684039088622926,1014624000
2008-05-02,0.5162715315818787,0.5162715315818787,0.4988485200496232,0.5064137757762277,1131016000
2008-05-05,0.5034334659576416,0.5151251987036213,0.5022871887128848,0.512832698871615,943392000
2008-05-06,0.5165009498596191,0.5176471729802004,0.4942636419504943,0.5020581887320849,729036000
2008-05-07,0.5045798420906067,0.5247538795458085,0.5002240746870648,0.5178763779569379,715632000
2008-05-08,0.5032044053077698,0.5100819079144041,0.4816549080718219,0.5084771627719427,1360000000
2008-05-09,0.5165009498596191,0.5371334579478776,0.5036629338954184,0.50457992332339,2030352000
2008-05-12,0.5018286108970642,0.5231489170793845,0.4967851446238283,0.5231489170793845,1006652000
2008-05-13,0.49151256680488586,0.5043505799779233,0.4878445552329436,0.5043505799779233,854108000
2008-05-14,0.5059552192687988,0.519022463359263,0.49151246429354684,0.497702208617582,751148000
2008-05-15,0.5451570153236389,0.5474495152841584,0.5025164504689635,0.5048089504294831,1165464000
2008-05-16,0.5595995783805847,0.5607458552959813,0.5417180520343374,0.554326824816242,1091556000
2008-05-19,0.5479079484939575,0.580232176310335,0.5440106499998537,0.5598289135654754,1158532000
2008-05-20,0.5336945652961731,0.539196554783062,0.5275048202912337,0.5330068097781225,771404000
2008-05-21,0.5293387174606323,0.5557024927546388,0.5281924402203461,0.5350699943470496,1066660000
2008-05-22,0.5421769022941589,0.5465326697602984,0.5284218989187422,0.5369041455344967,693108000
2008-05-23,0.5297973155975342,0.54561558305232,0.5220027713504197,0.5412598163638612,802672000
2008-05-27,0.5355284810066223,0.5362162364443221,0.5206272042856417,0.5307142476002328,832856000
2008-05-28,0.5405719876289368,0.5515759650110607,0.5343822435193036,0.5502005088314259,751736000
2008-05-29,0.5391966104507446,0.5417183445056016,0.5293388532176405,0.540801355272701,693460000
2008-05-30,0.5662481784820557,0.5680821570462745,0.5529516425901342,0.5545563874982068,830244000
2008-06-02,0.5685405135154724,0.5728962796594457,0.5600582694744513,0.5662480136487773,734660000
2008-06-03,0.5492836833000183,0.5712917561191336,0.5426354693762022,0.5703747120918569,840696000
2008-06-04,0.5557024478912354,0.5568486703814768,0.5341529075681686,0.5371331625633001,831724000
2008-06-05,0.5696868300437927,0.5811493859245973,0.5632678512217587,0.5749595860722566,827860000
2008-06-06,0.5515760779380798,0.5634971014239565,0.5483665884326573,0.5628093458645775,784876000
2008-06-09,0.5430938005447388,0.5559318124744991,0.532089821552096,0.5483665564204888,637916000
2008-06-10,0.5109987854957581,0.5291095528563542,0.5075600079840878,0.5284217973540202,1225208000
2008-06-11,0.4871567189693451,0.5233782520895548,0.48646896349740965,0.5109987629097411,999428000
2008-06-12,0.490136981010437,0.5077892259392596,0.4860104481236914,0.498160758518545,825992000
2008-06-13,0.4885321855545044,0.496555907569344,0.4740894312702862,0.49082468536695956,705748000
2008-06-16,0.48188409209251404,0.4878446046687394,0.4779868464828728,0.4832596034035701,630496000
2008-06-17,0.4701922535896301,0.488990721917344,0.4690459761924446,0.48876148830091276,687912000
2008-06-18,0.45643723011016846,0.48142547092608945,0.4488719467866227,0.4653779698038905,1065272000
2008-06-19,0.45529085397720337,0.4653778688925988,0.44428685012802277,0.45895889169859916,784928000
2008-06-20,0.45299842953681946,0.458041951496397,0.44497467938318125,0.4452039403190734,741008000
2008-06-23,0.44359907507896423,0.45689560533008855,0.43970183129018664,0.4564371108835413,776616000
2008-06-24,0.4582711458206177,0.46881668337883936,0.44107739696523784,0.44107739696523784,1078928000
2008-06-25,0.4607929289340973,0.46881670611787263,0.4534569345324014,0.4653779288512517,900976000
2008-06-26,0.43718013167381287,0.4504766637751237,0.43718013167381287,0.44703791395439807,845532000
2008-06-27,0.44199445843696594,0.4445162196140285,0.4289272126302742,0.4390142026810079,584140000
2008-06-30,0.42915645241737366,0.4408482146552548,0.4261761966186237,0.43695096968554736,653940000
2008-07-01,0.4298441708087921,0.43030266535464345,0.4163184040692613,0.4241129206637595,881464000
2008-07-02,0.41333815455436707,0.4305319325688984,0.4126503990611847,0.42778093792492583,763196000
2008-07-03,0.28633347153663635,0.30100548584226183,0.2842702327622719,0.2975667363324866,2987520000
2008-07-07,0.27739274501800537,0.2925232544075325,0.26959822941510386,0.2906892491286879,2202692000
2008-07-08,0.2757880389690399,0.2861043177022053,0.27051528278548054,0.27922681676593464,1805288000
2008-07-09,0.2709737718105316,0.28060226648651165,0.2709737718105316,0.27647576096001847,1413168000
2008-07-10,0.2702859938144684,0.2755587489185092,0.2652424722974488,0.27234923274142814,1056992000
2008-07-11,0.267535001039505,0.274183239690963,0.25951122421407574,0.26478397934907033,807760000
2008-07-14,0.25538456439971924,0.2716613144563964,0.25355056015930333,0.2695980767663894,882316000
2008-07-15,0.25813576579093933,0.2634085214384974,0.24529775441677673,0.2530922437540319,1122484000
2008-07-16,0.2595113217830658,0.2663888239373928,0.2519460639475532,0.25905282710519684,1034392000
2008-07-17,0.260428249835968,0.2636377388175289,0.2503412337119461,0.2636377388175289,862080000
2008-07-18,0.2650132179260254,0.2666179622243324,0.2512581926196391,0.2585942134040456,899720000
2008-07-21,0.2666179835796356,0.27303698861575854,0.26432548373307413,0.2691397443423548,571636000
2008-07-22,0.26088666915893555,0.2652424068539348,0.25584317621505565,0.26409615721538265,555924000
2008-07-23,0.26868125796318054,0.27143225239648816,0.2615744972924441,0.26272074725038513,594876000
2008-07-24,0.2528630197048187,0.2684520262975484,0.25217526418934755,0.26593026518374,705628000
2008-07-25,0.2650132179260254,0.26593020685970037,0.25011194278816956,0.25538469747867987,1039600000
2008-07-28,0.2643253803253174,0.2730368817999415,0.2604281375765691,0.2615743870514211,734808000
2008-07-29,0.2670765519142151,0.2737248197043522,0.26180379534376463,0.26478405143391154,764636000
2008-07-30,0.263179212808609,0.2728077332588333,0.2572187027516846,0.27234921146310703,588492000
2008-07-31,0.2622622549533844,0.26799350479161294,0.25951123316803076,0.2624914885496606,487236000
2008-08-01,0.24850714206695557,0.2563016555484753,0.24529765419904745,0.2553846394942548,881060000
2008-08-04,0.24254675209522247,0.2498827748050923,0.2418589965500773,0.248507263714802,522052000
2008-08-05,0.2565310597419739,0.2565310597419739,0.24438080073745963,0.24713179607293592,685844000
2008-08-06,0.2634085416793823,0.26570104193458943,0.24896575727706696,0.2572187691273161,814864000
2008-08-07,0.25928211212158203,0.27280788400835515,0.25630185544627493,0.26111611833167614,819232000
2008-08-08,0.25217515230178833,0.26363764804465556,0.2512581362451116,0.26134514889608207,853764000
2008-08-11,0.2574479877948761,0.26363773200143076,0.25309222162822337,0.2540092379769286,1196436000
2008-08-12,0.25377991795539856,0.2601989215864125,0.25011190807231976,0.25951116631724175,1410868000
2008-08-13,0.2810607850551605,0.28518729093442524,0.2673057836767838,0.27395405074025425,2095260000
2008-08-14,0.2980252802371979,0.3092585468963995,0.27899752432773917,0.27899752432773917,1635304000
2008-08-15,0.2971082031726837,0.30673672240918193,0.29504493733825626,0.30329794601846954,777652000
2008-08-18,0.30306875705718994,0.30581975124566035,0.2959619970189518,0.2991714856840419,893968000
2008-08-19,0.3076538145542145,0.3094878201356359,0.29687904201164755,0.29687904201164755,1014140000
2008-08-20,0.32278433442115784,0.3237013235701633,0.3099463223625326,0.3122388225638044,1143692000
2008-08-21,0.31223878264427185,0.3195748042134423,0.30581977743562505,0.31705304338294565,1021560000
2008-08-22,0.3120095133781433,0.3181992848276973,0.3053612747537198,0.31453127414120263,459264000
2008-08-25,0.30742448568344116,0.31751150048817506,0.306507496759716,0.31017550711211944,471600000
2008-08-26,0.30008864402770996,0.30925864721618357,0.29687912651448506,0.30902941353373087,613112000
2008-08-27,0.30238106846809387,0.3060490797487497,0.29046004547034177,0.2932110675952127,454620000
2008-08-28,0.30123475193977356,0.3060490122680439,0.29825449684745153,0.3028394962729462,365192000
2008-08-29,0.2897723317146301,0.29802531651442493,0.2888553151843687,0.2971083273129232,516004000
2008-09-02,0.282436341047287,0.2971083612484621,0.27853909550262396,0.2945865996631587,693928000
2008-09-03,0.26730573177337646,0.2796852470074099,0.2647839710788271,0.27853899711511526,714856000
2008-09-04,0.26363781094551086,0.2670765617931628,0.26203306601569243,0.26432556658079376,716128000
2008-09-05,0.267535001039505,0.2682227291333597,0.261115995976414,0.2613452295647809,791100000
2008-09-08,0.2565310597419739,0.2700568300786081,0.2521753194048667,0.2700568300786081,1314840000
2008-09-09,0.24781948328018188,0.2712030054940659,0.24690249419792437,0.25561399979439525,1098296000
2008-09-10,0.24804875254631042,0.2558432693223174,0.2464440079340833,0.2507997472142364,644284000
2008-09-11,0.23612768948078156,0.24117121072117836,0.22833318771011415,0.23383518976378387,1066976000
2008-09-12,0.23360596597194672,0.23566920487214504,0.22030944792642118,0.23406446046879598,1209200000
2008-09-15,0.21320264041423798,0.22879165482447622,0.21045163304853462,0.2253528922012536,863984000
2008-09-16,0.21985094249248505,0.22145570058011815,0.20174017734786828,0.20563743527693995,1240840000
2008-09-17,0.2292502224445343,0.23429371706270175,0.21274420030688646,0.21480745307409244,1392580000
2008-09-18,0.24965347349643707,0.2618037284009987,0.23154270793567405,0.23200120244874622,1611060000
2008-09-19,0.2615745961666107,0.26363783593929924,0.24988283124466895,0.2615745961666107,1107344000
2008-09-22,0.25607243180274963,0.26707643474644777,0.25469692118650633,0.25951118101460846,700072000
2008-09-23,0.2487363964319229,0.2634084069584657,0.24781938040159507,0.2540091497878876,821468000
2008-09-24,0.25790655612945557,0.2629500518403726,0.24415155292035706,0.24552703684400967,866036000
2008-09-25,0.26295006275177,0.26913983631572536,0.2535507992373486,0.25790656683156765,588328000
2008-09-26,0.2679935693740845,0.2698275752300368,0.25171680497955495,0.25653103960657303,646852000
2008-09-29,0.23154276609420776,0.26409629463038975,0.229250265624266,0.2608868049039758,975240000
2008-09-30,0.24552708864212036,0.24781958966061216,0.2326890720070592,0.23521083405890733,659044000
2008-10-01,0.23864944279193878,0.246214697092083,0.23429367706579443,0.24185893136593864,557208000
2008-10-02,0.2138904184103012,0.24025417689522968,0.21274415497111937,0.24025417689522968,787728000
2008-10-03,0.20701295137405396,0.22351897360439524,0.20563745407631823,0.21732921526801727,915828000
2008-10-06,0.1799614578485489,0.19761371901060848,0.16758193937304205,0.1971552243993883,1677440000
2008-10-07,0.16597715020179749,0.1868389244408124,0.16460165295820256,0.18638042991440665,1059984000
2008-10-08,0.1694159209728241,0.17927367668688204,0.15841190156551507,0.160016659804564,1219456000
2008-10-09,0.15864118933677673,0.1781274721308842,0.15680719702102042,0.17560571049209905,909636000
2008-10-10,0.15611939132213593,0.16804039904328327,0.14396913634304634,0.14488613903919265,1200252000
2008-10-13,0.18454638123512268,0.18477562844460588,0.1673526218938922,0.1694158741079898,916536000
2008-10-14,0.180419921875,0.1925701773208064,0.17537641368465226,0.19142392732268795,1209012000
2008-10-15,0.16093365848064423,0.18019067487476992,0.16093365848064423,0.1792736721420433,854064000
2008-10-16,0.1765226274728775,0.17743963001614407,0.1581826176006711,0.16574787150215153,1019820000
2008-10-17,0.17537640035152435,0.1854634159653466,0.16826965363636168,0.1714791561199639,839416000
2008-10-20,0.17881517112255096,0.18271242947701155,0.17445941821550837,0.18133693215488716,595764000
2008-10-21,0.16506017744541168,0.17721043390291577,0.16414317463768666,0.1753764282874657,659116000
2008-10-22,0.15887042880058289,0.16964518856090297,0.15451467543638456,0.16276767389969835,600996000
2008-10-23,0.14992964267730713,0.16230915934709164,0.14351063707024364,0.15841190106266803,832192000
2008-10-24,0.15153437852859497,0.15932888028176265,0.136862363975499,0.13755011935480466,798336000
2008-10-27,0.15978743135929108,0.16918667997067896,0.14580315476340514,0.15061741638343434,698936000
2008-10-28,0.18385866284370422,0.18408791009919856,0.16528940285425148,0.1682696581688093,849920000
2008-10-29,0.18981917202472687,0.20174017952763795,0.1817954088286196,0.18271241150797848,977284000
2008-10-30,0.19784292578697205,0.20174018384148878,0.18569267077050416,0.20059393388387398,657176000
2008-10-31,0.20082321763038635,0.20472047639300175,0.19119470803837754,0.1916532163033569,608672000
2008-11-03,0.19348718225955963,0.2088469542725817,0.19027767949533714,0.2051789433052543,723924000
2008-11-04,0.2058667093515396,0.2058667093515396,0.1948627032131207,0.20013545900119198,619560000
2008-11-05,0.19509197771549225,0.20403273224241603,0.19509197771549225,0.19830148109238546,787620000
2008-11-06,0.1746886968612671,0.19050695182985913,0.17423018859783587,0.18362945085780866,797936000
2008-11-07,0.19990620017051697,0.2079299644102671,0.18569269095266053,0.1989891973718845,1132068000
2008-11-10,0.18706819415092468,0.208617726429723,0.18271244096989867,0.2074714626474095,576396000
2008-11-11,0.17881517112255096,0.18569268506192976,0.17698117924784457,0.18431718773980535,576484000
2008-11-12,0.16826967895030975,0.1774396796176061,0.1662064260672923,0.1733131738515712,646092000
2008-11-13,0.18202464282512665,0.18225389004496623,0.15726561513745196,0.1604751172083311,797228000
2008-11-14,0.16437241435050964,0.175605667482747,0.1636846588603076,0.17468867838164873,741024000
2008-11-17,0.16093365848064423,0.16712340301388776,0.15932890028227817,0.16276765028171966,388224000
2008-11-18,0.15566092729568481,0.165060189691754,0.15038817100834745,0.1641431868159936,564488000
2008-11-19,0.14282293617725372,0.1581826991151038,0.14213518049929696,0.15428543971398567,500220000
2008-11-20,0.13525764644145966,0.1487834151849197,0.13365290162884857,0.14167665302066437,847036000
2008-11-21,0.14626166224479675,0.14626166224479675,0.13181889112638834,0.13961340859668228,599064000
2008-11-24,0.15589012205600739,0.15772412718937964,0.14672011005352154,0.15520236671489895,600308000
2008-11-25,0.1602458953857422,0.16322615070912014,0.15566089560477744,0.16276764253239737,528256000
2008-11-26,0.17445938289165497,0.17491789101577843,0.1565778803314793,0.15749486925097494,600792000
2008-11-28,0.1712498962879181,0.1742301515410248,0.16895739645149044,0.17170840445382976,175248000
2008-12-01,0.15657790005207062,0.16597714697571775,0.15634863912894625,0.16437240250011115,547112000
2008-12-02,0.16528940200805664,0.1673526546256972,0.15749488604613585,0.1595581386637764,479988000
2008-12-03,0.17377163469791412,0.1740008819192075,0.15749486335608107,0.15887037401259166,584632000
2008-12-04,0.16230915486812592,0.17881516297463929,0.15841189669124822,0.17033290482334862,466292000
2008-12-05,0.16872811317443848,0.16941586844427023,0.1545146090247826,0.1572656027753617,438484000
2008-12-08,0.1632261425256729,0.17537639680181957,0.15932888470861808,0.17193764713849993,707992000
2008-12-09,0.1790444254875183,0.18546343097418813,0.15932890082738793,0.16116290629911584,829760000
2008-12-10,0.19600898027420044,0.20059398118584656,0.17950295512926542,0.18248321118758765,961124000
2008-12-11,0.18775595724582672,0.2017402201790849,0.18546345691767027,0.19486271919461556,582700000
2008-12-12,0.19715522229671478,0.19830147247692057,0.17858594478149709,0.1822539562896596,679268000
2008-12-15,0.19073617458343506,0.19944767953526818,0.1845464167499609,0.19830142960288893,476996000
2008-12-16,0.20357419550418854,0.20403269003559316,0.19073618465232559,0.19257017644232188,521940000
2008-12-17,0.21366122364997864,0.21664147945258716,0.19715521358568272,0.19990620843087567,674180000
2008-12-18,0.19394563138484955,0.21297339490477046,0.1914238711968713,0.21228563964179933,550808000
2008-12-19,0.1953212171792984,0.2040327240430102,0.19463346160318115,0.19646746736324047,593120000
2008-12-22,0.18385866284370422,0.19875992575211615,0.17675191593711692,0.19830143124112748,522464000
2008-12-23,0.18133693933486938,0.18890219540266523,0.1785859309173168,0.18500493689389386,377452000
2008-12-24,0.17698121070861816,0.18202472000546327,0.1733131989784105,0.17766895265974647,146616000
2008-12-26,0.1721668392419815,0.1792735972015406,0.16735259398810468,0.17698109816023047,226156000
2008-12-29,0.17766891419887543,0.17766891419887543,0.16322615871472493,0.1744594114619111,460168000
2008-12-30,0.18385866284370422,0.1866096709027677,0.17583491325076242,0.17996141850716907,409860000
2008-12-31,0.18500490486621857,0.1895899181017246,0.17835665275520554,0.18156615518787148,441580000
2009-01-02,0.19967691600322723,0.2010524131149088,0.1843171595403834,0.18500490126403607,497124000
2009-01-05,0.20334495604038239,0.2079299561878561,0.19600894760579746,0.19738444491716392,705736000
2009-01-06,0.2102224975824356,0.21618300987723843,0.20472049359113045,0.20930549463982123,657904000
2009-01-07,0.1976137012243271,0.20540821822856356,0.19050693973939936,0.20540821822856356,870096000
2009-01-08,0.19257007539272308,0.1950918349853088,0.18064907352349707,0.1950918349853088,1014496000
2009-01-09,0.18179547786712646,0.19257023952874822,0.181336983185518,0.19257023952874822,761352000
2009-01-12,0.17445938289165497,0.18271239248212107,0.1719376360342906,0.18179538989824975,645532000
2009-01-13,0.17537640035152435,0.18202466623242497,0.16528939840207887,0.1684989008856811,1824424000
2009-01-14,0.1675819605588913,0.17124995890550462,0.1650602125496185,0.1691867055654153,974908000
2009-01-15,0.17354241013526917,0.17629340447872507,0.16506015252492248,0.1684989022864308,998204000
2009-01-16,0.18317089974880219,0.18477564401478327,0.1726253905802103,0.17835663962210782,831324000
2009-01-20,0.16528940200805664,0.1834001673938031,0.1639138911533782,0.1827124119664639,705788000
2009-01-21,0.17331314086914062,0.1744593907344151,0.16230913669675515,0.16849889416786307,648472000
2009-01-22,0.17010366916656494,0.17468868311826904,0.16391391058004845,0.16781116902290225,547656000
2009-01-23,0.17675189673900604,0.1820246513645552,0.16506013767056016,0.16528938490115455,633616000
2009-01-26,0.18271242082118988,0.18798517624798325,0.17468867088047338,0.17766891265982715,581748000
2009-01-27,0.19348718225955963,0.1948626932044964,0.18500492397808746,0.18569267945055584,725300000
2009-01-28,0.20151092112064362,0.20472042348857122,0.19394566651512687,0.20036467125098206,723752000
2009-01-29,0.18981917202472687,0.1971551797952207,0.188902169345368,0.19486267992901207,413128000
2009-01-30,0.1822539120912552,0.19348716386597148,0.17996141228679785,0.188443669761916,506760000
2009-02-02,0.19211168587207794,0.19417493863469662,0.1785859192798418,0.17950292202593657,577992000
2009-02-03,0.19440415501594543,0.19600891298272327,0.18729739511119878,0.19257014981516385,396948000
2009-02-04,0.19990620017051697,0.20976397000753208,0.19486270527460656,0.19486270527460656,779232000
2009-02-05,0.21457822620868683,0.21687072646483932,0.19257019915374016,0.19463345211715327,919192000
2009-02-06,0.22626997530460358,0.22764547264552906,0.21159795812013646,0.21526596924844255,1157880000
2009-02-09,0.22328968346118927,0.22856243835460036,0.21709993959881657,0.22535293597010564,716128000
2009-02-10,0.21366122364997864,0.22604074144648512,0.2095347177178098,0.2230604856438766,1129664000
2009-02-11,0.18683892488479614,0.2038034410321642,0.18019067224984858,0.19669668020534367,1983400000
2009-02-12,0.19073617458343506,0.1918824245158143,0.18019066427404432,0.18271241139240327,1024020000
2009-02-13,0.1905069649219513,0.19279947906789494,0.18500496103332417,0.18638047225376647,764304000
2009-02-17,0.17950299382209778,0.18775600817354676,0.1788152380713492,0.1834002536357006,779576000
2009-02-18,0.1843172162771225,0.19027771470542773,0.17927370709595614,0.17950295440774083,646252000
2009-02-19,0.17010366916656494,0.18958994771645526,0.17010366916656494,0.18798518941726414,743988000
2009-02-20,0.17445938289165497,0.17721039064326888,0.1662063869655645,0.16781113123905755,770056000
2009-02-23,0.16643570363521576,0.178356714870438,0.1652894533432356,0.17743971190397761,679548000
2009-02-24,0.18133693933486938,0.18156618662023735,0.1671234163407496,0.1673526772904965,659524000
2009-02-25,0.18340013921260834,0.18890214079275536,0.174688635572011,0.18087837880944202,702360000
2009-02-26,0.18936064839363098,0.19577965296072436,0.1870681487145799,0.18981915652806675,1117556000
2009-02-27,0.18981917202472687,0.19417492450339865,0.18317091967984644,0.1845464168666962,755444000
2009-03-02,0.17377163469791412,0.18913138982582337,0.1730838793696588,0.18523414607071026,700064000
2009-03-03,0.18064919114112854,0.18752670563175763,0.17124992908041714,0.17698119343333799,1041372000
2009-03-04,0.19394563138484955,0.1994476324954971,0.18385861796168418,0.18546337568715887,1108668000
2009-03-05,0.18936064839363098,0.19898915524427108,0.1884436594535113,0.19119465360262222,955252000
2009-03-06,0.1923409104347229,0.19921842338628482,0.18683890827209923,0.1893606552778586,974756000
2009-03-09,0.19027768075466156,0.2054082055984593,0.18981918621290014,0.19096543623168175,682768000
2009-03-10,0.20747143030166626,0.21113944103869964,0.19532117548009165,0.19715518084860836,1254800000
2009-03-11,0.21320264041423798,0.2716614137077905,0.20403262952626716,0.20747137848511607,864916000
2009-03-12,0.22581148147583008,0.228103981606244,0.20976396689855395,0.21251496158929922,1604604000
2009-03-13,0.22466519474983215,0.22787469714156186,0.21893393169464428,0.22260194223626475,1195156000
2009-03-16,0.21595366299152374,0.2271869274897196,0.2141196715001988,0.22695768026135094,699344000
2009-03-17,0.2267284244298935,0.22718691886923353,0.21389041615587273,0.2166414101206629,1005384000
2009-03-18,0.2338351309299469,0.24048339483376233,0.22306037677240248,0.2232896239535475,1359560000
2009-03-19,0.23108413815498352,0.23543987560357077,0.22947939421754326,0.23543987560357077,822648000
2009-03-20,0.21847549080848694,0.23475226766750767,0.21251497904822866,0.2345230067041287,1093672000
2009-03-23,0.23429369926452637,0.23475222110032853,0.22030945282703493,0.22535294706207215,816048000
2009-03-24,0.22420668601989746,0.23062570445112665,0.2230604361447006,0.2285624382785207,1114868000
2009-03-25,0.2278747409582138,0.2384202391321615,0.21916322107896807,0.23108424396707938,1243852000
2009-03-26,0.2420882284641266,0.24254672299629704,0.22902097032473567,0.23154271758042866,1333664000
2009-03-27,0.23979566991329193,0.24552691848766575,0.23612765989419313,0.23956640903881743,731892000
2009-03-30,0.2244359254837036,0.2336059514962221,0.2212264232115101,0.23062569645824757,780052000
2009-03-31,0.22604070603847504,0.2315427085313825,0.22443594790983937,0.22787471142423663,805272000
2009-04-01,0.23177197575569153,0.23383521479030944,0.2148074459726296,0.22328970403197176,887920000
2009-04-02,0.24254675209522247,0.24690251899530255,0.23704476239157896,0.24048351278854585,1002860000
2009-04-03,0.2595113217830658,0.26019907746425136,0.23864955431676807,0.24277606107511715,1003208000
2009-04-06,0.26019904017448425,0.2624915405640494,0.25171679419884535,0.2551555447831931,887288000
2009-04-07,0.2512581944465637,0.2579064599146783,0.24965345013658843,0.255155465764899,607804000
2009-04-08,0.2615745961666107,0.26226235186709523,0.2519460710173575,0.25400933811881105,731652000
2009-04-09,0.2760172188282013,0.27693420775209004,0.26615946491701575,0.26822270366014117,904412000
2009-04-13,0.2670765519142151,0.27280783044373536,0.2611160670626827,0.27257856946420045,767628000
2009-04-14,0.26868125796318054,0.2751002631934014,0.26226225273295967,0.2634085026909007,711960000
2009-04-15,0.26111599802970886,0.2622622479668189,0.2501119658389474,0.25928199266458196,1045368000
2009-04-16,0.26776424050331116,0.27097375676965874,0.2558432464552813,0.2659302351123632,1038772000
2009-04-17,0.2695983052253723,0.27212006660898985,0.26134529281422453,0.26776429943081054,695764000
2009-04-20,0.25332143902778625,0.2615744481045218,0.25194592840541385,0.2592819486197341,590660000
2009-04-21,0.2526337504386902,0.2631792617853463,0.2462147447202368,0.24988275579614067,932184000
2009-04-22,0.26019904017448425,0.27074455289798793,0.24621477686663287,0.25034128303360215,916404000
2009-04-23,0.25607243180274963,0.26501319615083224,0.24804868364174568,0.2627206966762597,753952000
2009-04-24,0.26203295588493347,0.26386696103194646,0.2524044356953029,0.2585942064825657,759508000
2009-04-27,0.2526337504386902,0.2659302564278958,0.25102900584126603,0.2585942616048448,787024000
2009-04-28,0.25332143902778625,0.2585941933085479,0.24713166855585986,0.24942419536939708,634392000
2009-04-29,0.24942423403263092,0.2556139781352796,0.24644397877468785,0.25446772821520564,859668000
2009-04-30,0.263179212808609,0.2705152062664571,0.25217520895746104,0.2542384477232224,1110276000
2009-05-01,0.267535001039505,0.2737247451854752,0.26226224590451047,0.2624914794928774,840548000
2009-05-04,0.28197771310806274,0.28404095173622546,0.2684519495974687,0.2721199597461467,927704000
2009-05-05,0.2705152928829193,0.27762205504717463,0.2647840418887652,0.2757880492632932,837076000
2009-05-06,0.2650132179260254,0.2760172217738834,0.25974046323551514,0.2734954612131497,935088000
2009-05-07,0.2459854781627655,0.2709737723019153,0.24254672810591138,0.2709737723019153,1289196000
2009-05-08,0.2120564579963684,0.2407127220703002,0.20884695521762278,0.2407127220703002,2930564000
2009-05-11,0.21618293225765228,0.22145568703623833,0.20678367255109661,0.20861767777783335,1038596000
2009-05-12,0.2058667093515396,0.22099722120796028,0.20174020363353784,0.22099722120796028,1201384000
2009-05-13,0.19257007539272308,0.2056373403177239,0.19096533171050545,0.2044910909263197,1305608000
2009-05-14,0.1953212171792984,0.1994477233072419,0.1909654637474425,0.19234096123529698,1017864000
2009-05-15,0.20036466419696808,0.207242163172809,0.194404154153072,0.1966966538116856,780308000
2009-05-18,0.2125149518251419,0.2138904627716943,0.20494969627661577,0.20540820448025923,938320000
2009-05-19,0.21664144098758698,0.2191631880920039,0.21045168318833415,0.21389044663083703,859768000
2009-05-20,0.2230604737997055,0.23498148271277283,0.219621723593617,0.22053872638144967,1309436000
2009-05-21,0.221684992313385,0.22466524817100636,0.2154952333008744,0.22030949486539808,965600000
2009-05-22,0.22512365877628326,0.22833316073376975,0.21755840513823474,0.22168490960705658,718260000
2009-05-26,0.2372739166021347,0.2391079216657369,0.22076791202283938,0.2230604115201547,865540000
2009-05-27,0.23773249983787537,0.2448392618656956,0.23383525470242164,0.23612775505607206,814152000
2009-05-28,0.24094204604625702,0.2430052856840779,0.23062579319962612,0.2414005407070213,995288000
2009-05-29,0.23910798132419586,0.2416297423319327,0.23085497014319936,0.24117124778382326,834232000
2009-06-01,0.25079968571662903,0.252175196377687,0.24094193218904789,0.241858921077253,1022764000
2009-06-02,0.2487363964319229,0.2563016488705901,0.24415139826651794,0.2507996346748572,907984000
2009-06-03,0.24094204604625702,0.24644406396171809,0.23498153347003164,0.2455270473114263,735688000
2009-06-04,0.24965347349643707,0.25011196800950924,0.24140046294612044,0.24162972386703374,673180000
2009-06-05,0.24827799201011658,0.2542385033716953,0.2452977636580849,0.2542385033716953,559992000
2009-06-08,0.24690239131450653,0.2503411399331911,0.2407126219378785,0.24644389696443086,473948000
2009-06-09,0.260428249835968,0.2631792442956995,0.24850722829587346,0.2503412337119461,725032000
2009-06-10,0.26868125796318054,0.2702860024385471,0.2560724810970742,0.2618037308867795,833320000
2009-06-11,0.2652425467967987,0.27968533265711454,0.26363780192190633,0.2693690531384944,835156000
2009-06-12,0.2638670802116394,0.264784069534943,0.2553848059916463,0.26134531857940957,595000000
2009-06-15,0.2595113217830658,0.26249157818236035,0.25492632034684776,0.25905282710519684,445164000
2009-06-16,0.25240451097488403,0.2627207895875658,0.24873652691563367,0.2595112727908677,594912000
2009-06-17,0.2585943043231964,0.261116065770556,0.24644404637196063,0.25630180385423723,799016000
2009-06-18,0.2535507380962372,0.26249150479444283,0.250799743469388,0.2576772437008893,566376000
2009-06-19,0.2563018500804901,0.26272085801705153,0.2528630987568429,0.2560725890607405,747564000
2009-06-22,0.24185892939567566,0.25721869876701753,0.24094194047593195,0.25721869876701753,574864000
2009-06-23,0.2407127022743225,0.24460997387251887,0.23131344198147244,0.24415147936942339,589764000
2009-06-24,0.2487363964319229,0.2544676441386791,0.24369287658698163,0.24369287658698163,515096000
2009-06-25,0.2618037462234497,0.26226226809649045,0.2439222403663055,0.24644400135300445,870444000
2009-06-26,0.2652425467967987,0.26615956338870966,0.258365045336893,0.26065754582352824,513956000
2009-06-29,0.2652425467967987,0.2700568087502373,0.26249155167858873,0.26593030240854154,510056000
2009-06-30,0.258823424577713,0.2679934497647606,0.254009192099356,0.26432543968994154,589844000
2009-07-01,0.25996968150138855,0.2634084581221246,0.2556139433297064,0.2604282032699867,696420000
2009-07-02,0.24988281726837158,0.25469705224496625,0.2464440662870482,0.25148756226056984,552312000
2009-07-06,0.24185892939567566,0.24988270542281393,0.2377324245993264,0.24965344452850238,752456000
2009-07-07,0.23131339251995087,0.24415142716275715,0.23062566457674075,0.2427759166188409,1072996000
2009-07-08,0.23177197575569153,0.23337672026358938,0.22260196224189166,0.23268896480913168,1205860000
2009-07-09,0.23681552708148956,0.24071277248771777,0.2349815212053934,0.2356692768250247,714564000
2009-07-10,0.23773249983787537,0.23933727194843857,0.23177201531564023,0.23681551062791917,520008000
2009-07-13,0.24048356711864471,0.24254680689144892,0.22810404649552457,0.24254680689144892,556012000
2009-07-14,0.24552708864212036,0.24644410544677778,0.2395665750625346,0.24231759814773898,452568000
2009-07-15,0.25561413168907166,0.2606576289014011,0.2521753798631057,0.25446788108041635,1022808000
2009-07-16,0.2689104378223419,0.2698274540027043,0.2569894461076244,0.25836492938504424,952076000
2009-07-17,0.2767050266265869,0.2776220157242633,0.2661595153595254,0.2689105099813112,850356000
2009-07-20,0.2801437973976135,0.28312405317800116,0.275329535957852,0.2789975472765997,782756000
2009-07-21,0.2744125425815582,0.28060228767429674,0.26799353653663166,0.2794560375708726,941296000
2009-07-22,0.2812901437282562,0.283811905788508,0.2670766155032268,0.26891062178988556,600908000
2009-07-23,0.2980252802371979,0.29894229665583516,0.2787682633908908,0.2817485189261384,1046120000
2009-07-24,0.2971082031726837,0.2980251919910415,0.2870211895270066,0.2888551944924705,650592000
2009-07-27,0.29848378896713257,0.30283952794539626,0.29160626178085264,0.29435728358686664,677484000
2009-07-28,0.2989422380924225,0.3021517266070166,0.2938987170998446,0.29642047759613355,563180000
2009-07-29,0.29298174381256104,0.2973375096903496,0.2900014887022325,0.29550350444332035,373972000
2009-07-30,0.29527416825294495,0.30192243216222053,0.29275240826516014,0.29802516175769034,468444000
2009-07-31,0.29642045497894287,0.3005469594176723,0.2883967069759269,0.2952742052642263,541560000
2009-08-03,0.3044443428516388,0.3078831209044018,0.297796102383407,0.30352735359007627,471900000
2009-08-04,0.30650749802589417,0.31178025268097403,0.2987129828270256,0.2991714772907822,695380000
2009-08-05,0.30719515681266785,0.3094876557395074,0.3010053878472068,0.3046733970616472,610768000
2009-08-06,0.30077627301216125,0.31384351658460596,0.29894226768140064,0.3083415279210778,957588000
2009-08-07,0.31430211663246155,0.32622311325598646,0.3099463494718156,0.3170531116488503,1401872000
2009-08-10,0.30398574471473694,0.32117951980908377,0.30215173948732305,0.3165945204049252,693312000
2009-08-11,0.2968790531158447,0.30650757594625455,0.29527430842036256,0.30192257548558643,481884000
2009-08-12,0.30788302421569824,0.31109251295200896,0.29687899256012557,0.297108253467899,634940000
2009-08-13,0.3170531094074249,0.31819935960021345,0.3046735909280525,0.3101756082506937,564028000
2009-08-14,0.3076538145542145,0.31705307607852595,0.3035273088282056,0.3165945815153599,427148000
2009-08-17,0.2948158383369446,0.29917157820500395,0.291606321350536,0.298254588968179,465032000
2009-08-18,0.30559056997299194,0.3090293477655883,0.29458656302296177,0.29481582398538797,636200000
2009-08-19,0.30215173959732056,0.3039857448254021,0.29802523466632513,0.3010054897458636,552996000
2009-08-20,0.31407278776168823,0.3154482986368925,0.30008852740254505,0.3007762828401472,819840000
2009-08-21,0.3193455636501312,0.3198040581952458,0.3101755634328143,0.31659456905068745,607324000
2009-08-24,0.3104047179222107,0.3209502264156924,0.308570712880464,0.3175114772106983,461456000
2009-08-25,0.31315580010414124,0.3163652890553544,0.30673679487296024,0.31200952281727407,444088000
2009-08-26,0.3168236315250397,0.3175113866355954,0.3113216452980767,0.31246789470608916,434308000
2009-08-27,0.32117950916290283,0.32255499254130576,0.314760504744102,0.31819925418323625,551072000
2009-08-28,0.33768558502197266,0.34456308505478633,0.3294325740510939,0.3298910685875303,883992000
2009-08-31,0.3328714072704315,0.3353931688442929,0.3285156397636494,0.3337883965725105,431796000
2009-09-01,0.3216380774974823,0.3420413452532332,0.31980407190961874,0.33264208369590603,736856000
2009-09-02,0.3262230157852173,0.3294325317860138,0.32026250558998975,0.32209651082919455,404656000
2009-09-03,0.3340176045894623,0.33447609916778764,0.3253060982862471,0.32622308744289785,534020000
2009-09-04,0.34639713168144226,0.34868963196473035,0.3326421026529547,0.3326421026529547,513048000
2009-09-08,0.3560255765914917,0.3560255765914917,0.34616782131455637,0.3489188157961126,549712000
2009-09-09,0.36588335037231445,0.3665711058596743,0.35029434441677004,0.3553378391094812,571684000
2009-09-10,0.377575159072876,0.3780336810078509,0.36290314037267896,0.3670296464861331,607952000
2009-09-11,0.37413638830184937,0.37803366056583265,0.37138539348455885,0.3766581494928081,712732000
2009-09-14,0.3679465651512146,0.3716145756827399,0.3647370491039418,0.3686343205419697,490516000
2009-09-15,0.37551191449165344,0.38009691514796634,0.3679466579429852,0.3713854084352199,546136000
2009-09-16,0.36542484164237976,0.37528259703529687,0.3599228526145335,0.3745948415746272,707064000
2009-09-17,0.3493773937225342,0.364507906792549,0.34318762098468114,0.364507906792549,923096000
2009-09-18,0.34891876578330994,0.3553377702060334,0.34616777169607166,0.3528160370130447,604740000
2009-09-21,0.3473140299320221,0.3532745400395374,0.3418120416241249,0.3447922693491306,588776000
2009-09-22,0.3480018079280853,0.3518990521769551,0.3452508135952804,0.34983581325953983,361388000
2009-09-23,0.3424997925758362,0.3530453027549049,0.3420412980743014,0.35006504750179823,478936000
2009-09-24,0.3379147946834564,0.3482310713304912,0.336768544759203,0.3482310713304912,552876000
2009-09-25,0.33241283893585205,0.3376855945759398,0.32989107792097117,0.3360808226598756,377556000
2009-09-28,0.3399781286716461,0.34846037433512483,0.3335591223513414,0.3335591223513414,467708000
2009-09-29,0.33378827571868896,0.3461677907871144,0.3331005203267621,0.3420412857643059,470928000
2009-09-30,0.3445631265640259,0.3486896325465821,0.3331005977996991,0.34066585421292556,875956000
2009-10-01,0.3200332820415497,0.3434168017486524,0.31980402113118467,0.3434168017486524,999960000
2009-10-02,0.31751155853271484,0.3243890587041891,0.3149897975383384,0.3168238030498161,612476000
2009-10-05,0.3159067928791046,0.32209653715466025,0.3104047767118016,0.32095028720256646,754276000
2009-10-06,0.32117950916290283,0.32668149733401713,0.3175114988296591,0.31980399845574864,761272000
2009-10-07,0.3186577558517456,0.32232576626797127,0.31521900633481603,0.31888701675104164,459608000
2009-10-08,0.3207210898399353,0.32140881802587773,0.30925856169536825,0.3204918288921161,1241524000
2009-10-09,0.32484760880470276,0.3253061033902218,0.3184286026211601,0.3188870972066791,618540000
2009-10-12,0.32117950916290283,0.3273692526875942,0.3191162431021715,0.319345503996281,499008000
2009-10-13,0.3200332820415497,0.32668152049709653,0.3170530268505706,0.3230135372325288,602124000
2009-10-14,0.31957486271858215,0.33241287548615367,0.317970090626066,0.33241287548615367,1101948000
2009-10-15,0.3101755380630493,0.3220965319047724,0.30811227178565714,0.3191162766121531,1092196000
2009-10-16,0.30306875705718994,0.3071952620042717,0.29756674135149686,0.3062782457222801,1018832000
2009-10-19,0.31407278776168823,0.3165945485899779,0.3030687827463179,0.30559051624585293,695588000
2009-10-20,0.31430211663246155,0.3216381124524184,0.3117803552589949,0.31934561205063433,660180000
2009-10-21,0.3067368268966675,0.31797006672743244,0.305132054924766,0.3131558327980007,503956000
2009-10-22,0.3088000416755676,0.31040478619175793,0.2998592753789266,0.30513203078534223,379328000
2009-10-23,0.3014640510082245,0.31292655102312605,0.2996300455400891,0.31292655102312605,429528000
2009-10-26,0.2975667715072632,0.3083415431078914,0.29596202701209146,0.3037565432195407,481652000
2009-10-27,0.28747978806495667,0.30054706109654855,0.2844995596614437,0.29619132163852335,591836000
2009-10-28,0.27555862069129944,0.28747960886051055,0.2741831104942308,0.28106060682209194,773632000
2009-10-29,0.28770893812179565,0.2890844486461281,0.27739269117554516,0.2799144240318245,637100000
2009-10-30,0.2741831839084625,0.28747968583496236,0.27280770067184085,0.2863334361400701,604144000
2009-11-02,0.2767050266265869,0.28266553774775327,0.2689105099813112,0.27372477106600374,593136000
2009-11-03,0.2753295302391052,0.2767050412872551,0.265013279364255,0.2677642741317968,876472000
2009-11-04,0.27464184165000916,0.2803731208616072,0.2734955912734425,0.2773928644167809,916840000
2009-11-05,0.2812901437282562,0.2840411394938604,0.2769343753813457,0.277851392189059,955156000
2009-11-06,0.3016931712627411,0.3078829408082468,0.29527416820031566,0.298942177758486,1641112000
2009-11-09,0.3085707426071167,0.31292650841697844,0.30559048754326434,0.3058197484438499,818124000
2009-11-10,0.301005482673645,0.30971698680578863,0.29710823873600883,0.30971698680578863,781472000
2009-11-11,0.309487909078598,0.31682390618380035,0.30559063584976576,0.3060491578734627,871512000
2009-11-12,0.3085707426071167,0.3175115077986738,0.30765375366227843,0.31223875304397375,505864000
2009-11-13,0.31086328625679016,0.31246805813031414,0.3069660416969946,0.30834155263751345,388524000
2009-11-16,0.3152189254760742,0.31888693495139625,0.31200941035298124,0.31361418157890014,402820000
2009-11-17,0.31476056575775146,0.3154483212446441,0.30880005464302407,0.3154483212446441,350124000
2009-11-18,0.30994629859924316,0.31292655409815473,0.30467354307482364,0.31178030408540075,455516000
2009-11-19,0.2975667715072632,0.3032980213677016,0.2920647825727443,0.3032980213677016,833840000
2009-11-20,0.2957327365875244,0.2971082473483277,0.2900014872987647,0.29068924267916635,426748000
2009-11-23,0.2980252802371979,0.30559053587936297,0.29664979660237645,0.3000885466825645,390924000
2009-11-24,0.29619139432907104,0.29871312877621037,0.2913771317855321,0.296649889016845,418504000
2009-11-25,0.2996300160884857,0.30375652115399393,0.2975667498913551,0.2996300160884857,441760000
2009-11-27,0.29321107268333435,0.29664982307033777,0.2872505610810249,0.28885530579587476,279932000
2009-11-30,0.29940083622932434,0.29963009720065253,0.29114782386415416,0.2943573408189472,509836000
2009-12-01,0.305361270904541,0.3088000206315005,0.2994007604463098,0.3010055048531402,461936000
2009-12-02,0.31453126668930054,0.31521902209281816,0.30421501762279585,0.30604902292259173,602292000
2009-12-03,0.3170531094074249,0.3239306105641562,0.31659461479606155,0.31819935960021345,660036000
2009-12-04,0.32691073417663574,0.32828624478259083,0.31796996989542625,0.32301349056476203,824564000
2009-12-07,0.3688634932041168,0.37711650187273726,0.34616773302978454,0.36336150564420194,2732184000
2009-12-08,0.35098201036453247,0.36450777373617427,0.34891874442881615,0.36290300223214506,1075512000
2009-12-09,0.35969358682632446,0.36244458130308976,0.3512113151405617,0.35465009239746226,671588000
2009-12-10,0.3532745838165283,0.36450785005288483,0.3521283338329464,0.36221535008572087,417012000
2009-12-11,0.34868958592414856,0.35671333585620996,0.34777256953465974,0.35625484132584323,416744000
2009-12-14,0.35923513770103455,0.3603813878219437,0.3498358757780762,0.3537331207234155,405488000
2009-12-15,0.3587765097618103,0.3647369917777818,0.3557962550894504,0.3567132439138311,446152000
2009-12-16,0.38766223192214966,0.3917887386196593,0.3695514601188473,0.37161472713198407,1683400000
2009-12-17,0.3858281075954437,0.4007293848027682,0.38009685764214796,0.38880836303690863,1016132000
2009-12-18,0.3855988085269928,0.39041304127313997,0.3810137820140537,0.389037557915134,812828000
2009-12-21,0.39935383200645447,0.40095857635935356,0.38743283881937907,0.38789133330181413,427792000
2009-12-22,0.40989950299263,0.41402600961533764,0.39889549444166417,0.39935398910446207,793044000
2009-12-23,0.415630578994751,0.4167768288318344,0.4085238190733326,0.413796573789667,442196000
2009-12-24,0.41471365094184875,0.41746464548897994,0.4131089064000852,0.4167768900200082,136812000
2009-12-28,0.4080653488636017,0.41769386993051694,0.40393884373903133,0.41402585930228697,465760000
2009-12-29,0.4131089448928833,0.4142551950050566,0.40577292231196743,0.40668993879896115,475848000
2009-12-30,0.4280101954936981,0.43053195666693084,0.4140259332216953,0.41700618897312713,704008000
2009-12-31,0.4282393753528595,0.43442911930831174,0.427780880861484,0.42892713075429934,700340000
2010-01-04,0.4238835573196411,0.42686381214080404,0.41517205373806854,0.4243420517547239,800204000
2010-01-05,0.4300733804702759,0.43465838003965196,0.42227886480508464,0.42227886480508464,728648000
2010-01-06,0.4328244626522064,0.43374145182081963,0.42571770094479866,0.42984420686107544,649168000
2010-01-07,0.4243421256542206,0.43236590264489055,0.42113263672095624,0.4305318972564161,547792000
2010-01-08,0.42525914311408997,0.4282393984619843,0.4183816433860667,0.42090337688908913,478168000
2010-01-11,0.41929861903190613,0.4293856347082248,0.41333810852641084,0.4275516293735529,556612000
2010-01-12,0.40508508682250977,0.41471360772727794,0.396373582223733,0.4131088633527343,627432000
2010-01-13,0.4105871319770813,0.4119626428698664,0.39201787156825724,0.40783613752026604,508868000
2010-01-14,0.40416809916496277,0.40852383781419704,0.3972905998269593,0.4055436099640647,608524000
2010-01-15,0.39224711060523987,0.40462662682575173,0.38697435521476753,0.4011878768748465,818192000
2010-01-19,0.39958322048187256,0.4021049546047237,0.38812069078898437,0.38926694102539705,545328000
2010-01-20,0.39797842502593994,0.3995831971261274,0.38926691827264115,0.3945396745176978,719728000
2010-01-21,0.3908717930316925,0.40485605970288624,0.38720378059469407,0.39774929585448937,608632000
2010-01-22,0.37734586000442505,0.3933933597407175,0.37505336004209755,0.38628659892600015,1067916000
2010-01-25,0.3837648034095764,0.3911007966389482,0.380784548473933,0.3835355425188535,643676000
2010-01-26,0.37161463499069214,0.3844526465711644,0.3713853740476006,0.38193088551218546,714636000
2010-01-27,0.3817015290260315,0.383077039682765,0.3672587764453304,0.37138528108678076,812504000
2010-01-28,0.3688634932041168,0.38605726581853417,0.3635907391840953,0.38468175526418136,687764000
2010-01-29,0.352816104888916,0.37711661654682405,0.34731408832719296,0.37299011095772083,774700000
2010-02-01,0.3798674941062927,0.3805552493806693,0.3512112247514193,0.354191479387886,949832000
2010-02-02,0.3837648034095764,0.3885790634847505,0.37734579908559457,0.3784920488817074,849812000
2010-02-03,0.38697436451911926,0.38857913639779745,0.3784921199020251,0.3803261253856888,562296000
2010-02-04,0.3645078241825104,0.38353557802525695,0.3603813190687365,0.38353557802525695,783480000
2010-02-05,0.3718438744544983,0.37276089091253306,0.357630351649398,0.36404938486936894,604856000
2010-02-08,0.3711560070514679,0.3800967713459749,0.36382001424254495,0.3706975126250507,445160000
2010-02-09,0.368175745010376,0.37895051412635933,0.36450776234277943,0.3771165091281867,930144000
2010-02-10,0.3752826452255249,0.37872139564168933,0.36794664980345926,0.3704684110401501,535828000
2010-02-11,0.392476350069046,0.3966028552502059,0.3784920901019914,0.3812430844465134,695980000
2010-02-12,0.3977489769458771,0.4057727238058313,0.38536946539327205,0.3897252300859228,780212000
2010-02-16,0.40508508682250977,0.40668985852580647,0.3982075875069628,0.40302184795934687,457024000
2010-02-17,0.4089822471141815,0.4103577302061085,0.3972904905247016,0.41012849668849344,876560000
2010-02-18,0.3821600675582886,0.38857907202332054,0.3716145582708253,0.3865158059477291,1515508000
2010-02-19,0.38009682297706604,0.38468182252154764,0.37826281769352277,0.3805553174657636,510548000
2010-02-22,0.38078469038009644,0.3874329580723959,0.37826292895736885,0.3817016796272186,458084000
2010-02-23,0.37161463499069214,0.3835356301275552,0.3677173629306779,0.38193088551218546,489764000
2010-02-24,0.3794091045856476,0.3830771155104968,0.373677854596043,0.3748241045939639,445868000
2010-02-25,0.37597036361694336,0.3768873800345462,0.3612983468941047,0.37069760803418506,576972000
2010-02-26,0.3713853657245636,0.3768873822766431,0.3690928656600529,0.3741363603362251,393396000
2010-03-01,0.3862866163253784,0.3881206218435999,0.36863437128610366,0.3716146268371191,555868000
2010-03-02,0.38605740666389465,0.3945396519669868,0.3833064118802915,0.3897254179278709,538648000
2010-03-03,0.3812430500984192,0.3904130486398239,0.37803356154042805,0.3883498098995084,399300000
2010-03-04,0.38193076848983765,0.385828012026992,0.3771165087900448,0.3828477573237274,557396000
2010-03-05,0.3936226963996887,0.39637369141800977,0.3791799383925528,0.3791799383925528,632832000
2010-03-08,0.3878912627696991,0.3949980216058213,0.3862864913798506,0.39385177194378534,439312000
2010-03-09,0.4023341238498688,0.40623136829933376,0.3915593522212676,0.3917886131477823,830832000
2010-03-10,0.4032510221004486,0.4076067874221777,0.40095852266651194,0.40118778354140516,418520000
2010-03-11,0.39408111572265625,0.4014171374749279,0.39247637121263007,0.4000416265641881,540660000
2010-03-12,0.3954566717147827,0.3995831775886613,0.3933934051134642,0.39843692747529275,520352000
2010-03-15,0.39339324831962585,0.39889526306812484,0.38972526581604067,0.39499801970173853,358904000
2010-03-16,0.4071483910083771,0.40944089099415576,0.3929348692335447,0.3931641301636248,664988000
2010-03-17,0.4149428606033325,0.4204448767088826,0.40944087182653666,0.40944087182653666,651168000
2010-03-18,0.400270938873291,0.4156306851473583,0.3966029275263083,0.4156306851473583,740964000
2010-03-19,0.3954566717147827,0.4073776674280644,0.3904131493529542,0.4062314173146958,584612000
2010-03-22,0.40187573432922363,0.40348047924785546,0.3904132042548596,0.3904132042548596,435336000
2010-03-23,0.410128653049469,0.41219189213833923,0.402104875641486,0.4048558975316543,493612000
2010-03-24,0.39637356996536255,0.4078360957988669,0.39568581458932695,0.4066898459483917,436252000
2010-03-25,0.3975198268890381,0.40462658701993826,0.3966028379238425,0.4021048263725214,495184000
2010-03-26,0.3975198268890381,0.4050850815025361,0.3943103381821008,0.40095857650165057,344676000
2010-03-29,0.4025634229183197,0.403480412053751,0.39453964500388583,0.400041661802747,394456000
2010-03-30,0.40416809916496277,0.409211593213748,0.3972905998269593,0.4071483543438482,324104000
2010-03-31,0.39889538288116455,0.40439739928226054,0.3968321164824702,0.40256339381522854,389840000
2010-04-01,0.3947688937187195,0.4053144050931759,0.3906423880796384,0.40072940490058734,339664000
2010-04-05,0.40072932839393616,0.4014170837572706,0.3968320571112917,0.3972905789060157,413636000
2010-04-06,0.3908717930316925,0.39660304538402325,0.3839942628801287,0.39568602861039015,809260000
2010-04-07,0.39339324831962585,0.40004151272463534,0.3851402398612511,0.38834975529672905,817468000
2010-04-08,0.38697436451911926,0.39385189191504716,0.38491112543047007,0.39087163642018813,1037600000
2010-04-09,0.3894961178302765,0.39087162874821496,0.3839941014872782,0.3860573678641858,817572000
2010-04-12,0.3966028690338135,0.3982076135131601,0.3892668474217924,0.38995460286401373,546460000
2010-04-13,0.4048559367656708,0.40623142051529515,0.39660292495289007,0.3982076696584978,648696000
2010-04-14,0.40989950299263,0.4156307545995119,0.40348049572716965,0.41356751495253974,900720000
2010-04-15,0.4128796458244324,0.4154014067699235,0.4071483957926397,0.4112749012812816,957596000
2010-04-16,0.39110082387924194,0.39774908955700045,0.3823893193562755,0.3961443451964217,1917736000
2010-04-19,0.38926687836647034,0.39041312841837517,0.3761996332405067,0.3881206283145655,1094492000
2010-04-20,0.3906424343585968,0.3961444516387748,0.3855989390150037,0.39201794551083136,678188000
2010-04-21,0.3805553615093231,0.39316413904467695,0.3759703614341967,0.3927056445029155,895908000
2010-04-22,0.3821600675582886,0.38330631737958887,0.36909279773246406,0.37436555237619573,656932000
2010-04-23,0.37688738107681274,0.38193087573692885,0.37023911451364283,0.38101385931679005,752916000
2010-04-26,0.3805553615093231,0.38514036158444953,0.37665811691121687,0.3773458723882371,491092000
2010-04-27,0.36978060007095337,0.381701594261267,0.36863435010402407,0.37780434983945843,606704000
2010-04-28,0.3704683184623718,0.37574107324861306,0.3629030366428172,0.36955130218329607,672164000
2010-04-29,0.3817015290260315,0.38216005079744286,0.36611252667430255,0.3716145419724864,987128000
2010-04-30,0.36015209555625916,0.3778043677466578,0.359922861949261,0.37711661226815096,1068048000
2010-05-03,0.35625484585762024,0.364049362288027,0.3507528294369645,0.36198609588199765,1078972000
2010-05-04,0.33814412355422974,0.35144063081342486,0.3331006010109506,0.35075287525490867,1311376000
2010-05-05,0.33241283893585205,0.34089508375055494,0.3282863333336636,0.33126658889795285,1330840000
2010-05-06,0.32553526759147644,0.3369977937573841,0.2989422593577763,0.3301202944550912,1002888000
2010-05-07,0.3200332820415497,0.328515525793757,0.3085707557696101,0.328515525793757,1153712000
2010-05-10,0.33378827571868896,0.34341679654815965,0.3301202925096669,0.3392902915253512,979156000
2010-05-11,0.33012035489082336,0.3367685945019772,0.32759859375348477,0.33057884946249644,829124000
2010-05-12,0.3365393579006195,0.3383733361710726,0.3303495855871883,0.3324128521345846,901236000
2010-05-13,0.33585160970687866,0.3505236274916789,0.33264209300609815,0.33516385417608585,1252000000
2010-05-14,0.2971082031726837,0.3140727149422891,0.2888551944924705,0.3131557261239313,2493068000
2010-05-17,0.2977961003780365,0.3014641120571089,0.2883968375308893,0.297566839399809,856060000
2010-05-18,0.28793832659721375,0.30215182322337497,0.2863335544980222,0.30031781748769876,674112000
2010-05-19,0.2925233244895935,0.2929818190869615,0.2844995733849953,0.28656281273753104,826520000
2010-05-20,0.28564587235450745,0.29252337447654664,0.2753295918426846,0.2840410999963537,1129136000
2010-05-21,0.2918354570865631,0.2998592051161518,0.2773927051675538,0.2773927051675538,1069600000
2010-05-24,0.283353328704834,0.2943573642882604,0.28243633940392976,0.29091861341672565,664564000
2010-05-25,0.29091861844062805,0.2922941024157377,0.27166156950146125,0.2744125921092068,966652000
2010-05-26,0.2922939956188202,0.3083415214285068,0.29137700663712524,0.3026102719710306,995028000
2010-05-27,0.309487909078598,0.309487909078598,0.2989423944513436,0.29963015015812366,713560000
2010-05-28,0.30123475193977356,0.30902926736036584,0.2966497525142789,0.30902926736036584,545116000
2010-06-01,0.2883967161178589,0.300546968944757,0.2881674552361486,0.29710821969160184,527492000
2010-06-02,0.2916063666343689,0.2920648886527464,0.2870213650807137,0.28885537116792875,649088000
2010-06-03,0.29114770889282227,0.2918354642064588,0.2847287048467974,0.2856457210412294,586360000
2010-06-04,0.27739274501800537,0.28770899396665944,0.27578797331854576,0.2826654999464014,671456000
2010-06-07,0.26363781094551086,0.2803730978652652,0.2624915606629602,0.2785390919474317,577248000
2010-06-08,0.2563018500804901,0.2624915969973019,0.24965358112417907,0.2624915969973019,967636000
2010-06-09,0.250111848115921,0.2645546233200652,0.24919485952934425,0.25767709960577406,697152000
2010-06-10,0.26019904017448425,0.2613452903692668,0.25446778920057145,0.2551555447831931,611768000
2010-06-11,0.2661594748497009,0.267305724711714,0.25676021504969304,0.25744797043265133,442104000
2010-06-14,0.260428249835968,0.270515238631235,0.25974049438884644,0.2700567441094056,375080000
2010-06-15,0.27326616644859314,0.27464164954107845,0.2629498929468527,0.26340841463976,528632000
2010-06-16,0.26982760429382324,0.27395411108200163,0.26615959218682816,0.27143234934234695,366480000
2010-06-17,0.2801437973976135,0.2808315529359735,0.26959828535278285,0.2792268082323059,859068000
2010-06-18,0.28197771310806274,0.2854164623741672,0.27968521359732645,0.28174845222548917,932832000
2010-06-21,0.2753295302391052,0.28862603683244153,0.27280779642250774,0.2879383086371246,579836000
2010-06-22,0.2650132179260254,0.2822069653980686,0.2636377071967613,0.27876821590365997,818164000
2010-06-23,0.2679935693740845,0.27074456449363216,0.259969790338198,0.26753507474228677,614060000
2010-06-24,0.25469687581062317,0.26776414235066887,0.25377988711566135,0.2663886319794816,725028000
2010-06-25,0.2540092468261719,0.2567602413106189,0.24988274143512368,0.256530980383267,507220000
2010-06-28,0.2544676661491394,0.25813567593022985,0.24988266758714994,0.2558431766492351,372008000
2010-06-29,0.2402542382478714,0.24919500517177692,0.23864949361909574,0.24896574422677012,660808000
2010-06-30,0.2340644896030426,0.24323448999644065,0.2340644896030426,0.24071272895675344,623072000
2010-07-01,0.23796170949935913,0.23956645393517387,0.22764544646777504,0.23475222062772963,737008000
2010-07-02,0.23498141765594482,0.23933718310830981,0.22695766939652226,0.23887868867352133,737096000
2010-07-06,0.23245973885059357,0.2416297390014137,0.23039647241940533,0.23406448341123584,712020000
2010-07-07,0.2436930537223816,0.24506856510333155,0.23291830566748914,0.2333768003515509,608412000
2010-07-08,0.2363569438457489,0.24552694246007425,0.23337668883034285,0.24529770889196706,783272000
2010-07-09,0.2372739166021347,0.2388786881132552,0.23429366178987482,0.2375031774833661,571516000
2010-07-12,0.2416296899318695,0.24460994484141468,0.23704469078756943,0.23727392434753408,565396000
2010-07-13,0.2503412365913391,0.2519459811005771,0.24415149215356094,0.2455269757348698,723316000
2010-07-14,0.2528630197048187,0.26317927045061307,0.24919500850814433,0.2613452648522759,1355664000
2010-07-15,0.24575628340244293,0.2533215401890985,0.24277602741633492,0.253092279217567,953088000
2010-07-16,0.23039646446704865,0.24644399150584415,0.22947947541511987,0.24575623605251995,1288604000
2010-07-19,0.23979566991329193,0.2407126587536922,0.2320011554548942,0.23360592691871798,798440000
2010-07-20,0.24575628340244293,0.24713176724535094,0.23154275905773702,0.23360602581523973,1160988000
2010-07-21,0.23773249983787537,0.24827801239617123,0.23543999948422495,0.24804877875806214,624940000
2010-07-22,0.2416296899318695,0.24415145039273478,0.23887869591103958,0.24025417925707923,462612000
2010-07-23,0.2375032603740692,0.24162976637517322,0.23521076007665134,0.24140050541392774,817604000
2010-07-26,0.24185892939567566,0.24277594564417065,0.23314742534310523,0.23681543567958266,683548000
2010-07-27,0.23979566991329193,0.24300515818344173,0.23681541518886776,0.2425466637632416,683472000
2010-07-28,0.23223040997982025,0.2400249242251036,0.23154265470394994,0.23589841989862984,1320808000
2010-07-29,0.20930546522140503,0.22008022437003716,0.20792996783300366,0.21549522396577986,2664476000
2010-07-30,0.2106809765100479,0.21434897410468437,0.20449121775874352,0.20770072077819254,984288000
2010-08-02,0.21045167744159698,0.21526593793101337,0.2095346747929283,0.2143489352823447,917020000
2010-08-03,0.204949751496315,0.2090762581190226,0.20334500651214077,0.2088470107876237,955444000
2010-08-04,0.21366122364997864,0.21434897919346657,0.20586672003609274,0.20678372287261684,855496000
2010-08-05,0.2164122313261032,0.21687072591040982,0.21045171974384128,0.2143489783679648,800504000
2010-08-06,0.21893395483493805,0.22122645483356915,0.21366119937233538,0.2154952048369914,739904000
2010-08-09,0.22099722921848297,0.2214557374617576,0.21572447323928923,0.2212264765079307,466456000
2010-08-10,0.21182715892791748,0.21778765482271026,0.21091015640617058,0.21732916039402414,772560000
2010-08-11,0.20357419550418854,0.2074714400142612,0.20288644004270381,0.2074714400142612,796148000
2010-08-12,0.20540820062160492,0.20999320058564097,0.19830143974584688,0.1999061842675084,1343584000
2010-08-13,0.21526598930358887,0.21824624520689692,0.21159797783355438,0.21205648609949862,1797392000
2010-08-16,0.20976394414901733,0.2166414437943734,0.2070129360922486,0.21228569128610578,814008000
2010-08-17,0.2125149518251419,0.21641221006641034,0.2097639572607931,0.21182721001624372,481224000
2010-08-18,0.21366122364997864,0.21549522932302687,0.21045172055433392,0.2118272316413098,352920000
2010-08-19,0.22649921476840973,0.22718697024732995,0.21480745361303444,0.21595370363498276,1615100000
2010-08-20,0.22856245934963226,0.2340644756550581,0.22466521488042762,0.22489446214372596,1305308000
2010-08-23,0.22512365877628326,0.2349814118604829,0.22443590347668813,0.2292501632451051,748620000
2010-08-24,0.22283123433589935,0.225123734553714,0.21732923108026836,0.21778772565807963,641332000
2010-08-25,0.22741617262363434,0.229250177762444,0.21916316316336626,0.22030942662340386,757532000
2010-08-26,0.22466519474983215,0.2329182048041018,0.22466519474983215,0.23039644414064364,657596000
2010-08-27,0.23200121521949768,0.2338352207014955,0.22030946784880087,0.22604071789957164,1060416000
2010-08-30,0.22099722921848297,0.23108424659797497,0.22099722921848297,0.22925024095363475,602804000
2010-08-31,0.2138904184103012,0.22466517449210896,0.21320266307966715,0.2177876621788938,931488000
2010-09-01,0.21549519896507263,0.2198509515766596,0.21434894899699064,0.21709995711901386,851440000
2010-09-02,0.21939247846603394,0.22008022031537444,0.21411972263252937,0.21618297550930848,596292000
2010-09-03,0.226957768201828,0.22764551015341689,0.2219142589016054,0.22466526770110343,566484000
2010-09-07,0.22902095317840576,0.2342936945611176,0.22581145070036823,0.2262699451982121,899820000
2010-09-08,0.23658618330955505,0.23819095497005396,0.22695768999032287,0.22947945060360495,1224156000
2010-09-09,0.23337678611278534,0.23979579328430808,0.23039652985506803,0.23956653229188254,697748000
2010-09-10,0.23085494339466095,0.2356692039138863,0.228791704502852,0.2349814485070322,609292000
2010-09-13,0.24392223358154297,0.24690248902962977,0.23498146723728253,0.23498146723728253,1015792000
2010-09-14,0.2416296899318695,0.24483917840137934,0.2395664239196841,0.24185892349183416,698536000
2010-09-15,0.2420882284641266,0.2423174893945896,0.23612771755964418,0.2393372339423484,555572000
2010-09-16,0.24231749773025513,0.24438073686037484,0.23887874762755126,0.23887874762755126,365280000
2010-09-17,0.24185892939567566,0.24483918437796967,0.2411712013702435,0.24460995081240938,416884000
2010-09-20,0.24552708864212036,0.24644410544677778,0.2395665750625346,0.24185907608102636,443168000
2010-09-21,0.258823424577713,0.2629499290796971,0.2441514389359355,0.2441514389359355,1779624000
2010-09-22,0.26111599802970886,0.26340849790392895,0.25630173736234496,0.2579064818085482,999996000
2010-09-23,0.2663886249065399,0.27464163225704724,0.2618036268959789,0.2640961259012594,1240872000
2010-09-24,0.2810607850551605,0.28197780154430735,0.2702860394411838,0.2723492787164369,1086976000
2010-09-27,0.2751002013683319,0.2833531828135082,0.27143219139575453,0.2831239492706899,999504000
2010-09-28,0.2744125425815582,0.27830978746744856,0.2695982812156738,0.27532953173279423,723192000
2010-09-29,0.2723492681980133,0.2803730460209378,0.26936901254871404,0.27189077363552666,974904000
2010-09-30,0.26776424050331116,0.27899750644239585,0.26547174059681483,0.27578799017604827,787632000
2010-10-01,0.26019904017448425,0.27212006406323114,0.2581358007553798,0.27166154212230986,999120000
2010-10-04,0.2576771378517151,0.26203290260631606,0.2524043843744325,0.2576771378517151,749500000
2010-10-05,0.2595113217830658,0.2636378285414149,0.25882356610188023,0.2631793338635459,753588000
2010-10-06,0.24713169038295746,0.2606574549350735,0.24460995712421688,0.2595112050914408,1057604000
2010-10-07,0.24529770016670227,0.24850718863605367,0.23796167967318377,0.24827792774734975,761488000
2010-10-08,0.248965784907341,0.25102905176326445,0.24094203312363846,0.2443807838880824,706932000
2010-10-11,0.24781948328018188,0.25217524974279537,0.24667323326298193,0.2501119833145818,442680000
2010-10-12,0.2526337504386902,0.25378000048381555,0.24369298368945827,0.245756250167938,605208000
2010-10-13,0.25996968150138855,0.2636376916776736,0.25400919912586295,0.2567601930937017,968732000
2010-10-14,0.2558433413505554,0.2606575765426008,0.25469706364338496,0.2601990818569914,599172000
2010-10-15,0.258823424577713,0.2629499290796971,0.2558431971367655,0.2599696743100003,639940000
2010-10-18,0.260428249835968,0.26157449980491904,0.25446773906592074,0.2590527389417248,448156000
2010-10-19,0.258823424577713,0.2606574296151225,0.25263368148911153,0.2546969200757289,866136000
2010-10-20,0.258823424577713,0.2659301838493939,0.254467686526521,0.2590526854556702,763532000
2010-10-21,0.2542385756969452,0.25951133304313106,0.2503413297728132,0.25905283834536824,1014428000
2010-10-22,0.2705152928829193,0.2725785596380711,0.25309227892918656,0.25584330126938887,1322676000
2010-10-25,0.27303704619407654,0.27510031288833786,0.27005679029931656,0.2725785515938272,673136000
2010-10-26,0.2721199691295624,0.27624647385693046,0.2675349699499869,0.2698274695397746,675248000
2010-10-27,0.2760172188282013,0.27693420775209004,0.26891045901743343,0.2695982143747257,496796000
2010-10-28,0.276246577501297,0.2806023174246142,0.27372481607489585,0.27968532817615616,704448000
2010-10-29,0.27555862069129944,0.2785388745657875,0.2728076276259032,0.27578785417165014,554664000
2010-11-01,0.2760172188282013,0.28174846792438457,0.27372471918972796,0.2773927295427858,473920000
2010-11-02,0.2817484736442566,0.28633347301428486,0.27555872996046876,0.27716347427422827,581036000
2010-11-03,0.2838117480278015,0.28564575329500297,0.2762464933810661,0.28358248712111905,671748000
2010-11-04,0.2842702567577362,0.2895430119168858,0.283811762250148,0.2865627566244313,700016000
2010-11-05,0.2890845239162445,0.2916062574291179,0.28495801859755976,0.2863335021512849,735116000
2010-11-08,0.29023075103759766,0.2927524843520399,0.2865627405254512,0.28885524026335463,605156000
2010-11-09,0.28862595558166504,0.29252322667805386,0.2870212113630786,0.2902307271290018,633964000
2010-11-10,0.2920648157596588,0.2920648157596588,0.2865627988711985,0.2906893047053542,521016000
2010-11-11,0.2890845239162445,0.29389875734741444,0.28129000779678337,0.2851872521921366,1089980000
2010-11-12,0.30398574471473694,0.3136142653264717,0.2987129899342041,0.30008850068695253,2142560000
2010-11-15,0.3003177046775818,0.30971696346174843,0.2996299766977033,0.3053612253883538,733548000
2010-11-16,0.2913769781589508,0.2994007266152042,0.29091848371291495,0.29527422194338093,739356000
2010-11-17,0.29619139432907104,0.2996301454805232,0.28839687532185393,0.2911478707772627,551764000
2010-11-18,0.305361270904541,0.3083415261336566,0.30008851585745244,0.30008851585745244,993120000
2010-11-19,0.3152189254760742,0.31636517502101924,0.30421492437885306,0.3046734187310821,716484000
2010-11-22,0.3154483735561371,0.3172823520536414,0.3104048507017171,0.31315587310549564,462668000
2010-11-23,0.308112233877182,0.31498973263147717,0.30581973429241693,0.3117802441443064,457832000
2010-11-24,0.3156775236129761,0.3168237735347714,0.31109252392579473,0.31132178484165535,397784000
2010-11-26,0.31178024411201477,0.31728223218338075,0.31178024411201477,0.3154482543787593,143104000
2010-11-29,0.3152189254760742,0.31636517502101924,0.30902918339912006,0.3104046664558072,468192000
2010-11-30,0.3120095133781433,0.3136142851339559,0.30627826376096656,0.3104047689510846,720936000
2010-12-01,0.32576465606689453,0.32782789573403154,0.3177409037388406,0.31819939840611955,626536000
2010-12-02,0.3296617567539215,0.3317250228424431,0.32553525190563,0.32576451280282737,529316000
2010-12-03,0.3390609920024872,0.3390609920024872,0.32736923365757387,0.32805698897117164,606044000
2010-12-06,0.3326420187950134,0.34089502866579796,0.3312665353690508,0.3402072732884406,438424000
2010-12-07,0.34341686964035034,0.3514406204868339,0.339748858321883,0.3404366138601905,1026812000
2010-12-08,0.34639713168144226,0.35006511573744775,0.3404366200133896,0.3429583812565101,613252000
2010-12-09,0.34066587686538696,0.3429584046337005,0.33332988092457094,0.3381441427791357,942408000
2010-12-10,0.3427290916442871,0.34593858084107126,0.33974883605941225,0.3406658251645629,451900000
2010-12-13,0.3340176045894623,0.34479235015952076,0.33310058810405324,0.3441046219564119,609108000
2010-12-14,0.3344760835170746,0.346626339582336,0.334017588960203,0.3404365947426767,755160000
2010-12-15,0.32714012265205383,0.3392903799812623,0.3266816007187268,0.3351638738826383,624176000
2010-12-16,0.3275984823703766,0.33241274205799554,0.32668146621005706,0.3305787370661051,631872000
2010-12-17,0.32943254709243774,0.33126655241685593,0.32393053111918313,0.3278277753531008,593156000
2010-12-20,0.3280569911003113,0.33218349567992994,0.32782773021804085,0.33057875149028654,344088000
2010-12-21,0.3408950865268707,0.3408950865268707,0.33103733065490265,0.3312665915958523,466952000
2010-12-22,0.3445631265640259,0.34502162115569673,0.33699787015079935,0.3402073596212547,477988000
2010-12-23,0.3420412838459015,0.34456304449257197,0.34066577306976253,0.34456304449257197,273784000
2010-12-27,0.3438752591609955,0.3463970195880795,0.33493449455212954,0.34112426517701755,255500000
2010-12-28,0.3424997925758362,0.34616780324562196,0.3404365536545528,0.34387530340919426,194260000
2010-12-29,0.3424997925758362,0.34502155332740814,0.33929030373633895,0.3422705589894457,177660000
2010-12-30,0.3436461389064789,0.34570940573538056,0.3408951437967047,0.3420413940365074,174488000
2010-12-31,0.353045254945755,0.35350377671395083,0.34341676240239355,0.3438752568418393,391252000
2011-01-03,0.36267387866973877,0.36611262894339525,0.35533785622293196,0.35579637812242576,817448000
2011-01-04,0.36152762174606323,0.3649663719547313,0.3535038712591711,0.36336162732310434,651384000
2011-01-05,0.38926687836647034,0.3897254002502378,0.3645078717795747,0.368175855548416,1428216000
2011-01-06,0.4431406855583191,0.44336994650025185,0.398207645253777,0.399353895305927,3493312000
2011-01-07,0.45552030205726624,0.4568958133519203,0.4282395284575552,0.43809728652587493,2579984000
2011-01-10,0.4729432165622711,0.4738602056769853,0.4438284432318764,0.4472671934051901,1750348000
2011-01-11,0.46560725569725037,0.4839473136963507,0.4555202647908862,0.47936231286095593,2711088000
2011-01-12,0.5352993607521057,0.5357578280359707,0.4642317939460821,0.46583653875465103,3431896000
2011-01-13,0.536216139793396,0.5465324148419145,0.5130618566509986,0.5295678748656285,2695192000
2011-01-14,0.5408011674880981,0.5497419323837632,0.5238366812687608,0.5270461697982297,1595352000
2011-01-18,0.5281925201416016,0.537133287201644,0.5151252746386632,0.533465275998228,1813348000
2011-01-19,0.5137496590614319,0.5410304219296319,0.5126034365384635,0.5284217008894582,1197896000
2011-01-20,0.5142082571983337,0.5171885127209707,0.49953621319227115,0.5087062680248164,1111408000
2011-01-21,0.5093937516212463,0.5270460436223349,0.5084767629262845,0.519710024747662,739244000
2011-01-24,0.5669357180595398,0.5742717388358449,0.5268169466736582,0.5327774020647149,2056900000
2011-01-25,0.5495127439498901,0.570374475762272,0.5458447333331785,0.5644139653423038,1086856000
2011-01-26,0.5625802874565125,0.5731258031082244,0.5513470160312075,0.5552442623098774,1074660000
2011-01-27,0.5609753727912903,0.571979352530542,0.5502006266881633,0.570603896056275,657396000
2011-01-28,0.5446985363960266,0.5717500708565847,0.5318605246738561,0.5623508366749577,1094796000
2011-01-31,0.548366367816925,0.5559316212689636,0.5366746373262731,0.5456154013436817,750160000
2011-02-01,0.5609753727912903,0.5651018515291298,0.5495128711222701,0.5531808825878605,654104000
2011-02-02,0.5864221453666687,0.5999479132861374,0.5577658648128815,0.5577658648128815,1606616000
2011-02-03,0.5754178762435913,0.5873388945778122,0.5628091026472042,0.5873388945778122,1030776000
2011-02-04,0.5884854793548584,0.5930704808215146,0.5811495098027258,0.5834420105360539,872900000
2011-02-07,0.5639554262161255,0.5829831776209867,0.561892160259213,0.5804614445564267,934236000
2011-02-08,0.5472202897071838,0.5683113115161454,0.5446985014533876,0.564643300594042,1076584000
2011-02-09,0.5339236855506897,0.5547854709678627,0.5240659314283727,0.5492834279916828,1277520000
2011-02-10,0.5231491923332214,0.5320899617819901,0.518105668748845,0.5220029146132372,1042352000
2011-02-11,0.5380502939224243,0.5550148394604614,0.5128327912288763,0.5213150366691361,1359276000
2011-02-14,0.5297973155975342,0.5616630841251781,0.5277340490623408,0.5444693056469299,1287828000
2011-02-15,0.5169593095779419,0.5325482889311418,0.5146667547415724,0.530714310651065,886980000
2011-02-16,0.535987138748169,0.5435523958234962,0.5220028475126279,0.5238368806973417,1318364000
2011-02-17,0.5887144804000854,0.5962797345940322,0.518334638382458,0.520856426218775,3470096000
2011-02-18,0.5875680446624756,0.5949040633120095,0.5783980486793019,0.5855047791690153,1394412000
2011-02-22,0.5320896506309509,0.5699159187502132,0.5302556182829726,0.5683111746066685,1396648000
2011-02-23,0.5068720579147339,0.5371330697714352,0.49930680495055857,0.5320896042336472,1491604000
2011-02-24,0.5192515850067139,0.5281922935741344,0.5057258234086398,0.5093937783811755,1246120000
2011-02-25,0.5300264358520508,0.538737912708218,0.5258999036642584,0.5332359244486649,775652000
2011-02-28,0.5194809436798096,0.538967218789063,0.5075599231746188,0.5387379305549211,903696000
2011-03-01,0.49632662534713745,0.5270461635496385,0.49632662534713745,0.5203978983477725,988448000
2011-03-02,0.47569429874420166,0.5050383367299793,0.4642317967163638,0.4956390468068875,1718140000
2011-03-03,0.4784453213214874,0.48944935732505845,0.4640025616438505,0.4866983346597839,1593704000
2011-03-04,0.47592341899871826,0.48371790758910643,0.4706506638563949,0.4789036742816622,959760000
2011-03-07,0.4692751467227936,0.4809669341092591,0.457354153079467,0.47936218969494176,1019140000
2011-03-08,0.44818413257598877,0.4768403790795662,0.4383263509842553,0.47431864578450283,1947184000
2011-03-09,0.43878495693206787,0.45116447419274264,0.4348876847972443,0.44680870749169205,1318976000
2011-03-10,0.41081640124320984,0.4319073956120245,0.41035787938380186,0.4286979065687015,1722736000
2011-03-11,0.4137965738773346,0.4252590995793498,0.4048558360776899,0.4142550956752666,1486832000
2011-03-14,0.417235404253006,0.42755165411260787,0.4103578770178494,0.4170061433246238,1003360000
2011-03-15,0.4048559367656708,0.4117334375000685,0.3899546578457171,0.3968321585801148,1256280000
2011-03-16,0.40187573432922363,0.42067426069502045,0.39660297760049434,0.4011879786987351,1476520000
2011-03-17,0.40944093465805054,0.41333817958373603,0.39431042220684986,0.41265042404890717,1238516000
2011-03-18,0.403938889503479,0.4172354227050612,0.4034803949551932,0.41585991173144743,886960000
2011-03-21,0.4071483910083771,0.4167768854828965,0.40302188556822427,0.41265038004274374,751832000
2011-03-22,0.4000415503978729,0.40989930383795015,0.3982075453089922,0.40600206010454754,718332000
2011-03-23,0.40829458832740784,0.40944083817242016,0.3906423188512169,0.39935382313906076,782396000
2011-03-24,0.4408482015132904,0.4458917237894823,0.4160891940191736,0.4170061831627951,1780592000
2011-03-25,0.42709317803382874,0.44589170045304,0.42640542254772845,0.444745450419125,1196392000
2011-03-28,0.4429113566875458,0.4502473499777919,0.43328283645729976,0.4371800803306726,1204284000
2011-03-29,0.43947264552116394,0.4445161396391331,0.43351213508163006,0.4429113952373366,715764000
2011-03-30,0.42296674847602844,0.4447455303639973,0.41746473092697184,0.44291152451431176,1176320000
2011-03-31,0.42319583892822266,0.42823936014045094,0.4154013508654643,0.4236543607320632,655112000
2011-04-01,0.417235404253006,0.4291563986250171,0.41150412700224964,0.4286979040970081,850072000
2011-04-04,0.4023341238498688,0.41838165082951323,0.3993538684489526,0.4172354008544497,924328000
2011-04-05,0.40302184224128723,0.4115040858110322,0.40210482594830643,0.4082945971074809,821076000
2011-04-06,0.400270938873291,0.4064606841086603,0.3968321611550205,0.4060021895224772,856984000
2011-04-07,0.4149428606033325,0.4174646214011372,0.39958311688341935,0.40118786133258866,1021208000
2011-04-08,0.4023341238498688,0.4181523899029985,0.40118787387480526,0.4181523899029985,746552000
2011-04-11,0.3970613181591034,0.40600208322833525,0.3927055797375877,0.4039388171375502,546208000
2011-04-12,0.3982076346874237,0.40095862927383547,0.3858281180554367,0.39316414005754285,840756000
2011-04-13,0.4071483910083771,0.4096701245954803,0.39729063560377753,0.4023341301067396,749588000
2011-04-14,0.4243421256542206,0.42457138657606286,0.4011878656983343,0.4034803656017387,1254704000
2011-04-15,0.4289272129535675,0.43419996893673546,0.41906942919171397,0.42113269579143625,969720000
2011-04-18,0.41471365094184875,0.4215911509740546,0.4080653845134629,0.4188401564269234,743584000
2011-04-19,0.4131089448928833,0.4165476952294032,0.4018756773963299,0.4149429232093539,659860000
2011-04-20,0.42571762204170227,0.43442912684396007,0.41884012256551245,0.42823938278114,650516000
2011-04-21,0.4245714545249939,0.43305372738810705,0.42365446534837786,0.4303027052007412,421300000
2011-04-25,0.4312196969985962,0.43832643103207425,0.42617617482990927,0.42640543577530676,619612000
2011-04-26,0.44245287775993347,0.4468086438404727,0.4305318840924776,0.43488762284426313,676000000
2011-04-27,0.44245287775993347,0.4447454049219961,0.43328287842669766,0.4447454049219961,450004000
2011-04-28,0.44726720452308655,0.4562079715932005,0.4374094483154645,0.4424529432292746,684000000
2011-04-29,0.4585004448890686,0.4685874341254035,0.44955967834305,0.4502474338202447,836000000
2011-05-02,0.452310711145401,0.46835821179890724,0.450018211052043,0.46812897818682553,613824000
2011-05-03,0.4307611584663391,0.448413430717274,0.4252591692769284,0.4470379470842995,808000000
2011-05-04,0.4275516867637634,0.43695094828514763,0.4195279362602063,0.43213668705151037,639356000
2011-05-05,0.4277808368206024,0.4328243303640017,0.4183815777356876,0.42411282660972094,544000000
2011-05-06,0.4429113566875458,0.44703786145354396,0.43328283645729976,0.43672158587417303,841080000
2011-05-09,0.45276910066604614,0.4550616002275957,0.4431405806445376,0.44428683042531236,706328000
2011-05-10,0.453456848859787,0.4568955981479622,0.4488718224801367,0.45643710370862217,690976000
2011-05-11,0.45552030205726624,0.46033453693102966,0.44933055588884874,0.4557495630492962,616000000
2011-05-12,0.46996283531188965,0.4704213570754279,0.45276908904169844,0.4539153387930445,1224000000
2011-05-13,0.41861093044281006,0.44130669884113866,0.4154014410913332,0.4401604487400743,2025192000
2011-05-16,0.4057729244232178,0.4183817030514864,0.40554369079684544,0.41746468655972147,728188000
2011-05-17,0.40416809916496277,0.404626593655079,0.3924763393588557,0.4043973600743974,1420364000
2011-05-18,0.413567453622818,0.41700620407699984,0.4043974524116665,0.4057729361960837,658844000
2011-05-19,0.4076068103313446,0.41700606947026136,0.4014170669775765,0.4167768085824827,650884000
2011-05-20,0.41471365094184875,0.4156306400146405,0.40485589542993583,0.4066899009042752,575820000
2011-05-23,0.41425514221191406,0.4172353975895092,0.4034803706676273,0.40875312597741037,588000000
2011-05-24,0.4158599376678467,0.43259519468969665,0.41517218213814583,0.41631843224472787,720372000
2011-05-25,0.42090335488319397,0.42365437649357657,0.4096700895174735,0.41379659460429424,545312000
2011-05-26,0.43144890666007996,0.43511691761023896,0.4197571456691094,0.4209033956749396,706436000
2011-05-27,0.4470379054546356,0.4477256335427012,0.432824384602882,0.4332828791045103,658824000
2011-05-31,0.4594174027442932,0.4596466909927806,0.4447454144289853,0.45574941932984336,1200716000
2011-06-01,0.43878495693206787,0.4580419746724205,0.43786794047085625,0.4573542191587012,762208000
2011-06-02,0.43672168254852295,0.4426821937887115,0.43144892680970337,0.43947270455399895,607592000
2011-06-03,0.42319583892822266,0.43557535372812095,0.42113260012594905,0.4316781096967418,549300000
2011-06-06,0.41425514221191406,0.4264053973182606,0.4137966203624726,0.4225081528992922,435988000
2011-06-07,0.4140259027481079,0.41975715287565524,0.41219189724154154,0.4174646528246363,433956000
2011-06-08,0.4027925729751587,0.4144843323345237,0.3995830843382262,0.411962599070863,569288000
2011-06-09,0.3982076346874237,0.40348039025315396,0.38376487894781697,0.4025634011672688,741632000
2011-06-10,0.392476350069046,0.4014171158496847,0.3892668338931422,0.39889535509209983,493548000
2011-06-13,0.38972538709640503,0.397519876254779,0.38697436520167916,0.3924763816623749,574760000
2011-06-14,0.3929348886013031,0.40164639444240335,0.3913301439979113,0.3931641495426834,534576000
2011-06-15,0.3844526410102844,0.38995463027732835,0.3764288633919807,0.3876621301946006,935916000
2011-06-16,0.3711560070514679,0.3906422797973168,0.365654019276963,0.38468177026764544,1024908000
2011-06-17,0.36244451999664307,0.37574105026424165,0.35098202217500685,0.37551178937630875,1467884000
2011-06-20,0.3580888509750366,0.3668003564691774,0.3553378291030669,0.3592351009787721,745960000
2011-06-21,0.36588335037231445,0.3686343723217538,0.356025594596841,0.35946434470488364,704276000
2011-06-22,0.36083984375,0.36817583827220673,0.3601520882853778,0.3633616046773628,651720000
2011-06-23,0.37161463499069214,0.37413636872091405,0.3530453457917443,0.35625486235124093,744024000
2011-06-24,0.36083984375,0.3729900991958064,0.3585473437537632,0.36978061013257707,529052000
2011-06-27,0.3532745838165283,0.36313233914108434,0.3406658066683714,0.3608398391739204,1142152000
2011-06-28,0.35533782839775085,0.3594643338687589,0.3507528283919098,0.35327458932662464,692200000
2011-06-29,0.36083984375,0.3645078546754812,0.3452508383098383,0.35763032735801503,960544000
2011-06-30,0.36542484164237976,0.36932208614783385,0.35625484171013233,0.3617568307379786,652300000
2011-07-01,0.37023916840553284,0.3716146795715818,0.3580889108679682,0.36542490665312183,540804000
2011-07-05,0.3640492856502533,0.3732192837588365,0.36083976991499916,0.3697805344681178,535296000
2011-07-06,0.35923513770103455,0.3645078937229683,0.35487937084432464,0.3638201381846711,529580000
2011-07-07,0.3606105446815491,0.36290304443533655,0.3541915399051937,0.3610690664953088,986136000
2011-07-08,0.35373300313949585,0.3580887685483115,0.35075274835004294,0.355567008189063,619516000
2011-07-11,0.34135356545448303,0.34846032635352625,0.34043657639017355,0.347084842757062,714388000
2011-07-12,0.33676862716674805,0.34295840013536194,0.3310373761430393,0.3397488831648287,867604000
2011-07-13,0.3360808193683624,0.34364607501015587,0.3328713302251804,0.3413535749568098,634368000
2011-07-14,0.32278433442115784,0.3395195913561935,0.32117958974601923,0.3374563521065521,1088996000
2011-07-15,0.3232426941394806,0.3266814430067494,0.3165944572609263,0.32461820461788676,827736000
2011-07-18,0.31636515259742737,0.32255489423565986,0.31223864906235804,0.3207209169567339,818200000
2011-07-19,0.3259938359260559,0.3266815640914191,0.31728230277221187,0.31728230277221187,602224000
2011-07-20,0.32186731696128845,0.32897405056288076,0.320950300564184,0.3271400724261832,662956000
2011-07-21,0.3369978368282318,0.33929033688866145,0.31751155898582356,0.3223258200442284,1143420000
2011-07-22,0.3438752591609955,0.34502150893171546,0.33562224988031153,0.3399780154062976,737192000
2011-07-25,0.3383733630180359,0.3399781351251435,0.3335591286829926,0.3386026239844112,566920000
2011-07-26,0.33012035489082336,0.33699785545219274,0.3253060935663617,0.32874484384704633,698276000
2011-07-27,0.31774085760116577,0.32714011989499686,0.316823841071,0.3255353477993967,652212000
2011-07-28,0.3170531094074249,0.3237013495940943,0.31155109208478377,0.31659461479606155,648176000
2011-07-29,0.3170531094074249,0.32003336537442717,0.31223884766620896,0.3138435924703608,677656000
2011-08-01,0.3340176045894623,0.334934593746113,0.3216380870021276,0.3243890818008381,1019620000
2011-08-02,0.3305788040161133,0.3525868137184431,0.3305788040161133,0.3317250539520939,1356432000
2011-08-03,0.33951956033706665,0.34066581033297905,0.32805706037794263,0.3312665767637507,765236000
2011-08-04,0.30719515681266785,0.3333296609758841,0.30719515681266785,0.3333296609758841,979732000
2011-08-05,0.2968790531158447,0.3181993380524616,0.28885530230967554,0.31430209312664537,1270588000
2011-08-08,0.27349549531936646,0.29252327768911984,0.27166148989455546,0.2824362615170369,1084180000
2011-08-09,0.29642045497894287,0.2968789493990797,0.27510020481946496,0.27876818750930865,1329832000
2011-08-10,0.2828948199748993,0.29596209449939215,0.28129007511380266,0.2877090818869505,1140052000
2011-08-11,0.30742448568344116,0.31155099049770724,0.2828947176931517,0.2828947176931517,1078792000
2011-08-12,0.29527416825294495,0.3406656840605985,0.2904599091230814,0.34020718969793184,3195784000
2011-08-15,0.30650749802589417,0.3071952533859048,0.296649744075745,0.29825448836326895,864152000
2011-08-16,0.2977961003780365,0.3071953632251837,0.29229408285942793,0.30306885691841756,716868000
2011-08-17,0.29366952180862427,0.30375653777960177,0.28977227743907247,0.2987130161297358,553328000
2011-08-18,0.2737247049808502,0.28312396394218176,0.2705151892563407,0.28037296998456646,802564000
2011-08-19,0.2689104378223419,0.28404094517520395,0.2670764327903663,0.2691396986996198,761332000
2011-08-22,0.2737247049808502,0.27968521466297513,0.2707444501397878,0.2764756989384656,611876000
2011-08-23,0.30329790711402893,0.3035271679535849,0.27991439462910955,0.2803729163082215,938312000
2011-08-24,0.2989422380924225,0.30352723730112896,0.2911477230403709,0.30261024839088807,687500000
2011-08-25,0.2861041724681854,0.2982544234202278,0.2856456781042631,0.2929816699132571,690968000
2011-08-26,0.29825448989868164,0.30123474492156926,0.2799144652952389,0.28495798640878023,732660000
2011-08-29,0.30627837777137756,0.3074246281214982,0.2996301366721835,0.306736899774437,601528000
2011-08-30,0.3136143088340759,0.3161360424589511,0.30215178140473486,0.30421504782009373,684760000
2011-08-31,0.3051319420337677,0.3191161987404,0.30261020919287734,0.3159067106415405,705808000
2011-09-01,0.3044443428516388,0.3159068725937388,0.3042151092006289,0.30925860479674555,762312000
2011-09-02,0.29619139432907104,0.30169338523988853,0.2938988662326714,0.297566878392393,471356000
2011-09-06,0.30215173959732056,0.30283949497394513,0.28381174197400955,0.28656273615175576,696248000
2011-09-07,0.3266814649105072,0.3356222289621259,0.317740728187637,0.3266814649105072,1606620000
2011-09-08,0.3250768482685089,0.33126662093478354,0.31980409211849237,0.3234721035260063,880164000
2011-09-09,0.3181992471218109,0.33103725567451364,0.31544825309730334,0.32232575182294754,869828000
2011-09-12,0.32576465606689453,0.3285156513993317,0.31384363074506066,0.31384363074506066,916480000
2011-09-13,0.33310049772262573,0.3347052693044732,0.3234720048752955,0.32851549852592077,853836000
2011-09-14,0.350294291973114,0.35465005785510656,0.3415827875378814,0.3418120484422635,1547192000
2011-09-15,0.35533782839775085,0.3599228557323476,0.3521283393251644,0.3580888502642601,752908000
2011-09-16,0.35442081093788147,0.3690928261785525,0.3525868056167034,0.35602555534562974,1391588000
2011-09-19,0.34708482027053833,0.35098206453449704,0.33814405449336443,0.3484603037778894,968204000
2011-09-20,0.33814412355422974,0.35281614193045724,0.3365393788035316,0.35144063081342486,792436000
2011-09-21,0.3317250609397888,0.3459385549796011,0.3314958000162617,0.33997807158419835,715252000
2011-09-22,0.3097170293331146,0.31911629011633874,0.3037565458243977,0.3186577955893229,1314632000
2011-09-23,0.31613606214523315,0.32507682917769853,0.3060490723600881,0.3078830779561393,1011440000
2011-09-26,0.3168236315250397,0.32095013485963264,0.30261014433143407,0.32003314626471935,972124000
2011-09-27,0.31728237867355347,0.3275986588957343,0.3147606443635317,0.32484766358990896,781388000
2011-09-28,0.3076538145542145,0.3259938430396714,0.3026103197018736,0.31797006520485793,1236532000
2011-09-29,0.30008864402770996,0.31842867773342237,0.29229412492024825,0.313155920434297,866416000
2011-09-30,0.2867920994758606,0.2968790908395568,0.28633357750852373,0.29527434594016355,677784000
2011-10-03,0.2707444131374359,0.29206468854919776,0.2707444131374359,0.2831239252479351,949896000
2011-10-04,0.2957327365875244,0.2957327365875244,0.2629499578613161,0.264096207719068,1361548000
2011-10-05,0.30627837777137756,0.3090294004746783,0.2890846225195681,0.295045107942937,856708000
2011-10-06,0.31842857599258423,0.3193455650869391,0.30742454288778676,0.3078830647637206,773192000
2011-10-07,0.3243889808654785,0.329203240761808,0.3131557442123761,0.3198039818513551,806976000
2011-10-10,0.3388318419456482,0.3388318419456482,0.329203319840111,0.32989107532318596,534376000
2011-10-11,0.3351639211177826,0.3415829284726423,0.3340176707804421,0.3360809104561495,816080000
2011-10-12,0.3349344730377197,0.3418119985490141,0.3347052394955506,0.34158273767809655,612064000
2011-10-13,0.35442081093788147,0.35510856634941745,0.33241280174125176,0.333329790737464,854832000
2011-10-14,0.3603813052177429,0.364278549269782,0.3516698008298747,0.3606105387921262,702452000
2011-10-17,0.3424997925758362,0.3562548189231559,0.3406657872409433,0.3562548189231559,611780000
2011-10-18,0.35487931966781616,0.35579633602955735,0.33860255936664524,0.3406657983552423,590916000
2011-10-19,0.34777259826660156,0.3615276266152905,0.3468556091301092,0.35533785429331527,557568000
2011-10-20,0.33034950494766235,0.3397487642687505,0.31728223532352734,0.33837325357292014,990308000
2011-10-21,0.33195430040359497,0.3399780775950945,0.3264523114292152,0.33447606129195956,628428000
2011-10-24,0.344333678483963,0.34960643174472517,0.3326419224417837,0.33332967761992555,535256000
2011-10-25,0.3312666714191437,0.34227067998991445,0.33057891575932735,0.3395196573506492,577996000
2011-10-26,0.3351639211177826,0.3395196614681711,0.3255353964211112,0.33768568279143724,503116000
2011-10-27,0.34960660338401794,0.3530453536342369,0.3397488472009721,0.3475433641653896,577732000
2011-10-28,0.35763034224510193,0.3608398587706895,0.34570934723418595,0.34662633633934997,490156000
2011-10-31,0.3392903506755829,0.3482311176718166,0.3392903506755829,0.34616785113633614,519984000
2011-11-01,0.3223259150981903,0.32782790593425676,0.3191163976698478,0.32691091657116716,790824000
2011-11-02,0.3168236315250397,0.32713990352589295,0.3101753958900643,0.3255351324916823,961608000
2011-11-03,0.33585160970687866,0.33653936523767153,0.3117803301016789,0.3202625754381018,749372000
2011-11-04,0.3397487998008728,0.3408950497243599,0.32759854514615877,0.3328713002599502,654840000
2011-11-07,0.3379147946834564,0.34295831621317463,0.3301203061300346,0.33722703926315356,613536000
2011-11-08,0.34570926427841187,0.3477725029343182,0.33676849966906713,0.3422705149660678,549728000
2011-11-09,0.3282862603664398,0.34204125776394756,0.32691074969518885,0.3376855195195703,532244000
2011-11-10,0.3317250609397888,0.33974881066067125,0.3234720502953793,0.3363100607802931,990484000
2011-11-11,0.34341686964035034,0.34616786446482156,0.32255507917923115,0.34112436939849794,1751560000
2011-11-14,0.33676862716674805,0.34685564536573177,0.3358516379344589,0.3434168947515065,500292000
2011-11-15,0.3411242961883545,0.3436460295159371,0.33264202525091,0.33355904154810134,505660000
2011-11-16,0.33424678444862366,0.343646044771778,0.33310053452281235,0.33470530628195133,512420000
2011-11-17,0.3223259150981903,0.33447617446733197,0.31636540225181453,0.3335591851042424,657504000
2011-11-18,0.3193455636501312,0.32415982469572513,0.3159068135686374,0.32415982469572513,501352000
2011-11-21,0.3353930115699768,0.3386024999510054,0.30948773432435406,0.3143019942246468,1330788000
2011-11-22,0.34570926427841187,0.3475432693774121,0.3372269941116296,0.3390609992106298,1287480000
2011-11-23,0.331037312746048,0.344563078968936,0.33080805181750117,0.34204131806994265,825340000
2011-11-25,0.32186731696128845,0.3342468060277755,0.320950300564184,0.3266815505632531,406620000
2011-11-28,0.3399781286716461,0.34502162387732865,0.33241287219874266,0.33241287219874266,690616000
2011-11-29,0.3418121337890625,0.3461678734298837,0.3363101166688701,0.33951960615907956,623440000
2011-11-30,0.35831815004348755,0.3592351666112689,0.3491481483382385,0.3521284043581966,730324000
2011-12-01,0.36267387866973877,0.3635908678112107,0.35373311156097714,0.35533785622293196,529760000
2011-12-02,0.3603813052177429,0.36794655974743773,0.35694255564322275,0.36657104898612874,546464000
2011-12-05,0.35487931966781616,0.36680034106916903,0.3518990643174779,0.36634184655267577,644696000
2011-12-06,0.3498358428478241,0.35763033200480304,0.3461678318746834,0.35694260386000065,573832000
2011-12-07,0.34777259826660156,0.350294359385092,0.3404366031883898,0.3475433646468573,510016000
2011-12-08,0.33676862716674805,0.3500651350075044,0.3356223769620063,0.34433388398379566,491488000
2011-12-09,0.3415828049182892,0.34433379926708807,0.3296617838589045,0.3342467835498205,555840000
2011-12-12,0.33310049772262573,0.33562225821231384,0.32691075427282423,0.334246747521802,573208000
2011-12-13,0.3239305317401886,0.341582802276707,0.3218672928267337,0.3374562971210435,516596000
2011-12-14,0.31132185459136963,0.32301361734464984,0.3078831040555531,0.321179611593129,636020000
2011-12-15,0.3085707426071167,0.31865775764409765,0.307883014562864,0.31659451885383555,435148000
2011-12-16,0.3097170293331146,0.31705305108038967,0.308341545752067,0.3110925402429175,619116000
2011-12-19,0.3016931712627411,0.31476043823325717,0.300546921691906,0.3110924286750868,463276000
2011-12-20,0.3186577558517456,0.31980400569072215,0.30857074087150105,0.30857074087150105,445208000
2011-12-21,0.31453126668930054,0.320262516170692,0.30834152271514836,0.3168237664818571,548424000
2011-12-22,0.3280569911003113,0.32897397997189326,0.3154482438079346,0.3154482438079346,576560000
2011-12-23,0.32484760880470276,0.3301203648600685,0.3220965866340711,0.32966184294579076,248948000
2011-12-27,0.3223259150981903,0.32736941125271196,0.32140889840633624,0.32347216546643454,195712000
2011-12-28,0.31430211663246155,0.32301362362499303,0.31407285566077897,0.3223258680387057,233960000
2011-12-29,0.32026252150535583,0.3209502769203295,0.31292652751272854,0.3175115271742148,211112000
2011-12-30,0.31774085760116577,0.32255509190168735,0.31728233567170305,0.31911634140327494,186956000
2012-01-03,0.32186731696128845,0.3301203278914503,0.321179561495649,0.32782780056306693,468044000
2012-01-04,0.32553526759147644,0.3269107783834362,0.3191162627769192,0.32209651794033,347372000
2012-01-05,0.33722710609436035,0.3388318781693498,0.3225550877589836,0.32393059887218617,563548000
2012-01-06,0.3333298861980438,0.3372271315411877,0.3294326408549,0.33699789789086243,533252000
2012-01-09,0.3333298861980438,0.3397488929960957,0.3310373857222226,0.33355914717713053,508244000
2012-01-10,0.33195430040359497,0.33860256668712196,0.32966180044281085,0.33837330575954144,546328000
2012-01-11,0.32530608773231506,0.33195432722423923,0.32393057671320646,0.3289740715686756,484272000
2012-01-12,0.3232426941394806,0.3262229486235296,0.31613593554895975,0.325993715096293,652364000
2012-01-13,0.31476056575775146,0.3216380659691647,0.313155821174173,0.32095031048227207,504300000
2012-01-17,0.30994629859924316,0.31957482056938147,0.3094878040598928,0.31957482056938147,627176000
2012-01-18,0.3204917907714844,0.3230135515825167,0.31430204653293287,0.31590679099051966,632676000
2012-01-19,0.3289741575717926,0.329432679583871,0.3198041545904579,0.32324290570845843,608312000
2012-01-20,0.3259938359260559,0.3324128416565811,0.3248475858787749,0.3285155696328201,546272000
2012-01-23,0.3349344730377197,0.3351637339086373,0.3220964654988013,0.3262229698740785,562792000
2012-01-24,0.3424997925758362,0.34387530340919426,0.332412804227056,0.3326420378134465,730920000
2012-01-25,0.3404366374015808,0.34135362663022867,0.323701351684293,0.33332987522889806,1274152000
2012-01-26,0.33722710609436035,0.3493773904938781,0.33539312771510266,0.3454801181160573,799672000
2012-01-27,0.3418121337890625,0.343646112167034,0.3324128716225418,0.3351638665182583,449996000
2012-01-30,0.3392903506755829,0.34089509531734047,0.3308080782443146,0.3358516004452063,399076000
2012-01-31,0.33860260248184204,0.3404366081100987,0.33264209102219733,0.3402073471582823,357900000
2012-02-01,0.34227055311203003,0.34616779730128344,0.3376855535179076,0.34249978669448417,428020000
2012-02-02,0.3551085889339447,0.35648407251574243,0.34066580635940447,0.34410458363578683,696236000
2012-02-03,0.36267387866973877,0.3656541343726593,0.3596936229668182,0.36038137848730106,495232000
2012-02-06,0.3599229156970978,0.3612983995307583,0.35671339876103586,0.36083990491953816,278868000
2012-02-07,0.36083984375,0.3629030828151109,0.3544208382947857,0.3603813492165038,410296000
2012-02-08,0.3739071190357208,0.38101385269226384,0.35900584159416576,0.3608398470737999,847612000
2012-02-09,0.3736778497695923,0.3805553496682875,0.37299009431397173,0.37849211063018107,561944000
2012-02-10,0.3645078241825104,0.3713853235958824,0.36244455796124675,0.37000981278170664,440268000
2012-02-13,0.37023916840553284,0.37505343015794385,0.36267391164978424,0.3736779189918949,610668000
2012-02-14,0.372302383184433,0.3755118999165336,0.367029627168578,0.3702391439006786,453756000
2012-02-15,0.37069758772850037,0.38743286997767035,0.36978059868988367,0.37574110942715644,1110856000
2012-02-16,0.3771165907382965,0.3800968460891771,0.3438753146907878,0.34525082556927256,1888588000
2012-02-17,0.363361656665802,0.379867653534573,0.35992290617944306,0.3773459195751655,1020360000
2012-02-21,0.365195631980896,0.3741363715694249,0.36244460995788036,0.36313236546363425,518176000
2012-02-22,0.36267387866973877,0.37230237397022536,0.3622153840990028,0.3633616341902216,492432000
2012-02-23,0.3647370934486389,0.3668003598717559,0.3576303324280517,0.36336160982865034,323968000
2012-02-24,0.36198607087135315,0.36634183698618117,0.360381326441155,0.3658833151529069,366668000
2012-02-27,0.35465022921562195,0.3590059698734764,0.349606705512297,0.3574012247536756,745268000
2012-02-28,0.3514404594898224,0.35877647876608204,0.3477724498516926,0.3546499747553725,699884000
2012-02-29,0.3473140299320221,0.35854729477637753,0.347084796360965,0.35258678466886223,689196000
2012-03-01,0.34960660338401794,0.3537331091500322,0.3473141032172053,0.34868961424879596,449944000
2012-03-02,0.3525868356227875,0.3576303301886769,0.3484603301311485,0.3484603301311485,684076000
2012-03-05,0.34066587686538696,0.35075289519667485,0.3381441427791357,0.3500651395990569,514848000
2012-03-06,0.33745622634887695,0.3395194648296243,0.3314957171153323,0.33676847107904523,471400000
2012-03-07,0.33951956033706665,0.34089507126366375,0.3347053267514879,0.33929032673513754,441984000
2012-03-08,0.34066587686538696,0.34410465485347674,0.33860263740129404,0.3404366432186883,430852000
2012-03-09,0.3397487998008728,0.34410456590737615,0.3379147944575427,0.341582805144203,367836000
2012-03-12,0.3344760835170746,0.3434168503554777,0.33355909440333137,0.3411243502423626,299948000
2012-03-13,0.3390609920024872,0.3408949970624981,0.3342467321360524,0.33585150364403044,553288000
2012-03-14,0.32943254709243774,0.33974879629744226,0.32828629718077057,0.33906104088469124,735708000
2012-03-15,0.33424678444862366,0.3360807897956726,0.3292032902408047,0.330349540166616,382380000
2012-03-16,0.3347054123878479,0.3360808963376151,0.33264214547005316,0.3344761513985054,428340000
2012-03-19,0.33562231063842773,0.33814407152202924,0.334017566134661,0.33653932701826245,405400000
2012-03-20,0.33012035489082336,0.3337883387929656,0.32714009918181175,0.3337883387929656,449616000
2012-03-21,0.3314957618713379,0.3344760168904813,0.3264522680928845,0.3301202784747151,467840000
2012-03-22,0.331037312746048,0.3337883072448328,0.32805705731871637,0.32897404637539285,425372000
2012-03-23,0.3335590064525604,0.3344759953245177,0.327827730352203,0.33012025718959587,315456000
2012-03-26,0.33745622634887695,0.33906097042598576,0.33355898292482755,0.33676847107904523,288600000
2012-03-27,0.3397487998008728,0.34387530499117713,0.33814405537374165,0.3388318107935847,419968000
2012-03-28,0.34754326939582825,0.35212826847919665,0.3415827596559492,0.34410452008330195,892448000
2012-03-29,0.34914806485176086,0.3518990592397799,0.3427290597272136,0.34708482589293516,372700000
2012-03-30,0.353045254945755,0.35510852091638606,0.34708477257545983,0.3521282660668635,527240000
2012-04-02,0.3514404594898224,0.35510846912795224,0.3463969667339534,0.352128214713065,407776000
2012-04-03,0.34570926427841187,0.35442076800210026,0.34387525917941164,0.3539622735595378,430476000
2012-04-04,0.33585160970687866,0.34479234962091077,0.3337883431145002,0.3404366101404866,495896000
2012-04-05,0.3353930115699768,0.34043650502391454,0.3342467344867525,0.33631000044205644,369424000
2012-04-09,0.331037312746048,0.33218356273127125,0.3246183073630465,0.3301203236893715,365504000
2012-04-10,0.32461830973625183,0.33424680421676795,0.32301356521095836,0.32966180424235497,470360000
2012-04-11,0.3287448287010193,0.3358515898851794,0.32782781227116436,0.32897406231191556,372960000
2012-04-12,0.3365393579006195,0.3383733361710726,0.32782782447217873,0.3292033355037763,384868000
2012-04-13,0.32461830973625183,0.3353930815391267,0.324389048806029,0.33355907608361046,311324000
2012-04-16,0.3207210898399353,0.32782782394848253,0.3154483339989115,0.32691083481472083,463468000
2012-04-17,0.32140877842903137,0.325535283680098,0.3202625284886659,0.3216380393486062,460696000
2012-04-18,0.3179698884487152,0.3209501424457383,0.3140726458351045,0.31934539870233886,400764000
2012-04-19,0.31315580010414124,0.32576454964337886,0.31155102829978,0.313843528216005,667188000
2012-04-20,0.30696606636047363,0.3159068335346888,0.3062783108349558,0.3149898170577457,509592000
2012-04-23,0.30329790711402893,0.3046734174938753,0.29596191552191947,0.30169316322337136,706244000
2012-04-24,0.2938988506793976,0.3067368925590274,0.2922941056927301,0.30421513091657615,730440000
2012-04-25,0.29985928535461426,0.3021517854050829,0.2927525242666589,0.29825454078503744,727112000
2012-04-26,0.30008864402770996,0.30261040583604626,0.29756688221937366,0.2996301493340393,539208000
2012-04-27,0.2975667715072632,0.30146404327536536,0.2943572825169197,0.29963003785427406,475356000
2012-04-30,0.2980252802371979,0.29963005213762406,0.2938987746752209,0.29596204112058755,262268000
2012-05-01,0.30329790711402893,0.30650742222408883,0.2964204098722867,0.2964204098722867,408680000
2012-05-02,0.29458650946617126,0.3032980145231967,0.2929817650072137,0.3021517645769764,684008000
2012-05-03,0.2895429730415344,0.29710822705163387,0.28770896792866935,0.2952742219387688,419536000
2012-05-04,0.2810607850551605,0.28931379681368996,0.2810607850551605,0.287709052118631,545092000
2012-05-07,0.2858749330043793,0.2909184533710007,0.28358243368455044,0.2861041938678612,604440000
2012-05-08,0.28564587235450745,0.2874798510573733,0.2783098482279877,0.2833533443183969,462312000
2012-05-09,0.2867920994758606,0.2890845999974972,0.2778513310442208,0.28060232620443226,520608000
2012-05-10,0.2847287952899933,0.29000155126441457,0.2801437948476718,0.2895430566859341,597092000
2012-05-11,0.30283957719802856,0.3136143505901881,0.3016933270353528,0.3083415943761278,1435140000
2012-05-14,0.301005482673645,0.30559048197174676,0.2941279837264924,0.30031772731317946,437472000
2012-05-15,0.2980252802371979,0.3076538023247296,0.29664979660237645,0.3010055357724455,599940000
2012-05-16,0.2920648157596588,0.3019225721054869,0.29114779928053636,0.2984838217984835,470484000
2012-05-17,0.2900015115737915,0.29596202226453633,0.2900015115737915,0.29321102784140585,335364000
2012-05-18,0.27693429589271545,0.2920648365825293,0.2755588120691033,0.29068932543015713,567288000
2012-05-21,0.2817484736442566,0.28312398438676584,0.27555872996046876,0.27739273517423046,416260000
2012-05-22,0.27830970287323,0.2819777130207725,0.2741831982894321,0.2815192185845172,410140000
2012-05-23,0.285187304019928,0.2856458259499194,0.27120304104542253,0.2753295471140274,496000000
2012-05-24,0.27762189507484436,0.2872504130598509,0.27555865683733993,0.286791918710266,520420000
2012-05-25,0.2842702567577362,0.2865627566244313,0.2773927571576508,0.2773927571576508,391752000
2012-05-29,0.2916063666343689,0.29344037272158396,0.28770912077951494,0.28885537116792875,310000000
2012-05-30,0.28816747665405273,0.2904599763265451,0.28312398284032,0.2883967375528027,379792000
2012-05-31,0.28495803475379944,0.28931377391401797,0.2812900237450582,0.28816752388988087,358192000
2012-06-01,0.27464184165000916,0.2817486049162284,0.2741833469651354,0.27899760947822133,440984000
2012-06-04,0.2689104378223419,0.27762194122766404,0.2666179383645597,0.27601719707296635,432856000
2012-06-05,0.2767050266265869,0.2773927821142225,0.2675350263347966,0.2675350263347966,365224000
2012-06-06,0.28404101729393005,0.2847287727716374,0.2767050226321495,0.27876826173651537,368968000
2012-06-07,0.27257850766181946,0.28977228469447097,0.2723492467342654,0.28816751285910314,526780000
2012-06-08,0.2778512239456177,0.27876821286931136,0.2730369637743474,0.2734954582361942,370308000
2012-06-11,0.2810607850551605,0.29183555799789573,0.28037305684924846,0.2867920629582426,839080000
2012-06-12,0.2867920994758606,0.2895430946360721,0.2838118433319807,0.28427033797055556,496128000
2012-06-13,0.2792268693447113,0.28725062194790996,0.2778513579669429,0.2865628662590257,494276000
2012-06-14,0.2757880389690399,0.2810607951525993,0.2730370440602835,0.2787682948405091,589884000
2012-06-15,0.2817484736442566,0.2819777345442588,0.27532946906046657,0.2778512296454829,385288000
2012-06-18,0.2842702567577362,0.2865627566244313,0.2773927571576508,0.279685257024346,304424000
2012-06-19,0.303527295589447,0.3078830620714349,0.2945865290182653,0.295962039976526,960476000
2012-06-20,0.30834150314331055,0.3140727522609136,0.304673492776544,0.30650749795992727,972720000
2012-06-21,0.2943572402000427,0.30811223788767267,0.293669484849911,0.30811223788767267,516376000
2012-06-22,0.2980252802371979,0.3014640576461423,0.2938987746752209,0.2980252802371979,865360000
2012-06-25,0.28862595558166504,0.29917146443880493,0.28747970580713894,0.2982544755506842,494616000
2012-06-26,0.2918354570865631,0.29389869564838633,0.2861042084939998,0.2902307129463952,437152000
2012-06-27,0.30123475193977356,0.3032979907497452,0.2920647530887842,0.2920647530887842,506064000
2012-06-28,0.303527295589447,0.3053613010908758,0.295962039976526,0.29848380095708504,545896000
2012-06-29,0.3168236315250397,0.3175113866355954,0.31040462937442187,0.31063389018752097,616508000
2012-07-02,0.30834150314331055,0.31865775155499604,0.3058197426000646,0.3184285179875428,581684000
2012-07-03,0.31636515259742737,0.31705290774139605,0.30811214552728877,0.30834140635152596,219284000
2012-07-05,0.31315580010414124,0.31567753361473594,0.30834153934856684,0.31430205006225376,280076000
2012-07-06,0.30719515681266785,0.3117801546663469,0.30375640842240853,0.31086313869836535,382760000
2012-07-09,0.30306875705718994,0.306736767527652,0.30054699644265326,0.3053612567690407,306336000
2012-07-10,0.2938988506793976,0.3088001322092051,0.2916063500330831,0.29985936329132057,512028000
2012-07-11,0.2890845239162445,0.29848378451276225,0.28770901303376467,0.29481577371198586,485216000
2012-07-12,0.2842702567577362,0.28633349570626015,0.28174849597286994,0.285875001198672,472160000
2012-07-13,0.28793832659721375,0.2893138104024011,0.2826655703554295,0.2844995760911057,324260000
2012-07-16,0.2888554036617279,0.2911479046964426,0.2833533847811519,0.2861044078858239,334460000
2012-07-17,0.2835825979709625,0.2913771165711864,0.27876833567880177,0.2897723715833873,447476000
2012-07-18,0.29940083622932434,0.30352734241190943,0.281519327657296,0.28289481149898404,616008000
2012-07-19,0.30238106846809387,0.30627831337331674,0.2994008127186559,0.30146407931230906,403036000
2012-07-20,0.29366952180862427,0.3026102878280421,0.2904600055470046,0.30054702151798207,451000000
2012-07-23,0.2975667715072632,0.29963003785427406,0.28266552187012334,0.28587501086046685,451584000
2012-07-24,0.2943572402000427,0.29985922834359424,0.29091849077813525,0.29802522318616004,351164000
2012-07-25,0.30008864402770996,0.3030689005297169,0.29206489123779555,0.29344037531880746,415044000
2012-07-26,0.3014640510082245,0.30902930648381066,0.29917152367648847,0.3055905291505845,338440000
2012-07-27,0.30902931094169617,0.309946300024614,0.3003177780101963,0.3026103053750031,376516000
2012-07-30,0.30559056997299194,0.3129265928255183,0.3030688360301005,0.3090293477655883,363552000
2012-07-31,0.3104047179222107,0.3147604833124529,0.3051319636754699,0.3055904581037192,387788000
2012-08-01,0.30696606636047363,0.315219078009171,0.305590555309438,0.3122388222844326,335912000
2012-08-02,0.308112233877182,0.31269723304671215,0.30031771889173037,0.3053612398412141,367912000
2012-08-03,0.31453126668930054,0.3177407827961317,0.3055905011010778,0.3129265223002616,326548000
2012-08-06,0.32117950916290283,0.3227842534354152,0.31705300437019146,0.3175114988296591,360324000
2012-08-07,0.3243889808654785,0.3278277301260711,0.32255497579407916,0.325076736183347,407340000
2012-08-08,0.3262230157852173,0.32966176536044417,0.3232427606876035,0.32415977697158205,517064000
2012-08-09,0.33722710609436035,0.33791486165096163,0.32622309917501763,0.326681593769832,822300000
2012-08-10,0.3351639211177826,0.3489189251658689,0.33080815343863035,0.3461679298220044,1278744000
2012-08-13,0.33951956033706665,0.33974882126775136,0.3342468048901185,0.3356223158167156,447244000
2012-08-14,0.3344760835170746,0.3411243502423626,0.3331005725177027,0.340665828356734,388828000
2012-08-15,0.33195430040359497,0.33837330575954144,0.33034955589679715,0.3356223112723516,594404000
2012-08-16,0.3388318419456482,0.33997809197452106,0.3337883199556025,0.33493456998447535,371008000
2012-08-17,0.33585160970687866,0.33883186545447547,0.33287135395928186,0.33883186545447547,309864000
2012-08-20,0.33585160970687866,0.3363101042844878,0.33080808736690337,0.3347053595984767,314392000
2012-08-21,0.3349344730377197,0.339060977412997,0.3314957239464468,0.3369977388897326,340248000
2012-08-22,0.33562231063842773,0.3369978215438022,0.33172506617820696,0.33287131615643395,313556000
2012-08-23,0.3280569911003113,0.33516375050569625,0.32668148046418843,0.3349344896234258,379040000
2012-08-24,0.3347054123878479,0.3363101573269576,0.327369388674039,0.3280571443133039,347724000
2012-08-27,0.3289741575717926,0.3353931924532444,0.328744923894518,0.3344761757578522,340944000
2012-08-28,0.3275984823703766,0.33080797060962347,0.32576447737848613,0.3264522326665386,310764000
2012-08-29,0.3282862603664398,0.3303494990445658,0.32668148880706355,0.32736924414268903,250412000
2012-08-30,0.3220965266227722,0.32874479252478456,0.3204917822080636,0.32759854261017074,307488000
2012-08-31,0.3216380774974823,0.32668157236753886,0.31842858821528924,0.3243890722148988,485064000
2012-09-04,0.3044443428516388,0.3175116174658539,0.30146411408717994,0.31636536722452,694452000
2012-09-05,0.305361270904541,0.309946270540487,0.30215175476212675,0.3055905044890862,480256000
2012-09-06,0.31476056575775146,0.32301357694294996,0.3074245436692388,0.3076538046077885,657296000
2012-09-07,0.30719515681266785,0.30925839491532625,0.2968788843131471,0.3067366624930485,781064000
2012-09-10,0.3044443428516388,0.31086334966886064,0.30375661456984765,0.3065076096832966,371108000
2012-09-11,0.308112233877182,0.3129264939366889,0.30306874025644903,0.30421499004883157,382808000
2012-09-12,0.3115510046482086,0.31315577633074276,0.30765376055223853,0.3106340156828342,322608000
2012-09-13,0.3136143088340759,0.31544831431592074,0.30765379785026925,0.3143020643058622,433836000
2012-09-14,0.31728237867355347,0.32278439661396746,0.31338513304623733,0.31338513304623733,339468000
2012-09-17,0.3085707426071167,0.31797000227109296,0.3051319930708452,0.31797000227109296,493348000
2012-09-18,0.3106340765953064,0.31430208783357233,0.3049028261159896,0.3051320597379075,359952000
2012-09-19,0.31430211663246155,0.318657856464347,0.30765384907003157,0.3113218606443902,451936000
2012-09-20,0.3120095133781433,0.31521902956101466,0.30948777994383786,0.3136142851339559,320596000
2012-09-21,0.3133849501609802,0.3152189550708292,0.3113217117178672,0.3124679613704294,340136000
2012-09-24,0.31315580010414124,0.3136142946216353,0.30788304483107276,0.30834153934856684,357832000
2012-09-25,0.30742448568344116,0.3186577503072072,0.3069659912215786,0.31728223959286805,481544000
2012-09-26,0.30215173959732056,0.3065075054301082,0.29848375646990966,0.3062782445283159,436812000
2012-09-27,0.3044443428516388,0.3049028648111815,0.3003178365170846,0.30283959797952364,558888000
2012-09-28,0.30581966042518616,0.31017542498140527,0.2991713968379288,0.3030686670536891,485508000
2012-10-01,0.30077627301216125,0.3090292833362072,0.2996300230965301,0.3071952780054466,504236000
2012-10-02,0.3019225597381592,0.30283954885096187,0.2984838095720136,0.30283954885096187,295492000
2012-10-03,0.2989422380924225,0.30352723730112896,0.2973374938351254,0.30261024839088807,430872000
2012-10-04,0.31223878264427185,0.31407278803656447,0.2980252613505701,0.29963003314929776,502608000
2012-10-05,0.3049027919769287,0.31636529165214017,0.30375654200940755,0.31315580267458293,483068000
2012-10-08,0.3019225597381592,0.3051320489617256,0.2996300596273954,0.30375656529252154,240596000
2012-10-09,0.2955036163330078,0.30238111811690516,0.2945865996978972,0.3014641288105573,366360000
2012-10-10,0.2904600501060486,0.29550357252963383,0.2893137999786444,0.29412806144524534,326568000
2012-10-11,0.2920648157596588,0.2941280550123576,0.2897723155549899,0.2932110658619933,320516000
2012-10-12,0.2895429730415344,0.2922939670464568,0.28770896792866935,0.2900014674875631,260696000
2012-10-15,0.29321107268333435,0.29344030631187934,0.2865628055378725,0.2900015559248759,249580000
2012-10-16,0.3016931712627411,0.3026101873166564,0.29298166905864553,0.2957326625629006,367696000
2012-10-17,0.29940083622932434,0.3007763473997728,0.295045069075411,0.2980253250588758,391752000
2012-10-18,0.2948158383369446,0.2987130835865915,0.2936695881265331,0.2987130835865915,254772000
2012-10-19,0.27762189507484436,0.2925231664019391,0.2760171511869248,0.29045990083568995,709412000
2012-10-22,0.2744125425815582,0.2803730540508668,0.27212004237471005,0.27876828204306653,480840000
2012-10-23,0.28266552090644836,0.2844995263212871,0.27120299389589503,0.2718907493425539,573948000
2012-10-24,0.2789975106716156,0.28564577689848625,0.27624651620786966,0.2844995269278625,332916000
2012-10-25,0.2792268693447113,0.2842703655152547,0.27808061897282577,0.28129010908259944,307356000
2012-10-26,0.276246577501297,0.28129007302533826,0.276246577501297,0.27968532817615616,389376000
2012-10-31,0.27464184165000916,0.27968536516991427,0.2739541132870809,0.2773928644167809,347112000
2012-11-01,0.28770893812179565,0.2879381989854336,0.2757879197875748,0.2760171806512127,473220000
2012-11-02,0.28633347153663635,0.2911477317818224,0.28449949366109095,0.29068923731293606,256700000
2012-11-05,0.29848378896713257,0.2996300389433867,0.28564577830158416,0.28564577830158416,444840000
2012-11-06,0.29825448989868164,0.29917147883091555,0.2932109961138919,0.29917147883091555,350804000
2012-11-07,0.2890845239162445,0.29779602907152236,0.28770901303376467,0.29596202367113417,324620000
2012-11-08,0.29068925976753235,0.29985925916861256,0.2900015043467006,0.2922940041969706,839024000
2012-11-09,0.27945607900619507,0.29573284381969794,0.2785390897189959,0.2922940929995575,846280000
2012-11-12,0.27326616644859314,0.28106065262557994,0.2705151456061314,0.27991440305080273,643624000
2012-11-13,0.27120307087898254,0.27808059996905626,0.27097383721752977,0.2718908265208662,492120000
2012-11-14,0.26455479860305786,0.27555880557648255,0.2643255376401442,0.27280781066531623,619300000
2012-11-15,0.2657009959220886,0.27303699000259635,0.2638669905697732,0.266159490427979,466688000
2012-11-16,0.26088666915893555,0.26661791735169615,0.2556139153558464,0.2657009285723533,624552000
2012-11-19,0.26822277903556824,0.26913979554590656,0.26249152832880035,0.2657010451218458,404092000
2012-11-20,0.2651079595088959,0.2683381554141269,0.2623391887271845,0.26718451009010524,336976000
2012-11-21,0.27272194623947144,0.2734141112320931,0.2648771437741187,0.26510788377503675,422312000
2012-11-23,0.27456772327423096,0.27779791754542604,0.2724911462384111,0.27387553092895767,276932000
2012-11-26,0.2794131636619568,0.28010535637630185,0.27456786967169095,0.27502932231289606,364600000
2012-11-27,0.2805668115615845,0.2847199403802392,0.27595223009754044,0.27825952082956246,451404000
2012-11-28,0.2828739881515503,0.2842583730341825,0.27595211874851727,0.2794130534500338,398332000
2012-11-29,0.27779799699783325,0.28471986742015504,0.2768750919435509,0.2833355098387315,488688000
2012-11-30,0.2761829197406769,0.2796438552067294,0.27456782202419977,0.27756727742405585,460504000
2012-12-03,0.27110689878463745,0.27964389618941327,0.27041473359404405,0.27964389618941327,391380000
2012-12-04,0.2791823744773865,0.27964382699195434,0.2699531866606923,0.27156831171928086,528068000
2012-12-05,0.27595213055610657,0.27872087293477743,0.27202974322756746,0.2768750630190403,633024000
2012-12-06,0.2764137089252472,0.27825954718672036,0.2743371580717634,0.2752600634499612,412896000
2012-12-07,0.27595213055610657,0.2780287079689086,0.27272193569850145,0.27664432302704056,338288000
2012-12-10,0.28518131375312805,0.2872578913377619,0.27525996086227944,0.27595215339049073,513644000
2012-12-11,0.2918725907802582,0.29556426743578496,0.2854121703856257,0.2861043631966718,816724000
2012-12-12,0.28887295722961426,0.29441046934313186,0.2877193123107645,0.29279537195775507,399404000
2012-12-13,0.2891038656234741,0.29464135345761083,0.28633512170640574,0.2884116727679369,377556000
2012-12-14,0.290488064289093,0.29348754667900684,0.28818077437455397,0.29025735180067835,338660000
2012-12-17,0.28933441638946533,0.29141099379447216,0.28495057659844836,0.2897958963717325,445232000
2012-12-18,0.2897959053516388,0.2930261002972122,0.28841152037206963,0.28933442535507176,416436000
2012-12-19,0.2918725907802582,0.29533352733041,0.2907189452635409,0.2918725907802582,458544000
2012-12-20,0.2916417717933655,0.29325686942659024,0.2884115490218473,0.29302612940538586,334332000
2012-12-21,0.2849506735801697,0.28771941689077674,0.2817204501302327,0.28771941689077674,462172000
2012-12-24,0.2826433479785919,0.2856428309882285,0.28172041531905007,0.28471989832868666,127376000
2012-12-26,0.282412588596344,0.28656571651717666,0.2812589434797277,0.2819511360507113,196740000
2012-12-27,0.2805668115615845,0.28333558244407103,0.2773366155387837,0.2828741022936065,299804000
2012-12-28,0.2791823744773865,0.28356621462338233,0.2775672494187979,0.2780287294384331,220600000
2012-12-31,0.2828739881515503,0.2840276330520558,0.27756721610821217,0.2782594085495283,326460000
2013-01-02,0.29348766803741455,0.2937184081263066,0.28864237371637186,0.2897960191506787,478836000
2013-01-03,0.2937183380126953,0.29694853345564265,0.2902574025359359,0.29348759797888324,298888000
2013-01-04,0.3034088909626007,0.30433179581884784,0.2932568000185715,0.29417970487481865,524968000
2013-01-07,0.2946411669254303,0.30410106578368756,0.29256461717852655,0.30317816089729993,610732000
2013-01-08,0.28818079829216003,0.2962563411683429,0.28610424819875746,0.2953334086228891,466424000
2013-01-09,0.2817203998565674,0.29187249352389427,0.2798745896489348,0.2904881083631003,695020000
2013-01-10,0.2821817994117737,0.2856427338213421,0.2805666746832591,0.28425834905549,506368000
2013-01-11,0.2817203998565674,0.2835662375692695,0.278951657040049,0.2833355250458502,513172000
2013-01-14,0.281489759683609,0.28356631045346,0.27825953597985825,0.28356631045346,305684000
2013-01-15,0.2764137089252472,0.2801053854481936,0.2747986107608623,0.2801053854481936,375888000
2013-01-16,0.27895164489746094,0.28125893506163635,0.27595216218301927,0.27595216218301927,337376000
2013-01-17,0.2826433479785919,0.2837969931742159,0.27918241239171987,0.2798746050101085,580736000
2013-01-18,0.28079739212989807,0.2826432291680033,0.2773364579978482,0.2826432291680033,397088000
2013-01-22,0.2794131636619568,0.28310483980174733,0.2780288057383415,0.28056680901750697,308224000
2013-01-23,0.2798744738101959,0.2805666385990396,0.2768749922066601,0.2803359261711111,421808000
2013-01-24,0.28125888109207153,0.28241252595279126,0.27756720653574324,0.2789515913706321,396980000
2013-01-25,0.2863349914550781,0.2865657039652544,0.2803360261094074,0.281720383685669,393920000
2013-01-28,0.2909495234489441,0.2927953607494574,0.28702710887095456,0.28771930129678,422492000
2013-01-29,0.28471997380256653,0.2904882013097346,0.28356632830113293,0.2897960360129371,388872000
2013-01-30,0.2842583954334259,0.28887297539907164,0.2833354904423232,0.284950587929286,287592000
2013-01-31,0.2828739881515503,0.2874885952586363,0.2810281783147927,0.2842583730341825,470544000
2013-02-01,0.2854120433330536,0.2863349758386267,0.2828740133240606,0.2851813033303937,288816000
2013-02-04,0.2805668115615845,0.2895652619195155,0.28033609899142736,0.2837970350894604,511744000
2013-02-05,0.28702712059020996,0.28864224548476897,0.2810281834999357,0.28195108843534267,367296000
2013-02-06,0.28471997380256653,0.2870272648054337,0.2784902935958407,0.2801053917968321,530688000
2013-02-07,0.2835662066936493,0.28610423671039936,0.2807974641786007,0.28379694669701444,440000000
2013-02-08,0.2854120433330536,0.28771933333938665,0.28356620582697384,0.2854120433330536,307232000
2013-02-11,0.28864234685897827,0.2916418302100976,0.28495067081066616,0.28771941409436314,408308000
2013-02-12,0.2867964506149292,0.2900266458726646,0.28564280552215676,0.286104258058252,277804000
2013-02-13,0.2854120433330536,0.29233391335205283,0.28448913833254696,0.28702714083647346,856396000
2013-02-14,0.2937183380126953,0.29394907804650733,0.27802875835037205,0.28148969382713146,882096000
2013-02-15,0.2937183380126953,0.29510272320542713,0.2872579196217304,0.2930261454163294,733860000
2013-02-19,0.2897959053516388,0.29417974527849783,0.2879500678805686,0.2939490327852803,433552000
2013-02-20,0.2856428027153015,0.295333415898352,0.28471987014711153,0.29071883557260714,713012000
2013-02-21,0.2835662066936493,0.28841152672378434,0.2828740141886205,0.28518130420200544,580408000
2013-02-22,0.28887295722961426,0.28910369721541,0.28379692508768817,0.28541202247306496,370148000
2013-02-25,0.2837969660758972,0.2918724816741756,0.28333551354272357,0.28956519150323895,644444000
2013-02-26,0.28716298937797546,0.2887879951829258,0.2834486666748279,0.28437726118751705,487504000
2013-02-27,0.29250234365463257,0.2945916607368922,0.28646657564873623,0.2871630146761561,476980000
2013-02-28,0.29389530420303345,0.29830603982506504,0.29041313576233013,0.2915738585758979,591392000
2013-03-01,0.2950560450553894,0.2959846122934874,0.28925243063273604,0.2918060043744136,389396000
2013-03-04,0.29389530420303345,0.29668103342083313,0.2906452637207548,0.2929667093478903,353680000
2013-03-05,0.29714536666870117,0.2976096503369537,0.2941274813143306,0.2955203599929076,366168000
2013-03-06,0.2969132363796234,0.30178825636937406,0.29552035771179797,0.2990025267075424,342928000
2013-03-07,0.2962166965007782,0.30155602601668635,0.2945916903891043,0.29853814170997217,314824000
2013-03-08,0.2976095974445343,0.29900247587556317,0.2955203074718055,0.2969131859028344,246464000
2013-03-11,0.2948238253593445,0.2959845479917116,0.29227022449861273,0.29459169743715735,299748000
2013-03-12,0.2957524359226227,0.29668100300876576,0.2915738286873549,0.2943595576195961,310856000
2013-03-13,0.2957524359226227,0.30085961024403357,0.2929666793165695,0.2957524359226227,485840000
2013-03-14,0.29598450660705566,0.29853810711074213,0.2941273451201752,0.2976095125303986,383304000
2013-03-15,0.29343101382255554,0.29598458734902766,0.29227026336203205,0.29598458734902766,355776000
2013-03-18,0.29134172201156616,0.29412745141168795,0.28925243187992894,0.2915738776589999,298312000
2013-03-19,0.28948450088500977,0.292966668844292,0.2873952111789648,0.29157381826486567,355480000
2013-03-20,0.2929665744304657,0.293895168857971,0.28971656311870214,0.2922701355282872,340588000
2013-03-21,0.28832384943962097,0.29180601825889885,0.2878595657984808,0.29134173461775864,339032000
2013-03-22,0.28971654176712036,0.29087726396060737,0.28809153623099854,0.28925225842448554,232476000
2013-03-25,0.28809165954589844,0.2915738276168685,0.2860023420990293,0.2913416720092791,362076000
2013-03-26,0.29018086194992065,0.29041301748761156,0.28762726173053466,0.28878798407138223,232540000
2013-03-27,0.2936631441116333,0.2952881504911901,0.2883238137155342,0.2890202529278627,254944000
2013-03-28,0.29784172773361206,0.2980738833436363,0.2908773915186301,0.2929666813135998,349276000
2013-04-01,0.28809165954589844,0.2971452854608958,0.2860023420990293,0.2971452854608958,442828000
2013-04-02,0.28507378697395325,0.2890202387518275,0.2832166250567733,0.2883237995736584,371524000
2013-04-03,0.281591534614563,0.2862344241832646,0.2795022177043644,0.28460939069517527,353156000
2013-04-04,0.2843773066997528,0.28530587368724686,0.2797344164146644,0.2806629834021585,294676000
2013-04-05,0.28925228118896484,0.28925228118896484,0.2795021918572909,0.28019863076295365,551352000
2013-04-08,0.28855594992637634,0.28948451703111844,0.28321661988957825,0.28948451703111844,326660000
2013-04-09,0.29319891333580017,0.2952882036752713,0.28669885897303976,0.2887881493125109,380584000
2013-04-10,0.29784172773361206,0.2983060112798484,0.2927345533773877,0.29343099253364835,384688000
2013-04-11,0.29644882678985596,0.29830598850683576,0.2855380397540883,0.29366309805129126,969220000
2013-04-12,0.30387747287750244,0.30712748511851445,0.2952881034177522,0.2978417042312687,770548000
2013-04-15,0.2976095974445343,0.3038775227103496,0.2957524631015818,0.3029489278650589,430420000
2013-04-16,0.30085960030555725,0.30294889001726844,0.29877028292003505,0.30039531677782266,468844000
2013-04-17,0.2969132363796234,0.30132397270470535,0.29505607404712925,0.29853824304287363,532948000
2013-04-18,0.29110950231552124,0.2994667163509863,0.29110950231552124,0.2976095546015707,402548000
2013-04-19,0.2918059527873993,0.29273454753515177,0.2871630620700716,0.2908773857134584,303028000
2013-04-22,0.2922702729701996,0.29482387425443357,0.28925241576459676,0.2915738614143313,245568000
2013-04-23,0.2999311089515686,0.3029489664804448,0.29435962219109824,0.29482390583601625,376948000
2013-04-24,0.31014540791511536,0.3126990090454057,0.300627470255466,0.30085962587597,556556000
2013-04-25,0.31269899010658264,0.31339542925210095,0.30898466644635963,0.3117704230284328,353224000
2013-04-26,0.3113062083721161,0.31269908709517613,0.30968120164442625,0.31223480341209625,324332000
2013-04-29,0.3150203824043274,0.31618110489337387,0.3103774924481415,0.3117703705045201,269712000
2013-04-30,0.31966328620910645,0.31966328620910645,0.3136275179350578,0.31571683511014,276712000
2013-05-01,0.31687766313552856,0.32175271049311,0.31571694020980134,0.3196633926225105,341316000
2013-05-02,0.3205920457839966,0.3215206132236708,0.3147884024276538,0.3166455649808248,323480000
2013-05-03,0.32198476791381836,0.3243062132565484,0.32082404524245334,0.3226812070513997,293864000
2013-05-06,0.3210562765598297,0.32384200609329233,0.3191991143129153,0.32198484384637793,217116000
2013-05-07,0.31687766313552856,0.32175271049311,0.31385977799387427,0.32105627120291014,448068000
2013-05-08,0.32268133759498596,0.3245385001552638,0.31618128247092486,0.3173420056118707,334032000
2013-05-09,0.32291340827941895,0.32430625907756505,0.3164133548666243,0.31687763846600636,566800000
2013-05-10,0.33753854036331177,0.3389314189129501,0.32964560803838944,0.32964560803838944,861136000
2013-05-13,0.3305741250514984,0.33660989377897044,0.32918124683014016,0.3352170155576122,289812000
2013-05-14,0.3354491889476776,0.3382349178643639,0.33127058173574236,0.3345205941929077,454140000
2013-05-15,0.34125274419784546,0.34241346668802286,0.33382409812166436,0.33382409812166436,313172000
2013-05-16,0.33962777256965637,0.3442706629995836,0.3384670222883647,0.34078849517713816,308368000
2013-05-17,0.34519922733306885,0.3475206725299896,0.33869917524692883,0.34125277603306553,312116000
2013-05-20,0.3445028066635132,0.34589568492568173,0.3426456448718922,0.34380636753242894,236380000
2013-05-21,0.3481193780899048,0.349519331775499,0.3425196189763003,0.34648611733296897,357784000
2013-05-22,0.33598649501800537,0.34951927651993353,0.3345865415537301,0.34951927651993353,480404000
2013-05-23,0.3413529098033905,0.3425195282943952,0.33108665039392204,0.33201993406097424,393884000
2013-05-24,0.3392530679702759,0.34228628239780523,0.33551987670341116,0.3394864028548497,283304000
2013-05-28,0.33901968598365784,0.3427528767318479,0.3357531649397782,0.3418195929519915,279300000
2013-05-29,0.3369198441505432,0.33901974693997733,0.3355198904146624,0.3369198441505432,335052000
2013-05-30,0.3413529098033905,0.34485276527640457,0.3355197895339883,0.33645310101541936,284504000
2013-05-31,0.337619811296463,0.3443861892581407,0.337619811296463,0.33948640695242505,577508000
2013-06-03,0.3371531367301941,0.340652992816259,0.3301533967436805,0.3380864205607246,444468000
2013-06-04,0.337619811296463,0.3453195009933149,0.33551988075311084,0.3392530720650349,363676000
2013-06-05,0.3303866684436798,0.33971961622220426,0.32945335697720035,0.3371530722717371,464520000
2013-06-06,0.332486629486084,0.33505320170573666,0.3301533921279937,0.33038672698955607,341044000
2013-06-07,0.3371531367301941,0.3392530392560796,0.33341994577930467,0.3348198715251004,274584000
2013-06-10,0.3369198441505432,0.33901974693997733,0.33435327157289074,0.3362198672826028,224148000
2013-06-11,0.33062008023262024,0.3371531507613692,0.33062008023262024,0.3324866479713615,296336000
2013-06-12,0.32782018184661865,0.3350532293798745,0.325953586243096,0.33225334988178323,312588000
2013-06-13,0.33528652787208557,0.3369197884175157,0.32642022057840175,0.3266535276195303,236256000
2013-06-14,0.3348199427127838,0.33691987349952945,0.3324867048259929,0.3364532314850492,236012000
2013-06-17,0.3380863666534424,0.34111958034060147,0.3355197948071434,0.33738638998496273,255336000
2013-06-18,0.33598649501800537,0.3434528485939162,0.3331865880894547,0.3397196578987699,486772000
2013-06-19,0.3462527394294739,0.3611854749011821,0.3378530739882391,0.3390196926431671,1159588000
2013-06-20,0.3369198441505432,0.3439195572011731,0.33458660646699995,0.3434529152273419,628696000
2013-06-21,0.33645322918891907,0.3399530859952206,0.3308534416102029,0.33878646705978677,714228000
2013-06-24,0.32945334911346436,0.3357531109651018,0.3245535683353191,0.3315532790021361,580772000
2013-06-25,0.3317866921424866,0.3336532598427808,0.3282868081684741,0.33295331086236263,457360000
2013-06-26,0.3299201428890228,0.3359865722087633,0.3285201891031171,0.3355199024038693,579752000
2013-06-27,0.3268868029117584,0.33131994184363,0.32338694760310904,0.3308533000320189,808036000
2013-06-28,0.3275868892669678,0.33085341085679787,0.3226870790678358,0.32688691240789364,431536000
2013-07-01,0.3289867043495178,0.3306199924086365,0.3268868022940473,0.32992001578535385,199524000
2013-07-02,0.3287534713745117,0.3336532532119857,0.3257202572002371,0.3271201829476367,256392000
2013-07-03,0.3296867907047272,0.33365328913768927,0.32595359934759416,0.32595359934759416,140388000
2013-07-05,0.3322533071041107,0.3329532838421078,0.32852011637771433,0.3306200465917056,184684000
2013-07-08,0.33062008023262024,0.33481988545917296,0.32875348467949417,0.3331866247805819,262084000
2013-07-09,0.3322533071041107,0.33435320950371994,0.3303867117409125,0.3313199955153206,157364000
2013-07-10,0.33668655157089233,0.33761986345023975,0.33132009866141443,0.33225341054076185,208468000
2013-07-11,0.3413529098033905,0.34181955163691663,0.33785302651599763,0.33855300317347625,239832000
2013-07-12,0.34158629179000854,0.3448528409704455,0.3394863891710301,0.34065300791810366,216360000
2013-07-15,0.34088629484176636,0.3422862483813094,0.3355198433593624,0.3422862483813094,201332000
2013-07-16,0.3427528738975525,0.3446194692562123,0.34065297150304896,0.34228623201148306,162560000
2013-07-17,0.34088629484176636,0.34391950896785406,0.33995301102499315,0.34275289028969597,166100000
2013-07-18,0.33948636054992676,0.34158626299186856,0.3350531929961636,0.3404196443431492,344488000
2013-07-19,0.3322533071041107,0.3390196840045244,0.32875345122850735,0.3373864234921192,480532000
2013-07-22,0.33201998472213745,0.33785307806720155,0.33062005900795194,0.3348198639648916,292384000
2013-07-23,0.3315533995628357,0.3362198750375551,0.3299201387095615,0.3362198750375551,246792000
2013-07-24,0.3315533995628357,0.3355198981534696,0.3310867575782413,0.3345866141842809,284252000
2013-07-25,0.33271998167037964,0.33715314957018966,0.32898679057731695,0.33132002805688493,243320000
2013-07-26,0.33132001757621765,0.33341994793003243,0.3287534731185114,0.3287534731185114,227360000
2013-07-29,0.33062008023262024,0.33481988545917296,0.32968676854886475,0.33062008023262024,179540000
2013-07-30,0.3362197279930115,0.3406528944437975,0.3315532545591582,0.3317865893566011,266076000
2013-07-31,0.3369198441505432,0.340186365781749,0.33435327157289074,0.33458660646699995,270160000
2013-08-01,0.34158629179000854,0.34228626860112965,0.3341199373716146,0.3380864355487878,277648000
2013-08-02,0.3443862199783325,0.34508619688855646,0.33855312541711474,0.3408863632416019,209628000
2013-08-05,0.3460194170475006,0.3471860356507105,0.3415862496666742,0.3434528449946863,185188000
2013-08-06,0.34088629484176636,0.34695272309394176,0.34018631807199484,0.34625274632417025,206608000
2013-08-07,0.3406530022621155,0.3441528584452268,0.33878640673491256,0.3390197137918226,244380000
2013-08-08,0.34298616647720337,0.34461942678434987,0.3385529995699446,0.34251952464864416,345696000
2013-08-09,0.3380863666534424,0.3432194825316612,0.32922006041958485,0.3294533674328253,906224000
2013-08-12,0.33528652787208557,0.34018630950837586,0.305887698982431,0.3243202903219494,257568000
2013-08-13,0.33645322918891907,0.33785315522280607,0.33365332149236626,0.33575325226478087,197468000
2013-08-14,0.3506859242916107,0.35278582684822907,0.33551985321565103,0.33575318808389043,828508000
2013-08-15,0.35301920771598816,0.3558190874277739,0.3455528247320427,0.3469527784951294,723616000
2013-08-16,0.35441911220550537,0.359318894066335,0.35161920506859257,0.3523191818528208,660456000
2013-08-19,0.3488193452358246,0.3534858203055664,0.3485860103565833,0.35231920153813095,393432000
2013-08-20,0.35057809948921204,0.3529231012553237,0.34823309772310035,0.34870209248539746,234192000
2013-08-21,0.34893661737442017,0.3529231149404675,0.34752960507834363,0.3484675946393099,261540000
2013-08-22,0.350812703371048,0.35409569552761055,0.3487021844521433,0.3487021844521433,129016000
2013-08-23,0.350812703371048,0.35409569552761055,0.3501091970647464,0.3512816982570378,245120000
2013-08-26,0.35151606798171997,0.3524540854048164,0.350109083779012,0.351047073247484,300152000
2013-08-27,0.34706050157546997,0.35057800325911914,0.3458880010142536,0.3482330021366864,277464000
2013-08-28,0.34706050157546997,0.3503434919650285,0.34565348972016297,0.34776400750312353,318824000
2013-08-29,0.34635698795318604,0.34964000622442776,0.344949976129137,0.34588799333004233,276216000
2013-08-30,0.3458881676197052,0.3475296636051509,0.3442466716342595,0.34659167388621964,378120000
2013-09-03,0.3461225926876068,0.35104710776790077,0.3440121021986963,0.3468260988354527,284680000
2013-09-04,0.3494057357311249,0.35151622696704143,0.3456537202510099,0.346122715197365,222080000
2013-09-05,0.3503434956073761,0.3517505074773112,0.3477640111186535,0.3479984944605635,174904000
2013-09-06,0.34893661737442017,0.3524541201599844,0.34635710414982224,0.3505781130834247,226756000
2013-09-09,0.3547990620136261,0.3547990620136261,0.35081256512177267,0.35175055452410675,246408000
2013-09-10,0.36230310797691345,0.36253761933515316,0.3557370974470891,0.3573786210455147,292132000
2013-09-11,0.36840003728866577,0.3693380545468643,0.35925451578298256,0.36183402829975414,396164000
2013-09-12,0.3681657016277313,0.3728557059362349,0.36652417775605045,0.36652417775605045,303808000
2013-09-13,0.37051060795783997,0.3721521034503546,0.3667585942995578,0.3693381071839547,159696000
2013-09-16,0.37074509263038635,0.3761386017999577,0.3693381084696005,0.3735591168612052,231412000
2013-09-17,0.3719175457954407,0.37496605301880853,0.37051056181477704,0.3721520571028613,168608000
2013-09-18,0.37520062923431396,0.3761386187170245,0.3702761145635215,0.37215212148356747,268168000
2013-09-19,0.3735590875148773,0.37754558425586504,0.3719175641909811,0.3768420782534269,227572000
2013-09-20,0.37027618288993835,0.3768421943444013,0.36957267667077626,0.374497192250281,356036000
2013-09-23,0.3667586147785187,0.37309011372011064,0.36464809649490465,0.37004160594686264,271244000
2013-09-24,0.3681657016277313,0.36957268614750394,0.36488268183900036,0.3669932005506054,229732000
2013-09-25,0.3686346411705017,0.3714486377425633,0.3658206166438136,0.36746214026925716,233156000
2013-09-26,0.3674621284008026,0.3702761248819765,0.365351610073953,0.3695726187730266,148816000
2013-09-27,0.3653515875339508,0.36769658911602743,0.36324109729193144,0.36464808146840305,151920000
2013-09-30,0.3648827075958252,0.3674622213294406,0.3594891966693956,0.36159971552998077,226640000
2013-10-01,0.36464816331863403,0.36699319338170844,0.36253767260288633,0.3653516695420933,226976000
2013-10-02,0.3644135892391205,0.3658205733814464,0.3608960869513708,0.3608960869513708,162036000
2013-10-03,0.3606616258621216,0.36793114278473044,0.35902013015674683,0.36464812341935376,436768000
2013-10-04,0.36558619141578674,0.36863469983508795,0.35925466317776455,0.3601926808208124,246228000
2013-10-07,0.36558619141578674,0.3681657049908795,0.36230317159706577,0.36417917892853047,169952000
2013-10-08,0.36253753304481506,0.3698070479644594,0.3597235371888499,0.36464802294813403,290712000
2013-10-09,0.3569096028804779,0.36511713711339344,0.35503362380914155,0.3648826257521632,275860000
2013-10-10,0.36089619994163513,0.3618341896635205,0.3569096737370422,0.359489187404175,223484000
2013-10-11,0.3578476905822754,0.3597236979763202,0.35409567579418577,0.35526817692113477,213704000
2013-10-14,0.36324116587638855,0.36324116587638855,0.35690963804561116,0.35690963804561116,166628000
2013-10-15,0.36136510968208313,0.3653516069930142,0.36113059832953553,0.3632411166385876,208820000
2013-10-16,0.36582061648368835,0.3672276287464165,0.3630066199128585,0.3634756146822257,210072000
2013-10-17,0.36652418971061707,0.36746220737569063,0.3630066863645124,0.3630066863645124,213324000
2013-10-18,0.37074509263038635,0.371917593408353,0.36441359402029116,0.365820578181077,255068000
2013-10-21,0.3716830909252167,0.37543507644912605,0.3705105902075033,0.3752005930783567,195008000
2013-10-22,0.36980706453323364,0.37191755453111064,0.36652404592533294,0.37168307117280247,179452000
2013-10-23,0.3634755313396454,0.3691035511454632,0.3623030307077609,0.3691035511454632,252216000
2013-10-24,0.36089619994163513,0.36675870558999885,0.3601926936729051,0.36441370333065337,236436000
2013-10-25,0.35737866163253784,0.3630066553231934,0.35620616061743215,0.3627721718929498,330492000
2013-10-28,0.35667508840560913,0.3585510952681619,0.35175057388573605,0.3569095717917882,394024000
2013-10-29,0.3571440279483795,0.3578475339074624,0.35292302014850196,0.3562060386393488,387952000
2013-10-30,0.3569096028804779,0.3599581108033391,0.35386109495761664,0.35831661513860663,204032000
2013-10-31,0.35620611906051636,0.3599581050983502,0.35550261294260194,0.3573786199388318,293368000
2013-11-01,0.3578476905822754,0.35948918656907763,0.35526817692113477,0.358082174034886,206136000
2013-11-04,0.3475295901298523,0.3590201155078897,0.3468260840120744,0.3590201155078897,410264000
2013-11-05,0.34706050157546997,0.3487019967702492,0.3416669934029509,0.34541900638069073,422368000
2013-11-06,0.3494057357311249,0.349640247181621,0.3435432290150934,0.3470607330447123,198044000
2013-11-07,0.3411981165409088,0.34917111192737554,0.3404946103704257,0.3482331223364835,553076000
2013-11-08,0.3648827075958252,0.3660552087557172,0.35034367084945867,0.3517506834231821,734532000
2013-11-11,0.3679310381412506,0.36886902743336863,0.36277204112536304,0.363475519117142,297624000
2013-11-12,0.3686346411705017,0.3716831491046628,0.3644136323350961,0.36957263070964674,316032000
2013-11-13,0.37871819734573364,0.37871819734573364,0.3669931870071718,0.36769666526378175,332792000
2013-11-14,0.38035956025123596,0.38270456149927606,0.3773110530378599,0.37754556434451186,307980000
2013-11-15,0.37918707728385925,0.38223558463918744,0.37543506393043663,0.3817665899586649,450332000
2013-11-18,0.37004148960113525,0.3742624968866001,0.36910350040641693,0.3709795067504698,316948000
2013-11-19,0.36402952671051025,0.3715741671530281,0.3635579919527323,0.3682733957425589,206716000
2013-11-20,0.35860681533813477,0.3652083864235448,0.35789949913147934,0.3642652887793295,204776000
2013-11-21,0.36143597960472107,0.3621432956695868,0.35742789271184,0.35907827812584764,213568000
2013-11-22,0.3578994870185852,0.3619075745792822,0.3571921708358685,0.3619075745792822,158668000
2013-11-25,0.36567988991737366,0.36615142464614053,0.3578994685216437,0.3578994685216437,248208000
2013-11-26,0.36874473094940186,0.372752816380523,0.36733009933559047,0.3696877999546039,753176000
2013-11-27,0.3701596260070801,0.37133847715557916,0.3661515096173605,0.36850921191435865,181272000
2013-11-29,0.3678017854690552,0.3711025845600745,0.36544408387804994,0.37015951516608037,116964000
2013-12-02,0.3713383376598358,0.3739317923486681,0.3656798374090769,0.36638715345367395,373872000
2013-12-03,0.37110254168510437,0.37628947896484416,0.36874484036649385,0.3713383230593721,290560000
2013-12-04,0.37628960609436035,0.3769969223501138,0.3692164997488785,0.3701595974585584,493176000
2013-12-05,0.3701596260070801,0.3769969514259634,0.36968806306285773,0.3769969514259634,271812000
2013-12-06,0.36473679542541504,0.37463913647394026,0.3637936979265908,0.37463913647394026,281000000
2013-12-09,0.35860681533813477,0.36591570263020023,0.35789949913147934,0.3647368516544493,385220000
2013-12-10,0.3668587803840637,0.36850916616587,0.3581352885893522,0.3586068233690075,524268000
2013-12-11,0.3633221983909607,0.3680376020233589,0.36261488222489646,0.36756606728132357,414156000
2013-12-12,0.356249064207077,0.3640294851941646,0.3555417480980653,0.3621433182721403,258724000
2013-12-13,0.35412701964378357,0.35954973753118796,0.3536554850679251,0.35695628331095997,184588000
2013-12-16,0.35459861159324646,0.35766362899126164,0.3541270769410943,0.354362858320179,237620000
2013-12-17,0.356249064207077,0.35719213361507895,0.3512978795500157,0.35436289728505266,274104000
2013-12-18,0.3612002730369568,0.3619075892483429,0.3524767813792602,0.35695643198068916,426232000
2013-12-19,0.3626148998737335,0.36308643463871887,0.3583710307768172,0.36072873270776806,258544000
2013-12-20,0.3699236214160919,0.37015940274599196,0.3623789561314287,0.36332205334501727,382080000
2013-12-23,0.3720455765724182,0.375110593624437,0.36898058762641356,0.3720455765724182,168568000
2013-12-24,0.3729887306690216,0.37416758139883194,0.3692163970912212,0.37416758139883194,79600000
2013-12-26,0.3694521188735962,0.3755821529220209,0.3685090215782926,0.3744033023824018,168920000
2013-12-27,0.3715742230415344,0.3722815393376006,0.36921652079199896,0.37133846968019757,210976000
2013-12-30,0.37652528285980225,0.3767610642481725,0.3713383452698219,0.37180987994054404,248180000
2013-12-31,0.3777041733264923,0.379590340313836,0.37487493689848744,0.3772326386061617,235776000
2014-01-02,0.373931884765625,0.37676114964326385,0.3706311132164127,0.3753465172044444,260092000
2014-01-03,0.3694521188735962,0.37534637157169154,0.3682732683339771,0.37463905562671734,259332000
2014-01-06,0.37440332770347595,0.3772325635687015,0.36968789712007893,0.37322444897811485,409492000
2014-01-07,0.3805334270000458,0.38194805933116915,0.3755822700531591,0.37817572518552184,333288000
2014-01-08,0.38572028279304504,0.3876064493246267,0.3805333178046919,0.3819479497298818,308192000
2014-01-09,0.3713383376598358,0.3805333619215446,0.37015948695417994,0.3798260458769475,292172000
2014-01-10,0.3708668053150177,0.3751106738247076,0.36756603431082563,0.3725172189231339,218492000
2014-01-13,0.3621433973312378,0.37322459177147516,0.3614360810678128,0.3708668896307427,243332000
2014-01-14,0.3734603226184845,0.37416763878605763,0.3623791015738923,0.3640295153335704,241828000
2014-01-15,0.37746840715408325,0.37888303947821395,0.3734603197104096,0.37511070535121377,175044000
2014-01-16,0.3786472678184509,0.3793545839987535,0.3758180312032638,0.377468416886621,220652000
2014-01-17,0.3769969344139099,0.3831269713518975,0.3746392322233035,0.37864732032612897,340400000
2014-01-21,0.3784114420413971,0.38076914345362867,0.374403355261807,0.37746834461289375,246076000
2014-01-22,0.37793999910354614,0.37959038487144175,0.37346034846951565,0.3791188500957608,337940000
2014-01-23,0.37652528285980225,0.3807691511083383,0.373696046729451,0.3767610642481725,185028000
2014-01-24,0.3668587803840637,0.3748749840623047,0.3668587803840637,0.37346035161731367,246696000
2014-01-27,0.3645009994506836,0.37204563860952744,0.36237905124268394,0.3668587009444485,233812000
2014-01-28,0.3680375814437866,0.36827336285463136,0.36237908053770185,0.3637937127907283,167996000
2014-01-29,0.3645009994506836,0.3687448677606642,0.3642652180588996,0.36662291955266446,162944000
2014-01-30,0.37063106894493103,0.3713383850798526,0.3654441026928538,0.3666229535490493,202896000
2014-01-31,0.3701596260070801,0.37228154683196707,0.3652084399409726,0.36544419330705535,335348000
2014-02-03,0.3652084469795227,0.37322462370139836,0.36379381433164865,0.3727530888541167,431728000
2014-02-04,0.36733025312423706,0.3680375692272719,0.3630863846120483,0.36497255151813446,280692000
2014-02-05,0.36402952671051025,0.3659156938476456,0.36120026195179544,0.364736842900189,214676000
2014-02-06,0.36874473094940186,0.3696877999546039,0.364029329711375,0.36450086421397604,168380000
2014-02-07,0.3741675913333893,0.37463912601662946,0.36638717068885884,0.3696879415775594,157248000
2014-02-10,0.37534645199775696,0.3802976365674606,0.37346028510901175,0.37369606650986237,324372000
2014-02-11,0.383126825094223,0.3840698943680405,0.37558218658563414,0.37746832513326906,235384000
2014-02-12,0.39680156111717224,0.39963082559926305,0.384305736674674,0.384305736674674,744528000
2014-02-13,0.4092974066734314,0.4116551365654717,0.3996308462143708,0.4067039515724249,902836000
2014-02-14,0.4222647547721863,0.423207824155229,0.4052892810292599,0.4055250624280304,817536000
2014-02-18,0.4220289885997772,0.42391515553993325,0.4184924361267424,0.42250055141433174,428988000
2014-02-19,0.42768749594688416,0.43145982988476317,0.42014282807112613,0.42202899504006564,450340000
2014-02-20,0.4427768290042877,0.4437198984898717,0.42792330191719247,0.4286305899783691,398088000
2014-02-21,0.439475953578949,0.4477279366276106,0.4366467175055318,0.44206943637475843,451052000
2014-02-24,0.44584184885025024,0.4491426201695783,0.43452487444594684,0.4385329619354231,403112000
2014-02-25,0.4438285827636719,0.4471442850758263,0.4390918893745252,0.4452496020735837,242184000
2014-02-26,0.44311824440956116,0.449512776902904,0.44169722464085,0.44288139837046636,360884000
2014-02-27,0.438144713640213,0.4476181036974297,0.43696053988306094,0.44311825471342353,388848000
2014-02-28,0.4353027045726776,0.44003939962634625,0.4289081436638813,0.43577636843145856,321692000
2014-03-03,0.4331710636615753,0.4331710636615753,0.4218029928044257,0.425592359167783,375948000
2014-03-04,0.43767085671424866,0.4405128668311322,0.43459200065724274,0.43530251024469285,260344000
2014-03-05,0.44146034121513367,0.4416971872341703,0.4353026552823709,0.4371973105029586,241472000
2014-03-06,0.4353027045726776,0.44453924863415967,0.4345921946680414,0.4421709011073253,290144000
2014-03-07,0.4348289370536804,0.43790779395107926,0.43151326238443527,0.4371972841696911,268452000
2014-03-10,0.42843446135520935,0.43530268582701676,0.4265397777687477,0.4334080022405551,300888000
2014-03-11,0.4326973259449005,0.43648669166037923,0.42914480617398326,0.4305657971425997,297220000
2014-03-12,0.43388164043426514,0.4364868337407854,0.4289080998428816,0.43056593729570053,239428000
2014-03-13,0.4201452434062958,0.4364868575011725,0.41801371379413194,0.43482899172518014,385172000
2014-03-14,0.42203980684280396,0.4258291731728166,0.41588212184768597,0.41588212184768597,460048000
2014-03-17,0.42203980684280396,0.42630283690583765,0.42156614310978285,0.4232239802918176,299656000
2014-03-18,0.431986927986145,0.43482893889078006,0.4218030296976883,0.42369771304508663,293904000
2014-03-19,0.43956565856933594,0.4478549022228075,0.43411845421782097,0.43530265608225377,366168000
2014-03-20,0.43980252742767334,0.44359189453844566,0.435302678687443,0.43719733400990135,191800000
2014-03-21,0.4390919506549835,0.4471443474800916,0.43672360362987944,0.44359182694243543,566116000
2014-03-24,0.4369605481624603,0.4428814170604076,0.43056598716633326,0.43932889572163925,306096000
2014-03-25,0.4369605481624603,0.44217090714606794,0.43364484463985187,0.44169724328081816,304424000
2014-03-26,0.42701345682144165,0.4492759403479444,0.4232240895135048,0.44098672406564565,557756000
2014-03-27,0.42132940888404846,0.4296186246703979,0.41659268591606397,0.4260661036191053,540728000
2014-03-28,0.42393454909324646,0.4265397423373415,0.41943470065300154,0.4206188742670582,398820000
2014-03-31,0.42417141795158386,0.42843444883834453,0.42180307059593103,0.4246450817761289,273404000
2014-04-01,0.44169726967811584,0.44690762897311187,0.43246069670555176,0.4376710842334794,656272000
2014-04-02,0.4388551712036133,0.44264450983482917,0.43696048777154234,0.4416971822352567,239948000
2014-04-03,0.4435918927192688,0.4542494559125654,0.4395656795932368,0.43980252562403666,599548000
2014-04-04,0.42985549569129944,0.44856545792229197,0.4279608120405379,0.44596026437337866,368032000
2014-04-07,0.4312763810157776,0.4395655952421144,0.4277238606330618,0.4300922075548723,428576000
2014-04-08,0.4466707706451416,0.44785494438813744,0.4305659738608832,0.4312764837532665,470692000
2014-04-09,0.4461970329284668,0.4525915930730079,0.44264451206280003,0.4488022261897929,421968000
2014-04-10,0.4353027045726776,0.4504601174512455,0.4338816847634052,0.44430243082123394,372748000
2014-04-11,0.4291449785232544,0.43861836838364976,0.42346092766725996,0.4319869898347872,353112000
2014-04-14,0.43388164043426514,0.4355394778870841,0.4291449458645386,0.43198695695978917,290184000
2014-04-15,0.4369605481624603,0.43932889572163925,0.4300923233010835,0.4343553545541915,304636000
2014-04-16,0.4379078149795532,0.43956565239378564,0.43246061070456715,0.43909198859442294,235136000
2014-04-17,0.43956565856933594,0.443591871502799,0.43530265608225377,0.4362499836942884,153532000
2014-04-21,0.44311824440956116,0.44430241813917754,0.43696052972238436,0.439802541026878,117004000
2014-04-22,0.44690757989883423,0.44974961941396235,0.4414603751387433,0.44382872257939776,255120000
2014-04-23,0.452117919921875,0.45330209351927736,0.446907533506964,0.4476180433119905,261580000
2014-04-24,0.45614418387413025,0.4608808790879101,0.45519685612454647,0.45519685612454647,391492000
2014-04-25,0.4435918927192688,0.45945984272674145,0.4426445368289969,0.4551968118028373,313600000
2014-04-28,0.44169726967811584,0.4495128227370757,0.43625006431987523,0.44714447503635646,226788000
2014-04-29,0.44264456629753113,0.4443024321576454,0.437671053415977,0.4433550762043045,171300000
2014-04-30,0.4374340772628784,0.4424076168980764,0.43648674982423175,0.4419339531787531,305740000
2014-05-01,0.43980252742767334,0.44501288603028943,0.43625000634867217,0.44406555836906025,198104000
2014-05-02,0.4364868402481079,0.4419340447310879,0.4338816469027484,0.4419340447310879,156376000
2014-05-05,0.44122350215911865,0.44453917686823596,0.43553945207258543,0.43601311585489866,239260000
2014-05-06,0.432223916053772,0.4492760153191319,0.43103974210155344,0.44548667561179306,416188000
2014-05-07,0.4326973259449005,0.43624984571581776,0.42796063291701086,0.432223662288695,293900000
2014-05-08,0.438144713640213,0.44501291013852334,0.4289081413946691,0.43103967109730046,432728000
2014-05-09,0.4274870753288269,0.4289080949767936,0.4194347059448189,0.4248819102847896,539532000
2014-05-12,0.4400393068790436,0.4409866343969368,0.42819754350783673,0.4284343895037719,299856000
2014-05-13,0.43293431401252747,0.44122355830599924,0.43151332248476293,0.43411848773546224,221104000
2014-05-14,0.4286712408065796,0.43482895485344386,0.42843442302503915,0.43317111745095754,214320000
2014-05-15,0.42630285024642944,0.43009221669502534,0.42203982004998974,0.4277238697228836,325896000
2014-05-16,0.42535561323165894,0.428434470596957,0.4229872657557264,0.4229872657557264,283960000
2014-05-19,0.4390919506549835,0.4414602976800876,0.427960725283579,0.42985540855024695,360076000
2014-05-20,0.4339766204357147,0.4404006046595499,0.431835301815424,0.4392109769009521,256200000
2014-05-21,0.4339766204357147,0.4394489137978569,0.4313594280216145,0.43564209362515893,216712000
2014-05-22,0.43588000535964966,0.43825926073949584,0.4330249045764265,0.4330249045764265,130364000
2014-05-23,0.4399247467517853,0.4420660936743072,0.43564208126970355,0.43825927360957634,182656000
2014-05-27,0.44777628779411316,0.44777628779411316,0.4411143669755995,0.4425419315663388,209680000
2014-05-28,0.4515830874443054,0.45443818813416204,0.4451591038013879,0.4494417690176531,224676000
2014-05-29,0.4508693516254425,0.4551520172828678,0.44991766075177614,0.45134519706227566,171884000
2014-05-30,0.45205894112586975,0.45324856879871567,0.44849005810733195,0.4508693134530238,239128000
2014-06-02,0.45063140988349915,0.4563416114306648,0.4468245899434145,0.45348651065708195,181500000
2014-06-03,0.4487280249595642,0.45205897132083667,0.4427798578350698,0.4515831258925067,243212000
2014-06-04,0.44920381903648376,0.45253476501697415,0.4473004091777923,0.4475383460462386,161236000
2014-06-05,0.4511072635650635,0.4525347997965758,0.447300443555107,0.4499176358573223,188696000
2014-06-06,0.4527727961540222,0.45681752521901614,0.45158316829002604,0.4532486416270276,161052000
2014-06-09,0.4532484710216522,0.45753113539261164,0.4492037434791174,0.4522967804338634,247456000
2014-06-10,0.4556279480457306,0.45776929545693784,0.4496798080639917,0.4515832185307419,217608000
2014-06-11,0.46157601475715637,0.46276564249156293,0.4539623745665842,0.4539623745665842,266228000
2014-06-12,0.4644310474395752,0.46657236570184246,0.4575311905755706,0.4615759469688994,337148000
2014-06-13,0.4649069309234619,0.46942753303886586,0.46038632880805797,0.4691895961622275,227852000
2014-06-16,0.4634793996810913,0.4665724374847582,0.45943467102843283,0.4627656457258289,198620000
2014-06-17,0.46657243371009827,0.46847584375564527,0.46157601424887007,0.46395526971506323,157608000
2014-06-18,0.46609658002853394,0.4682379269279328,0.46110013229289853,0.4653827977287343,215536000
2014-06-19,0.45538991689682007,0.4599104907210494,0.4520589423857912,0.45753123536872636,474592000
2014-06-20,0.45039352774620056,0.4582450771001255,0.446824644254686,0.45657960381001167,353148000
2014-06-23,0.4451591372489929,0.4453970457792963,0.43921097018400773,0.4444453549321577,414200000
2014-06-24,0.43825918436050415,0.44801414106298243,0.4363557747157576,0.44444525861519135,275780000
2014-06-25,0.4427798390388489,0.4430177759243948,0.4354041643054286,0.4394488928189767,215420000
2014-06-26,0.4368317127227783,0.4430177882900216,0.43540417645854235,0.4427798513978344,256908000
2014-06-27,0.43730759620666504,0.43992476026396116,0.43373868455951026,0.4363558769797694,302820000
2014-06-30,0.4411144256591797,0.4423040535220704,0.4356421318172892,0.4356421318172892,180512000
2014-07-01,0.44611087441444397,0.4487280670602539,0.43921101578592925,0.44063858056781935,321180000
2014-07-02,0.44444531202316284,0.44634872189663777,0.4418281199017648,0.44444531202316284,179284000
2014-07-03,0.4484899342060089,0.44967956155020444,0.4404004512477075,0.4404004512477075,136892000
2014-07-07,0.4449211359024048,0.4494417376788443,0.44420735368897135,0.449203800820047,127496000
2014-07-08,0.44135230779647827,0.4456349732439153,0.43706964234904117,0.4437315632269475,221940000
2014-07-09,0.4546760022640228,0.456579411664398,0.44182801008370504,0.44515898362509976,387668000
2014-07-10,0.4522969424724579,0.45420035269290066,0.44254198281954193,0.44611086634676017,266308000
2014-07-11,0.4532484710216522,0.4546760352662903,0.4511071530176499,0.4527726257277578,191188000
2014-07-14,0.45895880460739136,0.4601484322956889,0.4534865115686304,0.4551519846596547,272636000
2014-07-15,0.4608621597290039,0.46205178727571083,0.4565794948882673,0.4596725321822969,395440000
2014-07-16,0.4603862762451172,0.4663344422153195,0.45776911271570386,0.46276555965097255,319728000
2014-07-17,0.45919665694236755,0.46395519547628916,0.45515192896963996,0.45515192896963996,324832000
2014-07-18,0.4387350082397461,0.453248474163332,0.4380212261124795,0.449679591889954,567816000
2014-07-21,0.44135230779647827,0.4444453455286807,0.43706964234904117,0.43706964234904117,243364000
2014-07-22,0.43944883346557617,0.44706244405622314,0.4384971427778545,0.4446831889739611,298816000
2014-07-23,0.4301697909832001,0.43992474973844836,0.4296939455626187,0.4396868412096389,297352000
2014-07-24,0.4308836758136749,0.4337387773794262,0.42779063729954053,0.43254914936344907,254576000
2014-07-25,0.42326995730400085,0.4304077236312311,0.4225561749986854,0.4294560044364898,266132000
2014-07-28,0.4216044545173645,0.42517333767008875,0.41446668821191607,0.42517333767008875,330352000
2014-07-29,0.4230319857597351,0.4287422153715138,0.42160442126605047,0.42184235813598453,217972000
2014-07-30,0.4301697909832001,0.4313594187161346,0.4244595892102992,0.4256492169432337,246184000
2014-07-31,0.41637009382247925,0.4282663708722225,0.4156563115269023,0.4249354246434791,401880000
2014-08-01,0.4208907186985016,0.42326997423608914,0.41494255149156944,0.4163701161593073,219884000
2014-08-04,0.4199390113353729,0.4239837401910044,0.4177976926362045,0.4204148567837476,241724000
2014-08-05,0.42017698287963867,0.42636305930737106,0.4151805343523958,0.41874941805386456,298136000
2014-08-06,0.41970106959342957,0.4249354258374314,0.41422877646257966,0.41732178581383406,223456000
2014-08-07,0.4154183566570282,0.4270766955199151,0.4125632277932564,0.42326990430648365,407696000
2014-08-08,0.45205894112586975,0.4544381964715616,0.43350074375688097,0.43350074375688097,894348000
2014-08-11,0.44967973232269287,0.4544382435065895,0.4484901045267187,0.4525348333604381,344624000
2014-08-12,0.44967973232269287,0.4520589879146412,0.44468328423441583,0.4494418237812764,296152000
2014-08-13,0.4522969424724579,0.4561037629133434,0.44753843110283353,0.4503935322520151,256596000
2014-08-14,0.4473004639148712,0.4539623850540446,0.4453970538232555,0.4539623850540446,255992000
2014-08-15,0.453010618686676,0.4556277823088536,0.4444452888834659,0.44872795378507097,369796000
2014-08-18,0.45919665694236755,0.4596725306498302,0.4503934187986762,0.4549139921159086,284076000
2014-08-19,0.4629008173942566,0.4652905972975977,0.4576432788161674,0.45931614753924505,248260000
2014-08-20,0.4600331783294678,0.46337888815709366,0.4588382880671223,0.4612280685918132,221468000
2014-08-21,0.4557315409183502,0.4612280414999693,0.45501462959379807,0.4588382611156505,272796000
2014-08-22,0.45597043633461,0.4597940955564831,0.4523857664972627,0.4552534966694558,251224000
2014-08-25,0.456687331199646,0.4609889402801681,0.4557314022437407,0.4578822210282121,153380000
2014-08-26,0.4648127555847168,0.4657686563739613,0.45620953452779506,0.4578823751531881,269636000
2014-08-27,0.45955514907836914,0.4655295993650864,0.45883820934627784,0.461944929193056,182972000
2014-08-28,0.46337881684303284,0.46433471751042354,0.4571653770397132,0.45859925652922595,179704000
2014-08-29,0.4648127555847168,0.4657686563739613,0.4600331661732034,0.46505171653781274,207932000
2014-09-02,0.4660075306892395,0.4660075306892395,0.46170592122348286,0.4660075306892395,192636000
2014-09-03,0.47030916810035706,0.47198200841187693,0.4652906186773726,0.46839733839215225,259456000
2014-09-04,0.4786735475063324,0.4815413072076758,0.46935338545383404,0.4695923749250906,491832000
2014-09-05,0.47723954916000366,0.48034626907279027,0.47413282924721706,0.47819544983081796,253792000
2014-09-08,0.4729379713535309,0.47771753200976175,0.4710261413933528,0.47676163127388704,319288000
2014-09-09,0.46696344017982483,0.4738938190318617,0.46648548989413147,0.47078709944221925,198588000
2014-09-10,0.4686363935470581,0.47030926268343065,0.46433478296061415,0.4695923228376182,172376000
2014-09-11,0.4638568162918091,0.4669635365224213,0.4588382660355563,0.46529069593314687,250720000
2014-09-12,0.4569264054298401,0.466724515850235,0.4564484550775245,0.466724515850235,262536000
2014-09-15,0.45071303844451904,0.45907727014668986,0.4488012083577653,0.45836033030310336,294152000
2014-09-16,0.45740440487861633,0.459794185236292,0.4480842443906238,0.4495181240006008,219936000
2014-09-17,0.4576434791088104,0.46194509051515603,0.4540588076849284,0.45620962763231926,173584000
2014-09-18,0.46457377076148987,0.4650517211608634,0.4590772699476178,0.460511149634169,219604000
2014-09-19,0.45597043633461,0.46648548495054937,0.4552534966694558,0.4660075346699211,601316000
2014-09-22,0.45142993330955505,0.46529066444695727,0.45095195446916747,0.46529066444695727,221464000
2014-09-23,0.4495181143283844,0.45453663587846305,0.44736729495969774,0.4490401354763906,196144000
2014-09-24,0.4521467983722687,0.4535806777699967,0.44880111776213644,0.4492790680652375,159592000
2014-09-25,0.4423486888408661,0.452863737948363,0.4413927882349231,0.45166884794672185,298440000
2014-09-26,0.4433046579360962,0.4466503388472134,0.44187077840937317,0.44378260828219473,241188000
2014-09-29,0.4425877630710602,0.44569448336850315,0.43541842168700573,0.43972003221512446,208540000
2014-09-30,0.44091492891311646,0.44402164925612864,0.4356573890302817,0.44067593946810374,277204000
2014-10-01,0.4366132915019989,0.4447385332952921,0.4354184013271953,0.4416318416315458,350976000
2014-10-02,0.43470144271850586,0.43804712366784315,0.4246643428936387,0.435896332841616,288996000
2014-10-03,0.4356573820114136,0.44330470226744717,0.4356573820114136,0.4373302511226898,239140000
2014-10-06,0.4330286383628845,0.4409149195308939,0.4301608790374774,0.43733024886256505,199032000
2014-10-07,0.42848798632621765,0.43541836586875843,0.42801003599290405,0.43111675589208254,301896000
2014-10-08,0.4363744258880615,0.4385252459060367,0.42466448175936194,0.42801019229117765,260172000
2014-10-09,0.4280100166797638,0.43494039590958433,0.4244253466090231,0.43446241710941197,306956000
2014-10-10,0.40267837047576904,0.42609825274044016,0.40243940952720897,0.4246643730953608,691376000
2014-10-13,0.40124449133872986,0.41343238200670474,0.4007665409865094,0.40530711206524556,397628000
2014-10-14,0.410564661026001,0.4217966227643135,0.40435122083624764,0.40674100114177913,376620000
2014-10-15,0.4167780578136444,0.4189288771047165,0.4019614261472221,0.40459016729618474,404428000
2014-10-16,0.41701704263687134,0.4217966030242512,0.40841382254421676,0.409369751714749,351116000
2014-10-17,0.4163000285625458,0.42681507663067486,0.4146271884232863,0.42203551709654946,290716000
2014-10-20,0.41988468170166016,0.42370834057396833,0.4134322822820084,0.4163000121920291,200336000
2014-10-21,0.43780815601348877,0.4382861063577081,0.4217966058189373,0.4229914959236992,351092000
2014-10-22,0.4275320768356323,0.4385250767170911,0.4275320768356323,0.4370911972583179,239512000
2014-10-23,0.4370911717414856,0.44019789139517723,0.43183366151362057,0.4349403811673122,214476000
2014-10-24,0.4416317641735077,0.444260505003962,0.43709116521257463,0.4397199345314529,210156000
2014-10-27,0.4418708384037018,0.44354367908638775,0.43661332690593246,0.44139288799271026,145092000
2014-10-28,0.45238590240478516,0.45286385282900116,0.44019800990090124,0.4406759603251172,192580000
2014-10-29,0.4495181143283844,0.45310278478776705,0.44545546501700795,0.45047401505551504,168340000
2014-10-30,0.4466503858566284,0.4502350565622909,0.44091492412294064,0.4483232549766819,170260000
2014-10-31,0.46696344017982483,0.4672024295668834,0.45453656182125496,0.4569263417381455,256316000
2014-11-03,0.47484979033470154,0.4793903899461948,0.4724600100618403,0.4777175209644495,308732000
2014-11-04,0.4810631573200226,0.4827359975590755,0.4700701583403771,0.47795643773982505,360196000
2014-11-05,0.4810631573200226,0.4841698769002201,0.47747848745558474,0.4839309160023118,335652000
2014-11-06,0.48321419954299927,0.48393113954474787,0.4746109480104531,0.48201928054779375,394088000
2014-11-07,0.4729379713535309,0.49444602279499844,0.4681584106973,0.4887105614028929,450800000
2014-11-10,0.4784345328807831,0.4815412532166195,0.4712651629196979,0.4724600531651403,293388000
2014-11-11,0.47269901633262634,0.47819548836537235,0.46863636693321714,0.47556674706458707,212992000
2014-11-12,0.46959230303764343,0.47222104437687606,0.4631398731858236,0.47102615418038046,204584000
2014-11-13,0.4672025442123413,0.47198210521896483,0.46337888401167016,0.4712651653702851,225328000
2014-11-14,0.4729379713535309,0.4729379713535309,0.46313986061288615,0.46768046032936267,160248000
2014-11-17,0.4707871377468109,0.4758056873759742,0.4676804179043968,0.4707871377468109,158732000
2014-11-18,0.4820191264152527,0.48321404502836585,0.4698312357480904,0.4710261258727758,207772000
2014-11-19,0.48021915555000305,0.4838190246010575,0.47517939609650417,0.48237907698063576,240300000
2014-11-20,0.4881387948989868,0.488618796496697,0.4754193533484109,0.4768593009235658,220968000
2014-11-21,0.49077874422073364,0.4931786379022393,0.4866989306839718,0.49245866407598976,198976000
2014-11-24,0.4938987195491791,0.49605858428145894,0.49005887737691645,0.49197876985405214,136004000
2014-11-25,0.49365881085395813,0.4972586816518162,0.4919788902209594,0.4929388366943865,190240000
2014-11-26,0.5020581483840942,0.5025381499211412,0.4905386264566824,0.49077865583419006,219264000
2014-11-28,0.503258228302002,0.5061381240148327,0.4991784141874828,0.5037382299934694,124832000
2014-12-01,0.4938987195491791,0.5039782408811283,0.49317874556575536,0.5010984021654248,190060000
2014-12-02,0.494618684053421,0.4967785487443079,0.48885889229641577,0.4934187083647149,245952000
2014-12-03,0.5073379278182983,0.5075778999737691,0.4955784339307184,0.49701838129947795,284424000
2014-12-04,0.5027782320976257,0.5085379657126811,0.4994183922570085,0.5066180735803228,185332000
2014-12-05,0.5056580901145935,0.508297955905831,0.5027781949110786,0.5030181671053793,165680000
2014-12-08,0.4991782307624817,0.5099777784992742,0.49509841814710576,0.5049380200716861,226944000
2014-12-09,0.49749842286109924,0.4986983983089585,0.48861882197525963,0.4960584752108596,239448000
2014-12-10,0.48645883798599243,0.49797836048957883,0.48597889364290836,0.4960584114633288,204364000
2014-12-11,0.48621901869773865,0.4926987271105775,0.48525907249176053,0.48933888678065945,135652000
2014-12-12,0.4710995852947235,0.48405899951530096,0.4706195836792297,0.47973918523877884,323964000
2014-12-15,0.4696596562862396,0.48525899418351415,0.4682197086006481,0.4766193366789552,254696000
2014-12-16,0.4643799364566803,0.4766194077831773,0.4641399642126083,0.46917975325504685,185308000
2014-12-17,0.4833391308784485,0.4840591048493708,0.4583802144101095,0.47373955422347086,345596000
2014-12-18,0.4852590262889862,0.49509857409489416,0.4806992107222555,0.48933884018943546,226156000
2014-12-19,0.49005886912345886,0.4919787615682602,0.4840591051019718,0.48861892118086275,325528000
2014-12-22,0.498698353767395,0.498698353767395,0.487898804573145,0.48957872427572197,148976000
2014-12-23,0.4955785572528839,0.5049381602609426,0.495098555604529,0.5025382664551313,109280000
2014-12-24,0.49365881085395813,0.49749865396567167,0.4931788662262472,0.4967786798061001,45644000
2014-12-26,0.49413859844207764,0.49677846440386236,0.49245867853748915,0.49365859680448937,52636000
2014-12-29,0.49341878294944763,0.49677862383691107,0.4902989143488033,0.4926988088709913,82944000
2014-12-30,0.48885878920555115,0.49245865829453667,0.488138815387754,0.4900587646412057,112120000
2014-12-31,0.48117923736572266,0.49221876130138503,0.4797392609011234,0.48957883782677875,166300000
2015-01-02,0.48309898376464844,0.4866988523162494,0.4754193023332127,0.48309898376464844,113680000
2015-01-05,0.4749394357204437,0.4845390396587968,0.4727795427149338,0.4830990919157961,197952000
2015-01-06,0.4605399966239929,0.4761393039564824,0.4600600236586367,0.4756593309911262,197764000
2015-01-07,0.4593401253223419,0.4679797545531875,0.4579001775808706,0.4638999121553492,321808000
2015-01-08,0.4766194522380829,0.4794993483075133,0.4643799797699947,0.4646199806454462,283780000
2015-01-09,0.47853925824165344,0.48213912746203824,0.4718195500452519,0.4782992860329545,209540000
2015-01-12,0.4725394546985626,0.4799791356496988,0.46821964087561213,0.4797391348671515,190732000
2015-01-13,0.47181960940361023,0.48573900057396246,0.468459769187212,0.47613942440254625,236720000
2015-01-14,0.47373947501182556,0.4751794227129037,0.46557984766302374,0.4667797945442587,155260000
2015-01-15,0.47037968039512634,0.4799792563676006,0.47013967955221725,0.47709938929765694,188932000
2015-01-16,0.4790194034576416,0.47949937662789605,0.4682198497774241,0.46965979789718604,181512000
2015-01-20,0.4804592430591583,0.48501900145119153,0.4744594796546106,0.48237913530654236,140308000
2015-01-21,0.4871789216995239,0.4883788972640718,0.4744594782488341,0.4778193468897856,144780000
2015-01-22,0.4955785572528839,0.4970185049799671,0.48309908657547235,0.4881388464022816,159712000
2015-01-23,0.49701860547065735,0.49797855174347416,0.4919787874068808,0.49605860197984725,120416000
2015-01-26,0.4948585629463196,0.4972584566529893,0.4917386954058511,0.4948585629463196,133240000
2015-01-27,0.4710995852947235,0.4876588685865601,0.47013961067272475,0.48717886697106627,357948000
2015-01-28,0.46341994404792786,0.47877928188760827,0.4631799432187956,0.47685936108152427,272728000
2015-01-29,0.4746995270252228,0.4773393934286602,0.46150008057205555,0.4636600024755898,235340000
2015-01-30,0.4607800543308258,0.47685936622225283,0.4600601090536505,0.471339604573628,298200000
2015-02-02,0.4708596169948578,0.4727795377624166,0.454540333384094,0.4636599355732553,259604000
2015-02-03,0.48261913657188416,0.4830991382716037,0.47181961329008304,0.4742195073527055,183468000
2015-02-04,0.48381906747817993,0.4893388290336521,0.47973922506174965,0.48117920141877407,181516000
2015-02-05,0.49173882603645325,0.49197879830547514,0.4838191689787854,0.4842991135168292,140448000
2015-02-06,0.4895787835121155,0.4970184942013765,0.4874188619683319,0.4912587034179537,210524000
2015-02-09,0.4890987277030945,0.4905386178530441,0.483578967604724,0.4866988344958885,273944000
2015-02-10,0.5027782320976257,0.5030182043096753,0.48741886616683694,0.48957878772922553,226204000
2015-02-11,0.4994184970855713,0.5039782561615161,0.49605859932172647,0.5039782561615161,320832000
2015-02-12,0.5351769924163818,0.5399767814518472,0.5248574402683313,0.5279773088631837,676904000
2015-02-13,0.5354169011116028,0.5361368751032116,0.5258173241808082,0.5339769531283852,310084000
2015-02-17,0.5370969176292419,0.5397368418110207,0.531097209581022,0.5344570506654653,203340000
2015-02-18,0.5308568477630615,0.5373366107929418,0.5298969019424014,0.5363766077543153,170948000
2015-02-19,0.5322970747947693,0.5385368117346355,0.5298971803731282,0.5375768654095783,169432000
2015-02-20,0.5361368656158447,0.5363768378694705,0.5279772368126587,0.5318170789606259,157752000
2015-02-23,0.5318168997764587,0.5358967128034472,0.5291769770040762,0.5358967128034472,125008000
2015-02-24,0.5374784469604492,0.5374784469604492,0.5290465042974158,0.5338647736586639,149356000
2015-02-25,0.5333828330039978,0.5377193091543471,0.5309736987332343,0.5353101174452919,123820000
2015-02-26,0.5348285436630249,0.53796042523899,0.5304920657401586,0.533864901048493,152864000
2015-02-27,0.5314556956291199,0.5345875767916074,0.5295283532161926,0.5333829806037395,157492000
2015-03-02,0.5444650053977966,0.5473559902587107,0.5292874497546115,0.53001019596984,301512000
2015-03-03,0.5343466401100159,0.5430195376486516,0.5326602513439352,0.5403695063645692,160344000
2015-03-04,0.5403695106506348,0.5415740494481138,0.5302511205355851,0.5324193592970193,226840000
2015-03-05,0.5507286787033081,0.551692321021897,0.5389239023452757,0.5403693945423078,323056000
2015-03-06,0.5432603359222412,0.5502467852575625,0.5427784860819498,0.5475967547316921,257392000
2015-03-09,0.5447058081626892,0.5488013884921152,0.5422966736715371,0.5435012696362617,222388000
2015-03-10,0.5541014075279236,0.5577151377073957,0.5461512585713776,0.5471149008064725,527212000
2015-03-11,0.5512104630470276,0.5613287923466652,0.5497649710218534,0.5541013896590852,262120000
2015-03-12,0.5461512804031372,0.5500059069358941,0.5357919967256071,0.545910384194307,406972000
2015-03-13,0.5468741059303284,0.5483195982699334,0.5360329708215944,0.5435013287634523,359288000
2015-03-16,0.5533788204193115,0.5567516553682422,0.547596907909916,0.5512106391272313,236956000
2015-03-17,0.5601242184638977,0.5603651146400676,0.5483194442572682,0.5521740702674214,299900000
2015-03-18,0.5509696006774902,0.5630152738186494,0.5459104351896935,0.5601243467277514,413844000
2015-03-19,0.5594015121459961,0.56132879656853,0.5488013329454775,0.5528968554220803,310756000
2015-03-20,0.565424382686615,0.5687972169631162,0.5586788290102078,0.5639789479261689,462084000
2015-03-23,0.5471150875091553,0.5557879854612168,0.5468741912277489,0.5485605800742175,426012000
2015-03-24,0.5396468639373779,0.5492834058479582,0.5372377284597328,0.545428777596062,330480000
2015-03-25,0.5068825483322144,0.5394059020457307,0.505196102008395,0.5394059020457307,542552000
2015-03-26,0.5051960349082947,0.5073642735180941,0.49290946432937655,0.4965231953457089,311920000
2015-03-27,0.5150733590126038,0.5170006432965718,0.4998958086019228,0.5080868529662174,318288000
2015-03-30,0.5172417759895325,0.5198918071570504,0.5107370600429406,0.5174826722488595,253252000
2015-03-31,0.5042323470115662,0.5162780202500117,0.5037505545450088,0.5157962277834544,357276000
2015-04-01,0.5061595439910889,0.5078459320168683,0.4974866502597345,0.5061595439910889,330768000
2015-04-02,0.5073641538619995,0.5104960341914337,0.5030277351034019,0.5090505421258037,192204000
2015-04-06,0.5220598578453064,0.5237462459300481,0.4998958016944961,0.5051958621213168,515864000
2015-04-07,0.5266373753547668,0.532419287163601,0.5191690175566497,0.5220600021802179,413964000
2015-04-08,0.5304919481277466,0.5324192903678253,0.5220600053220975,0.527119171005487,366432000
2015-04-09,0.542778730392456,0.5444651194350983,0.5261556788371436,0.5263965751465729,379432000
2015-04-10,0.5483196377754211,0.5485605340366104,0.5413331292561667,0.5432604716606028,258728000
2015-04-13,0.5432603359222412,0.5502467852575625,0.540851144159077,0.5471149048914007,236724000
2015-04-14,0.5386831164360046,0.5432604901845223,0.5333829964409679,0.5410922514449651,220276000
2015-04-15,0.5451877117156982,0.5492832350100745,0.5374784576096354,0.5401285460176397,243560000
2015-04-16,0.5418148040771484,0.5466330723732895,0.5379601779525778,0.5420557002604688,155284000
2015-04-17,0.5348285436630249,0.5401286642004232,0.5302511694461044,0.5304920657401586,293636000
2015-04-20,0.5321783423423767,0.5406102843275368,0.531214642596961,0.5372375075334728,231624000
2015-04-21,0.5314556956291199,0.5386831004414049,0.5288056069911333,0.5386831004414049,230456000
2015-04-22,0.5374784469604492,0.5382011931084666,0.5263964159419183,0.5345875198066813,207420000
2015-04-23,0.5353100299835205,0.5403692513323258,0.5215779726276137,0.5276008360396212,259380000
2015-04-24,0.5307329893112183,0.5353103058296967,0.524710122795619,0.5350694095493326,240960000
2015-04-27,0.5348285436630249,0.5442241883909201,0.527842034190617,0.5324194084075375,248456000
2015-04-28,0.5374784469604492,0.5394057891679294,0.5288055506225423,0.5338647736586639,234484000
2015-04-29,0.5333828330039978,0.538923847570583,0.5312145949288232,0.5336237291995866,195156000
2015-04-30,0.5348285436630249,0.5374785752125664,0.5295284231256266,0.5307330194725279,218844000
2015-05-01,0.5480788946151733,0.5497652837911906,0.5367559056016925,0.5391650412014776,256968000
2015-05-04,0.5447058081626892,0.5512105229832674,0.5430194197627124,0.5475967925273907,200720000
2015-05-05,0.5307329893112183,0.5435014111835091,0.5283238541926409,0.5427786649041048,292928000
2015-05-06,0.5324195027351379,0.5386832669968055,0.5254329920249453,0.5336240418571296,316484000
2015-05-07,0.5418148040771484,0.5435011922369689,0.5285645375436161,0.5302509257034366,534564000
2015-05-08,0.5018233060836792,0.5261556107764161,0.493632258239448,0.5061597837223744,1146552000
2015-05-11,0.4970049560070038,0.5020641791056679,0.49098214795013995,0.4948367175361477,544144000
2015-05-12,0.5018233060836792,0.5059188300057949,0.4931504082446003,0.4933913619611799,388800000
2015-05-13,0.5047142505645752,0.5092916241132226,0.49989598075704333,0.5054369967795357,308524000
2015-05-14,0.5129052400588989,0.5155553283617783,0.5049550900268617,0.5061596860624069,293052000
2015-05-15,0.5131462812423706,0.5174827013456176,0.5100143999417938,0.515073566301967,215824000
2015-05-18,0.5124232769012451,0.5155551566244372,0.5095322933295967,0.5119414271598767,324972000
2015-05-19,0.5092288255691528,0.5147954907068544,0.508260664733233,0.5131012380960877,253808000
2015-05-20,0.5092288255691528,0.5155215824817011,0.5087447451511928,0.5094708369260397,196824000
2015-05-21,0.5055981278419495,0.5116488705391394,0.5051140476526771,0.509470596243652,239692000
2015-05-22,0.5048719644546509,0.5087444323044407,0.5036618507101763,0.5068082272316211,212592000
2015-05-26,0.5017258524894714,0.505840333716861,0.4978533825977574,0.5024519442006791,259732000
2015-05-27,0.5285910367965698,0.531011323101514,0.5034200130618085,0.5051142077048517,432332000
2015-05-28,0.5358519554138184,0.5375461502456218,0.5276229926010064,0.5285910956900107,327656000
2015-05-29,0.5356096029281616,0.539240001625707,0.5348835116478232,0.5358516141202255,335168000
2015-06-01,0.5416606068611145,0.5469852601632129,0.5356099195536299,0.5389983090621557,372660000
2015-06-02,0.5310113430023193,0.5411765689457197,0.5305272626415176,0.5382722021892684,224304000
2015-06-03,0.5252024531364441,0.5365777887893257,0.5242342928094346,0.5324633093640806,250788000
2015-06-04,0.5346417427062988,0.5363359372266929,0.5220562317500305,0.5220562317500305,323712000
2015-06-05,0.538756251335144,0.5411765375905652,0.5273808540009067,0.5329475181587927,313320000
2015-06-08,0.5264126062393188,0.5406923085296398,0.5203619211172155,0.5370619089972097,342812000
2015-06-09,0.5290749073028564,0.5329473176915889,0.5259285305838957,0.5268966331810787,256888000
2015-06-10,0.5196360349655151,0.5261708028689458,0.516731668028798,0.5227824132455644,529460000
2015-06-11,0.5252024531364441,0.5288328523981844,0.5196357909248405,0.5196357909248405,283052000
2015-06-12,0.510922908782959,0.5249605453847976,0.5097127368547077,0.5218141676163527,323728000
2015-06-15,0.5099547505378723,0.5123750364276245,0.5043880872210256,0.5082604984812952,306548000
2015-06-16,0.5162473320960999,0.5169734234708647,0.5039038941334057,0.5089864760526055,256892000
2015-06-17,0.5222983360290527,0.5252027029834216,0.514795465002511,0.5160055794307091,233544000
2015-06-18,0.5310113430023193,0.534399732415393,0.525202667193596,0.5266548505718216,299404000
2015-06-19,0.5293170809745789,0.5353677673420567,0.5244765087989277,0.5310112754656395,355656000
2015-06-22,0.5271388292312622,0.533189573567456,0.5191518790218241,0.5302852070534151,514236000
2015-06-23,0.5135851502418518,0.5322213458124186,0.5094706700019215,0.5281068655724883,414064000
2015-06-24,0.5085024237632751,0.5155212681713209,0.506082138557482,0.5128589140520426,253368000
2015-06-25,0.5123748779296875,0.5155212543834826,0.5085024101631589,0.5085024101631589,350460000
2015-06-26,0.5019679069519043,0.5087447442706836,0.4997896893353199,0.5082606638535614,421296000
2015-06-29,0.4869619607925415,0.5012416635354886,0.48623586932220847,0.4961590232431571,391724000
2015-06-30,0.4867199957370758,0.4920446484214947,0.4833316066216158,0.4898663735454814,315916000
2015-07-01,0.4937388598918915,0.5058402912217562,0.4893823676948107,0.4988215014433581,302892000
2015-07-02,0.49422287940979004,0.49736925693879264,0.4910765018807874,0.49349678784893025,145764000
2015-07-06,0.4881722033023834,0.4968852455362371,0.48454180269904773,0.49010846696778265,214776000
2015-07-07,0.4789750576019287,0.4872040474525026,0.463727249773355,0.4852678417013892,594252000
2015-07-08,0.47558656334877014,0.4792169916061404,0.4717140950000769,0.47631265477066004,332492000
2015-07-09,0.4697779715061188,0.4852678485503298,0.4668736339863721,0.4830895737714554,357588000
2015-07-10,0.47800689935684204,0.4823634194963843,0.4746184819807171,0.47582862486102984,216708000
2015-07-13,0.4811532497406006,0.4838155466173331,0.4780068726571163,0.4828474439079905,212472000
2015-07-14,0.48139533400535583,0.482363465713616,0.4751026077360469,0.4818794142855284,249216000
2015-07-15,0.47800689935684204,0.4833315222598016,0.4736503792172998,0.4801851450005721,265732000
2015-07-16,0.48865631222724915,0.48865631222724915,0.4792171777797793,0.4809113725209897,282848000
2015-07-17,0.4857518672943115,0.48744606176306704,0.47945911200797886,0.48696203917437764,220372000
2015-07-20,0.47679686546325684,0.48768818272770226,0.4755867223063283,0.48575191905411014,188412000
2015-07-21,0.4789750576019287,0.48575186428708206,0.4758286799782412,0.4758286799782412,149720000
2015-07-22,0.4697779715061188,0.4755866753976979,0.4639692964666255,0.4755866753976979,356472000
2015-07-23,0.47558656334877014,0.4826053797721877,0.46977786082573025,0.47074599233894315,169916000
2015-07-24,0.47001999616622925,0.4794591000073871,0.4680837615995062,0.4789750485787276,188844000
2015-07-27,0.46735766530036926,0.47268228866590356,0.4620330419348349,0.4659054821770032,192420000
2015-07-28,0.4775228500366211,0.48066919845735145,0.46372719805983387,0.4685677696019817,198308000
2015-07-29,0.4833315312862396,0.4872040001163933,0.4746184908444351,0.4765547252595119,232680000
2015-07-30,0.48454180359840393,0.48938237621462083,0.4821214884382068,0.4821214884382068,190180000
2015-07-31,0.48284751176834106,0.4867199520020326,0.4799431743800513,0.48647794071672446,218340000
2015-08-03,0.49107661843299866,0.4915606411190037,0.4804273403344178,0.4867200680338556,397132000
2015-08-04,0.4930127263069153,0.4944649094838143,0.4874460625982502,0.48938232606883925,260100000
2015-08-05,0.49809548258781433,0.5055983537975922,0.4971273217765913,0.5051142733919808,234628000
2015-08-06,0.49494895339012146,0.5005156166895397,0.4867199352273942,0.4968851590141943,655676000
2015-08-07,0.5561823844909668,0.5656214613263699,0.5295591756299575,0.543596871771521,1405248000
2015-08-10,0.5755444169044495,0.5796588962770354,0.5489212200396965,0.5523096657325512,662304000
2015-08-11,0.5726401209831238,0.5782067838002057,0.5670734581660418,0.5670734581660418,435008000
2015-08-12,0.5740922689437866,0.5782067485658328,0.5634430241747167,0.5634430241747167,384048000
2015-08-13,0.5692517757415771,0.5760286107607724,0.5677995926871663,0.5748184389807078,276884000
2015-08-14,0.5697360038757324,0.5731243934127409,0.5653794535817088,0.5687678431187173,214652000
2015-08-17,0.5661052465438843,0.5687675429602355,0.559086402132612,0.5687675429602355,273880000
2015-08-18,0.5609528422355652,0.5682442497651768,0.5565779629496246,0.5643554874933261,287084000
2015-08-19,0.5587655305862427,0.5665430569115035,0.5526893272795759,0.5602238240156002,249248000
2015-08-20,0.538592517375946,0.5551196850500275,0.5359189606457007,0.5524461862667397,426932000
2015-08-21,0.5218223929405212,0.5436966216080211,0.5213362757913435,0.5347038889505239,382664000
2015-08-24,0.5033506155014038,0.5305718904776967,0.4860942456740442,0.49265650593767824,682284000
2015-08-25,0.49289968609809875,0.5274123742971502,0.49289968609809875,0.5254679640348743,622684000
2015-08-26,0.5300858020782471,0.5305719190653178,0.5050519651566399,0.5089407272123468,614976000
2015-08-27,0.5500157475471497,0.5502587771008562,0.5325163448471342,0.5356759608331637,463764000
2015-08-28,0.552446186542511,0.5558488318951137,0.5461269549179875,0.5500157172982294,320944000
2015-08-31,0.5463700294494629,0.5536614957296849,0.5441826475123587,0.5497727330292207,219352000
2015-09-01,0.5240095257759094,0.5395645717805437,0.5201208222216954,0.5305718434042709,353408000
2015-09-02,0.5398077368736267,0.5400507664200815,0.5293567130655996,0.5383494437009794,344044000
2015-09-03,0.5412659049034119,0.5505017208968477,0.5402937289954044,0.5478281647161448,262556000
2015-09-04,0.5286274552345276,0.5405367697089971,0.5283844257392161,0.5320300999566769,287972000
2015-09-08,0.5512310862541199,0.5534185266061097,0.5393218239917832,0.5415092063967982,238448000
2015-09-09,0.5402936935424805,0.5575500031048652,0.5390784302770047,0.5529321533581065,289392000
2015-09-10,0.5488004088401794,0.55560575693603,0.534703711554483,0.5371341806000827,357076000
2015-09-11,0.5505016446113586,0.5541473182479258,0.5405366835810702,0.5427241225311732,301584000
2015-09-14,0.5514740347862244,0.5548766802890813,0.5485574483855126,0.5531753575376528,192460000
2015-09-15,0.5575501918792725,0.5604667783463535,0.5500157541019284,0.5517170768920718,327976000
2015-09-16,0.5614389777183533,0.5645985938725925,0.5524462463358895,0.5565780387036721,173508000
2015-09-17,0.56654292345047,0.57626480009337,0.5653276598966297,0.5711607742929785,268712000
2015-09-18,0.5660568475723267,0.5709177862469991,0.5553627940774394,0.5587654395603181,326412000
2015-09-21,0.5718898177146912,0.5731050810493994,0.5638692651358415,0.566785850781585,281840000
2015-09-22,0.5563349723815918,0.5633833508713028,0.5534183859866879,0.5594945883270843,228356000
2015-09-23,0.5590085387229919,0.5624111846296003,0.5546337165497766,0.5568210986629007,161632000
2015-09-24,0.5697025656700134,0.5755356803378554,0.5468561081382816,0.5556058091135238,382440000
2015-09-25,0.5738345980644226,0.5850147729977496,0.5682445105977592,0.5767511276468236,369692000
2015-09-28,0.5663001537322998,0.5774803297344153,0.562654476919038,0.5738346529211535,395584000
2015-09-29,0.5762647390365601,0.5772369150084542,0.564355424026745,0.5723759772020337,380736000
2015-09-30,0.5991113185882568,0.5998404652771833,0.5782092680309454,0.5816119139479572,556380000
2015-10-01,0.5874452590942383,0.6008128170872543,0.5704319086444255,0.5991114936316699,489296000
2015-10-02,0.6027569770812988,0.6027569770812988,0.5782091961318213,0.5842853984683225,386144000
2015-10-05,0.6178258657455444,0.6253603027894723,0.6034860802565265,0.6066456959726476,482024000
2015-10-06,0.6258463263511658,0.6285198246552333,0.6088330446992918,0.6112635135067024,453216000
2015-10-07,0.632408618927002,0.6387278497413139,0.6170966588565348,0.6273046515524963,310152000
2015-10-08,0.6360545754432678,0.6377558985009777,0.6190412289722276,0.6297353424020764,460068000
2015-10-09,0.6336240768432617,0.6387280457843142,0.6217147580338379,0.6326518426142315,423248000
2015-10-12,0.6404291987419128,0.6440749312654779,0.6297351465843766,0.6343529971849554,227588000
2015-10-13,0.6416443586349487,0.6455330621029612,0.633137689418049,0.6353251285790136,298444000
2015-10-14,0.6649770140647888,0.6754280372927929,0.6416444984382439,0.6423735870371446,612148000
2015-10-15,0.6666785478591919,0.6802891911147463,0.6593871380380351,0.6661924306923251,526048000
2015-10-16,0.6771295070648193,0.6834487398708419,0.6671645407372574,0.6688659216786214,448396000
2015-10-19,0.6759137511253357,0.6824760666862414,0.6681362885202504,0.6793164525836697,294712000
2015-10-20,0.6749417185783386,0.6781013333505036,0.6678933427060524,0.6729973670017473,264824000
2015-10-21,0.6661922931671143,0.6832056371846432,0.6649770874212693,0.6790737869866681,386280000
2015-10-22,0.6902537941932678,0.6924412335530535,0.6729974826579315,0.6739696586132979,306884000
2015-10-23,0.694871723651886,0.6994896320146964,0.6858789943827476,0.6963300166029788,381776000
2015-10-26,0.6917122602462769,0.6970593162596672,0.685393028034169,0.695357993425171,247436000
2015-10-27,0.691226065158844,0.6956008861660432,0.6878233622121873,0.6883094791894101,208268000
2015-10-28,0.6968163251876831,0.6968163251876831,0.685393065894122,0.6956010614119349,217036000
2015-10-29,0.6727547645568848,0.6926846433448348,0.6715395584322555,0.6856363203386286,327168000
2015-10-30,0.6895248293876648,0.6943858263389695,0.674942012374642,0.6800460388920747,301160000
2015-11-02,0.6975453495979309,0.6982744962067539,0.6875804425222855,0.6917122346743082,190088000
2015-11-03,0.6926841735839844,0.6973020812091842,0.6849067089986879,0.6934133199430654,376768000
2015-11-04,0.6812611222267151,0.6958439366187708,0.6781015066470744,0.6907399689656373,442264000
2015-11-05,0.6734837293624878,0.6866083112320833,0.6715393769098627,0.6846639008324936,478800000
2015-11-06,0.7668136358261108,0.7762924815931052,0.7247665195123533,0.7400784788486721,1172272000
2015-11-09,0.7634110450744629,0.7655984845477982,0.7527169351694583,0.759279253589464,492568000
2015-11-10,0.7488282918930054,0.757577992549193,0.7327871836811539,0.7534461427820563,552260000
2015-11-11,0.7415369153022766,0.7546614378611309,0.7388633585240221,0.7493143822515805,619896000
2015-11-12,0.7388633489608765,0.7466408737564743,0.7357037331343498,0.7398355250735867,291080000
2015-11-13,0.7242806553840637,0.7427522364236432,0.7206349219138326,0.7395926200650988,292940000
2015-11-16,0.7388633489608765,0.7393494659907106,0.7279262083387521,0.7337593809089293,344280000
2015-11-17,0.7388633489608765,0.74518258061393,0.7357037331343498,0.7408077591332549,257048000
2015-11-18,0.7570390105247498,0.758014936280648,0.7338618499114784,0.741912859312205,350216000
2015-11-19,0.7592349052429199,0.7667979532501252,0.753623592796606,0.7597228682166434,254072000
2015-11-20,0.7658220529556274,0.7702135450316877,0.7602107407475496,0.7648461852166136,239744000
2015-11-23,0.7543554306030273,0.772165233891026,0.7516717799410124,0.772165233891026,242552000
2015-11-24,0.7604545950889587,0.7670417736828601,0.7509397557124404,0.7543553211808356,195428000
2015-11-25,0.7594788670539856,0.7680178411144105,0.7567952160827672,0.7589909622412198,138300000
2015-11-27,0.7658220529556274,0.7682617513866613,0.7570391269705057,0.7609426560935596,86996000
2015-11-30,0.7738730311393738,0.7772886553331728,0.7658220208379123,0.7665539361532266,327244000
2015-12-01,0.7990018725395203,0.799733787749152,0.7799721934230697,0.7807041086327015,409496000
2015-12-02,0.7929027080535889,0.808516765626494,0.7911949250508489,0.800221802994044,294240000
2015-12-03,0.7911947965621948,0.807540766791288,0.7872912682611457,0.7992458055059253,246656000
2015-12-04,0.8233988881111145,0.8248627185940357,0.7911948501548102,0.7911948501548102,458756000
2015-12-07,0.8077850937843323,0.8231552025018085,0.8053453949111933,0.8231552025018085,333588000
2015-12-08,0.8187633752822876,0.8221789406765105,0.7926586138164611,0.7977819619077955,314488000
2015-12-09,0.7980260848999023,0.8233989947788444,0.7897311219780935,0.8185195979816628,372676000
2015-12-10,0.8046134114265442,0.8090048457602261,0.7977822202589225,0.8004658713424501,236596000
2015-12-11,0.792658805847168,0.8021736473221422,0.7909510227363263,0.7965623350292342,227320000
2015-12-14,0.7946106195449829,0.7990021121195586,0.785095777133741,0.7933907992744933,275892000
2015-12-15,0.8043693900108337,0.8099807026859203,0.7992460403293649,0.803637474603909,307296000
2015-12-16,0.809248685836792,0.8119323947147711,0.7990019877583143,0.8060770721933594,236356000
2015-12-17,0.7970501184463501,0.8187634489543607,0.7965622137272657,0.8104684870600167,254160000
2015-12-18,0.784119725227356,0.7994898292965322,0.7831438576066289,0.7914388196332974,395896000
2015-12-21,0.8026617169380188,0.8033936324453889,0.785583824155745,0.7926589686156477,284216000
2015-12-22,0.8033934831619263,0.8114444940799774,0.7985140861308044,0.8051012663061188,130012000
2015-12-23,0.8065649271011353,0.8097365403197879,0.8031493615324288,0.8046131919667282,122524000
2015-12-24,0.809248685836792,0.8112004793995946,0.8029054585499269,0.8041253367975532,52448000
2015-12-28,0.8085167407989502,0.8085167407989502,0.7894871178049178,0.8007097413357293,142024000
2015-12-29,0.8216912746429443,0.824130973228371,0.8068090725549397,0.8090048187319245,203660000
2015-12-30,0.8146160840988159,0.8280344546247459,0.8143721317045078,0.8209593116868192,180344000
2015-12-31,0.8041252493858337,0.8170556549367024,0.8041252493858337,0.8133961369256211,148528000
2016-01-04,0.7897310256958008,0.7948543742581144,0.7816800161453132,0.7877792904816787,358076000
2016-01-05,0.8024174571037292,0.815835825375899,0.7929026173198447,0.8046132027847002,490272000
2016-01-06,0.7692376971244812,0.7929027666989221,0.7602107603466323,0.7892431898745238,449344000
2016-01-07,0.738741397857666,0.7550873710871633,0.7289825462302526,0.7499639638035468,645304000
2016-01-08,0.7228835821151733,0.7489883579311027,0.7214197509509681,0.7482564423490001,398472000
2016-01-11,0.7241033315658569,0.729226740137684,0.7111729211629322,0.7236154266703575,409372000
2016-01-12,0.736301600933075,0.7470363196842386,0.7311782520975155,0.737033516219154,469356000
2016-01-13,0.7138563990592957,0.746792353662945,0.713124483786593,0.7419128991225961,481672000
2016-01-14,0.6994622945785522,0.7075133059337633,0.6787248269867655,0.6992182839968462,600236000
2016-01-15,0.6614030003547668,0.6794568189170045,0.6499364212343656,0.671405806655104,841452000
2016-01-19,0.6667702794075012,0.6940949272555033,0.6640865702049452,0.6750652430933937,457140000
2016-01-20,0.6704296469688416,0.6789686193070514,0.6453007510025535,0.6540836756979438,481180000
2016-01-21,0.6782369017601013,0.6887276123475539,0.6638426614850141,0.6777489969035265,481456000
2016-01-22,0.6940947771072388,0.6987302209389001,0.6897032856350361,0.6911671161257703,257996000
2016-01-25,0.6933630108833313,0.7019019851365311,0.6918991800779823,0.6938509738741154,270728000
2016-01-26,0.7001940608024597,0.7031217220663265,0.6877516167650184,0.6948267593746991,227944000
2016-01-27,0.6918990612030029,0.7014139016360256,0.6787247025523521,0.6992181558052527,231700000
2016-01-28,0.6843360662460327,0.6999501242842323,0.6709176960385033,0.697510425898045,276776000
2016-01-29,0.7145882248878479,0.7160520553691821,0.6875075936511252,0.6901912440889112,310504000
2016-02-01,0.7148323059082031,0.7184918243054434,0.7077571633286766,0.7138564382134054,289884000
2016-02-02,0.6845801472663879,0.7111728821226745,0.6797007495771799,0.7075133629392728,341908000
2016-02-03,0.6879953742027283,0.6940946473852072,0.6721373686288471,0.6899471672145927,326772000
2016-02-04,0.6882394552230835,0.7038535100834256,0.6814082662318811,0.6889713122396902,348140000
2016-02-05,0.644812822341919,0.6911671463517062,0.6428610870469145,0.683604099374822,600428000
2016-02-08,0.6152926087379456,0.6382257645737371,0.6062656713199808,0.6350541504900207,608852000
2016-02-09,0.6218795776367188,0.6477403863367216,0.6050456451149648,0.6079733057855254,425372000
2016-02-10,0.6204160451889038,0.6438371672978861,0.6170004782112842,0.6257834062730292,335800000
2016-02-11,0.6172444820404053,0.6235877116222776,0.6045580228766607,0.6045580228766607,340144000
2016-02-12,0.6277350187301636,0.6289548970776428,0.6038259382559799,0.6270031033550763,340816000
2016-02-16,0.6584751009941101,0.6594510267450031,0.6348100357912502,0.6367617709590572,485352000
2016-02-17,0.6748209595680237,0.6811641845096419,0.6640862443589891,0.6667699522447351,771468000
2016-02-18,0.7328858971595764,0.755819102752478,0.7294703319117984,0.730202247060177,1068660000
2016-02-19,0.7426447868347168,0.7492320240445796,0.7233711544251341,0.7289824658629492,525628000
2016-02-22,0.7689937353134155,0.7775327096670602,0.7519158447731301,0.7533796755956982,449668000
2016-02-23,0.7709454894065857,0.7782645849752778,0.7592349015964777,0.7628944784643242,369380000
2016-02-24,0.7763127684593201,0.7775326467684459,0.7465484240872404,0.7677738529634361,336852000
2016-02-25,0.7780203819274902,0.7819239102318116,0.7641141096040218,0.7792402599706473,349616000
2016-02-26,0.7728971242904663,0.7836317847596558,0.7650900667672412,0.7816800494623463,361964000
2016-02-29,0.7678776383399963,0.7840383251190115,0.7673879559399791,0.7739991353715904,323344000
2016-03-01,0.8019129633903503,0.8019129633903503,0.7686121129272866,0.7698364355141101,348700000
2016-03-02,0.8065651655197144,0.8095034927629707,0.7960362374032575,0.7975054010248857,233812000
2016-03-03,0.7994644045829773,0.8090138525514992,0.7886905756058552,0.8055858425946495,302004000
2016-03-04,0.7970157861709595,0.8063203925970018,0.79089429002255,0.8055858107240361,175304000
2016-03-07,0.7918736934661865,0.7979951894631265,0.7815896058780487,0.7926082753209758,239968000
2016-03-08,0.7774269580841064,0.7884456267304578,0.7749783715381292,0.7837932947794287,274940000
2016-03-09,0.7769372463226318,0.7855072697189222,0.7668980009998125,0.7842830056818404,222788000
2016-03-10,0.7757128477096558,0.7859969331539215,0.7600419076251224,0.7815894429439932,286084000
2016-03-11,0.7889356017112732,0.7891805013219656,0.7779169873558701,0.7872215963310756,277400000
2016-03-14,0.7908943891525269,0.794077558208049,0.7815897231813324,0.78526263300652,190312000
2016-03-15,0.7869764566421509,0.791873629693751,0.7730195192829814,0.7867316155032432,226216000
2016-03-16,0.810482919216156,0.8131764053270703,0.7774269711024732,0.7810998801723975,363644000
2016-03-17,0.8036272525787354,0.8114626980661923,0.7926085789153052,0.8075450045119312,353680000
2016-03-18,0.8278679251670837,0.8386416944781535,0.8080343329396887,0.8131764056395588,545512000
2016-03-21,0.8303167223930359,0.8305615636002674,0.8117074479281815,0.8205223735566834,337780000
2016-03-22,0.828847348690033,0.8347239448292567,0.8185632616622093,0.8276230845846947,242012000
2016-03-23,0.8430492877960205,0.8491707258201355,0.828847448833181,0.832520358350783,429008000
2016-03-24,0.8442737460136414,0.8457429101582096,0.8327653908460734,0.835458819525162,244956000
2016-03-28,0.8528435826301575,0.8565164335418531,0.8418249131372452,0.8428043361551032,265388000
2016-03-29,0.8665555715560913,0.8685144173466319,0.8472117212641541,0.8491705670546948,261812000
2016-03-30,0.8756154775619507,0.8876135705175957,0.8692491401414487,0.869738880857993,376700000
2016-03-31,0.8724320530891418,0.8814918158473866,0.8655760353409234,0.879532970313295,379884000
2016-04-01,0.8851649165153503,0.885654657194727,0.8604341505955803,0.8670453286831583,348292000
2016-04-04,0.8765950202941895,0.8971631991345062,0.8731670099471109,0.8925108660183723,393940000
2016-04-05,0.8753706812858582,0.8834510240602873,0.8653314339237056,0.8687595023574921,339568000
2016-04-06,0.8765950202941895,0.8770847610775961,0.8479465563695833,0.86435208449825,453376000
2016-04-07,0.8675351142883301,0.8787986250870876,0.8638622633289906,0.8709631240847571,378104000
2016-04-08,0.8731669783592224,0.8802678983776596,0.8645968944226367,0.8746361422773709,255936000
2016-04-11,0.8785538673400879,0.8930005481440269,0.8756155395905006,0.8783089677750097,387524000
2016-04-12,0.8775744438171387,0.8827164589976572,0.8604342764575724,0.88149213630958,292764000
2016-04-13,0.8996116518974304,0.8998564930630947,0.8814920629232531,0.8814920629232531,350716000
2016-04-14,0.9020602107048035,0.9059779611284552,0.8934901280043832,0.8971630372699668,416564000
2016-04-15,0.9091610908508301,0.9172414325109313,0.898877003725544,0.901815331012457,436972000
2016-04-18,0.9052432775497437,0.9074470228614506,0.8964283546818214,0.9074470228614506,307320000
2016-04-19,0.8890826106071472,0.9103853071823763,0.8834508558554433,0.9086713024812804,309152000
2016-04-20,0.8925106525421143,0.8978975663554212,0.8866340564414487,0.8876134793950748,200172000
2016-04-21,0.8915313482284546,0.8969182627586216,0.8876135975136891,0.8927556124886782,178280000
2016-04-22,0.8881033062934875,0.9005910815172906,0.8851649787683976,0.8944696436785727,223540000
2016-04-25,0.8925106525421143,0.8974078256891537,0.8858994746315019,0.8883480612050216,191972000
2016-04-26,0.893245279788971,0.9081816995124516,0.8893275293962725,0.8978976120289822,214536000
2016-04-27,0.9135686755180359,0.9140584162737033,0.8893276465014268,0.8910416515778836,352396000
2016-04-28,0.8863893747329712,0.913323892039266,0.8841856871405234,0.9079369769022224,381224000
2016-04-29,0.8699837923049927,0.8846753144411407,0.8604342854028206,0.8827164681745554,321904000
2016-05-02,0.8814920783042908,0.886878992695298,0.8741463177959617,0.8783089095794566,256076000
2016-05-03,0.8709630966186523,0.8751256881514613,0.8633724953975197,0.8714528373079464,224024000
2016-05-04,0.8511294722557068,0.8611686591074798,0.8423145494297793,0.8604340773404103,525764000
2016-05-05,0.8562715649604797,0.8663108111140325,0.8499052279799123,0.8582304693123756,246884000
2016-05-06,0.8650866150856018,0.8672903609116143,0.8530885212047595,0.8548025262764628,183240000
2016-05-09,0.8638623952865601,0.8709632571270045,0.8567614750671934,0.867290405606626,333336000
2016-05-10,0.8805127739906311,0.8819819379662097,0.8609240766600432,0.8692492613497584,269676000
2016-05-11,0.8829613924026489,0.8927557414145393,0.8783090591083235,0.8832062919931937,328176000
2016-05-12,0.8709630966186523,0.8932452763505793,0.8552921534870931,0.8893275259729615,670540000
2016-05-13,1.0034319162368774,1.0039215986068648,0.9549498588730031,0.9596021332824769,2110256000
2016-05-16,1.0330599546432495,1.047996436723897,0.9926582341748073,0.9958414035680134,973032000
2016-05-17,1.0352636575698853,1.042609360520913,1.0151851615375334,1.028407520255658,628392000
2016-05-18,1.0617080926895142,1.0737062422306263,1.0284072467939973,1.0284072467939973,541072000
2016-05-19,1.0663604736328125,1.0739511328705076,1.0560764450587616,1.0575454919197824,398880000
2016-05-20,1.0854593515396118,1.0898668418585988,1.0712575161280782,1.0729715206813837,391084000
2016-05-23,1.0871734619140625,1.0942743219320972,1.0805622841709779,1.0901117890793923,413636000
2016-05-24,1.1135647296905518,1.117001760116406,1.0875422853049206,1.0904882444921773,415788000
2016-05-25,1.1088995933532715,1.1216652117546422,1.1000617224665608,1.1170009164689263,458076000
2016-05-26,1.1206835508346558,1.128784875733636,1.107672335604809,1.1108637701729231,309964000
2016-05-27,1.126820683479309,1.1285391388462593,1.1182282895835658,1.1219107942793096,277416000
2016-05-31,1.1469513177871704,1.1494063211824543,1.1309941469008393,1.1317306947438264,412524000
2016-06-01,1.1491611003875732,1.1602082669456002,1.1381138167685152,1.14155072863915,387132000
2016-06-02,1.1572625637054443,1.167082346520897,1.1440057515496427,1.1552985134935179,329208000
2016-06-03,1.1410595178604126,1.1474423868558452,1.1209290030662122,1.1459695251439914,461076000
2016-06-06,1.1351677179336548,1.1528433461175551,1.1292758028520158,1.1440054734950966,322512000
2016-06-07,1.1373772621154785,1.1484245456699853,1.1368863081542655,1.142041675930094,193400000
2016-06-08,1.1336948871612549,1.1417962129255865,1.124366059417835,1.1376227530210992,234616000
2016-06-09,1.163153886795044,1.1648723422309122,1.1273116824915075,1.1297666857204607,472168000
2016-06-10,1.1341859102249146,1.1597173910524163,1.1327129311724788,1.1494066547464048,400024000
2016-06-13,1.1486701965332031,1.1710102440045997,1.135413501085444,1.135413501085444,475588000
2016-06-14,1.1508795022964478,1.1562803468309055,1.1332038727479192,1.1459696117030245,298344000
2016-06-15,1.1626636981964111,1.1727289605255131,1.1476885432388881,1.1604542874849977,301036000
2016-06-16,1.167327642440796,1.1692915752870061,1.1427781892106006,1.1540709494025931,246456000
2016-06-17,1.1469513177871704,1.1690458801007064,1.1422869049849347,1.168800403173379,471000000
2016-06-20,1.1675727367401123,1.18254788074325,1.1646267799058256,1.1653633276448914,293768000
2016-06-21,1.1604536771774292,1.1756743012023585,1.1587351044532959,1.172482866819275,212508000
2016-06-22,1.1594717502593994,1.170519033061538,1.157507817487269,1.162908661875883,202620000
2016-06-23,1.1904040575027466,1.1916315593683977,1.169782470991688,1.170519018935487,297880000
2016-06-24,1.1226476430892944,1.162663319355866,1.1120914300552938,1.1415507762268289,1017684000
2016-06-27,1.1106184720993042,1.1219112333852876,1.0941702256336674,1.1133188361265571,449088000
2016-06-28,1.126820683479309,1.1329579571835642,1.111354468115765,1.1317305726793085,381920000
2016-06-29,1.145232915878296,1.1540707880420837,1.133694680326415,1.1366406377143443,318932000
2016-06-30,1.1540708541870117,1.1611901540650376,1.137868204685765,1.1471969142008638,430940000
2016-07-01,1.1454784870147705,1.1626631618168546,1.1415506215485332,1.1476880137679217,218488000
2016-07-05,1.1624175310134888,1.1643814634866838,1.1300122354922557,1.1390954670786593,371084000
2016-07-06,1.1697824001312256,1.176656339925865,1.148424384031167,1.1543162989805682,273104000
2016-07-07,1.2002238035202026,1.20439726291805,1.1722374407483993,1.177638284915304,395400000
2016-07-08,1.2483408451080322,1.254232760464512,1.2083251736108207,1.212989587091197,481932000
2016-07-11,1.2770639657974243,1.2863926772232621,1.264789179150369,1.2662621582304572,448776000
2016-07-12,1.2962123155593872,1.307996028764349,1.2750996586865133,1.291302425302235,436760000
2016-07-13,1.295721411705017,1.3060322645175784,1.293757478761064,1.2986673696514632,324604000
2016-07-14,1.3089781999588013,1.3207620325958067,1.2917936391315699,1.3025954466951446,316892000
2016-07-15,1.2937573194503784,1.299649234617752,1.272644779515314,1.2922843406585351,428616000
2016-07-18,1.3003857135772705,1.3116784733583813,1.2954758231098753,1.309714540583628,252992000
2016-07-19,1.3138879537582397,1.3190433210077888,1.2971942331098196,1.2996492367873296,382652000
2016-07-20,1.3310726881027222,1.3381921060645705,1.31290610330741,1.3183069482300613,296460000
2016-07-21,1.306523084640503,1.3323000384396169,1.3021041481735354,1.3281265789328662,361308000
2016-07-22,1.3421199321746826,1.3421199321746826,1.3016133038041011,1.311187608424514,315768000
2016-07-25,1.3669148683547974,1.3701063032403997,1.3443293471737692,1.3502212629813524,312528000
2016-07-26,1.3902369737625122,1.3973562746646309,1.3769802799111004,1.378944212877785,514508000
2016-07-27,1.3762435913085938,1.404721026130299,1.3678967892569966,1.4022660223769352,446676000
2016-07-28,1.3791897296905518,1.3895004658591459,1.3750162695874326,1.3794352066858462,221916000
2016-07-29,1.4017753601074219,1.4054577494426124,1.3595502700766966,1.3843452044272495,409588000
2016-08-01,1.3926916122436523,1.4128222434786222,1.3836083799953358,1.407666876462927,301120000
2016-08-02,1.375752329826355,1.4000562996584824,1.3624956402926485,1.3993197518727234,282748000
2016-08-03,1.3794349431991577,1.3821354237536518,1.366423728445529,1.3740340991511846,299828000
2016-08-04,1.4049662351608276,1.4113491032291088,1.3833627447317987,1.3860631078723025,272712000
2016-08-05,1.4287793636322021,1.4295157944387173,1.4142951708883247,1.4211689933265015,371588000
2016-08-08,1.4420361518859863,1.4518559323344704,1.4268154102481243,1.4484190208836027,305064000
2016-08-09,1.4457182884216309,1.4597115258003321,1.4420359006602343,1.4491551992737337,372344000
2016-08-10,1.4363898038864136,1.4606937795807808,1.431725390321512,1.4584843698125745,375740000
2016-08-11,1.4656037092208862,1.4717411018153685,1.4410542559039838,1.4440002137142174,681064000
2016-08-12,1.5475990772247314,1.5559458801240706,1.488434908904133,1.519612710547881,1425744000
2016-08-15,1.5461262464523315,1.558891987543689,1.5252591786730776,1.5493176817251708,573304000
2016-08-16,1.5367971658706665,1.5463713523303069,1.5321327525866784,1.5439164657424809,287652000
2016-08-17,1.5012004375457764,1.5402342027253217,1.4891712464579605,1.5367972909859458,595212000
2016-08-18,1.5245221853256226,1.5269770715971556,1.4930987982107862,1.4989907125600683,331684000
2016-08-19,1.5284501314163208,1.5399883667460477,1.5171573730206933,1.5237857184854084,291560000
2016-08-22,1.534833550453186,1.5370430777745987,1.5149485069267745,1.5331150942371154,244748000
2016-08-23,1.5472538471221924,1.557337655369005,1.5428267664491648,1.5504511636176956,339764000
2016-08-24,1.523396611213684,1.5534022174122943,1.5162641916126598,1.5526644294301506,298448000
2016-08-25,1.513312578201294,1.5246261465014954,1.4943747327886066,1.5238883586299867,406032000
2016-08-26,1.5256104469299316,1.5342185611104564,1.5051967849855328,1.5172482621150276,300024000
2016-08-29,1.5246262550354004,1.5379073758817952,1.522166844678569,1.5317587913513502,274652000
2016-08-30,1.5157725811004639,1.5307753280174528,1.511591430020273,1.5226590725014737,285544000
2016-08-31,1.508639931678772,1.5229048894397166,1.5042129688345236,1.518723855944954,388544000
2016-09-01,1.5531562566757202,1.5588129829213202,1.508639765571187,1.5098695294599658,428492000
2016-09-02,1.5379074811935425,1.5580752104289086,1.5204453263617532,1.5563535878782147,323148000
2016-09-06,1.5524179935455322,1.5524179935455322,1.5354477014442343,1.5433180243306015,306812000
2016-09-07,1.5295451879501343,1.555123712326004,1.5206911465074966,1.5474993174193354,397988000
2016-09-08,1.5406132936477661,1.543072822017018,1.510607798114204,1.5280699569734695,315808000
2016-09-09,1.463877558708191,1.5322508404579256,1.4510882948878452,1.5236427272237496,697760000
2016-09-12,1.4941288232803345,1.497080209590553,1.4097689705097198,1.4444475837396846,598260000
2016-09-13,1.4724854230880737,1.5076558926501131,1.4641232406057147,1.4904395518146254,471768000
2016-09-14,1.4855209589004517,1.4904398978129663,1.463631721786626,1.475929010429535,319048000
2016-09-15,1.5418429374694824,1.5435645602828545,1.484537174073182,1.4879805369766848,515212000
2016-09-16,1.5455317497253418,1.5556155548765516,1.5278235497461956,1.5472533721346524,902444000
2016-09-19,1.5659457445144653,1.6050513270343745,1.5546321731219708,1.5617645936029267,417128000
2016-09-20,1.551680564880371,1.5838996516799926,1.543072452204543,1.5838996516799926,331112000
2016-09-21,1.5952131748199463,1.598164561158725,1.5561075990229691,1.5563535283384113,336212000
2016-09-22,1.5991485118865967,1.6094783655804188,1.590048539503013,1.6045594267232308,308732000
2016-09-23,1.5974267721176147,1.6057889558345178,1.5902943523441004,1.6011160639477808,276132000
2016-09-26,1.5824238061904907,1.5888184370705318,1.5625021256534677,1.57922649075047,230040000
2016-09-27,1.636532187461853,1.6389917151032132,1.5755373796429561,1.5762751675693245,402752000
2016-09-28,1.6424351930618286,1.6436649570570274,1.6215296742504444,1.6389919476966712,319788000
2016-09-29,1.6576836109161377,1.6628485954400374,1.624480809129532,1.6397294815654673,336684000
2016-09-30,1.6852302551269531,1.701708695777475,1.6569462664357784,1.6667841449518142,429932000
2016-10-03,1.683508276939392,1.7095787803251694,1.680557007623277,1.685230016849183,242596000
2016-10-04,1.6798189878463745,1.7142515554372175,1.667275654319995,1.685967689949638,281624000
2016-10-05,1.6780978441238403,1.7113007745888473,1.6729329751030895,1.694084427242906,305440000
2016-10-06,1.6562083959579468,1.6682597554939063,1.6296460314641934,1.6579300187487982,360212000
2016-10-07,1.6441569328308105,1.6717030149904766,1.639483923137672,1.6672759346585415,286260000
2016-10-10,1.6503050327301025,1.6616186001473037,1.6348103158705098,1.6527644427199035,287876000
2016-10-11,1.6264488697052002,1.6473543918167237,1.6139055329829326,1.6448949807148334,388540000
2016-10-12,1.6338270902633667,1.6424352037321843,1.6062810098863998,1.6198080620912205,419920000
2016-10-13,1.607264518737793,1.6183321587770492,1.5666832501116765,1.6146429845228756,390116000
2016-10-14,1.6230049133300781,1.638007654586823,1.6134129679503437,1.6269400162812282,330636000
2016-10-17,1.6136595010757446,1.6380082675489638,1.6114460194970013,1.6227595913111261,195328000
2016-10-18,1.6382538080215454,1.6475998254052244,1.6293997665316142,1.6360403269682458,269372000
2016-10-19,1.6348106861114502,1.642435081632314,1.6188241070887073,1.627186407867328,199060000
2016-10-20,1.6658000946044922,1.6712110091817742,1.6306297362358955,1.6539946653684403,312084000
2016-10-21,1.6611270904541016,1.664078359606309,1.6453864410175432,1.6598973265625836,279508000
2016-10-24,1.7390923500061035,1.7410599019059636,1.6721946471969262,1.6724406938015581,339836000
2016-10-25,1.7676221132278442,1.7781978950697401,1.727778748200875,1.7361409315790015,397460000
2016-10-26,1.7747544050216675,1.7941842262065433,1.751143434086478,1.7528650563891428,333792000
2016-10-27,1.7383543252944946,1.7917248559116958,1.7312219061688288,1.7882816110043582,388664000
2016-10-28,1.7354031801223755,1.7732789940826006,1.7322058642978715,1.7467167501724092,290856000
2016-10-31,1.7501600980758667,1.7617195981330889,1.740076174076514,1.7410600087251762,252388000
2016-11-01,1.6982649564743042,1.7661463688732935,1.6795729223600628,1.7565544225162584,473224000
2016-11-02,1.691132664680481,1.7344193941899468,1.688181278101717,1.7113003947842047,295848000
2016-11-03,1.671457290649414,1.7004790698128558,1.6389922654532618,1.6990033761878696,309664000
2016-11-04,1.6618648767471313,1.690394789162531,1.6375161146479804,1.6603891835341458,328780000
2016-11-07,1.7528654336929321,1.7639330750362112,1.709332773623634,1.7105625376121645,487580000
2016-11-08,1.7501600980758667,1.7651628434882827,1.7339275886718102,1.7595059994927862,429884000
2016-11-09,1.7206462621688843,1.7437653783979543,1.6901489141910992,1.7026921309897274,456532000
2016-11-10,1.6667838096618652,1.7585221315104342,1.6419431889973246,1.7582762021885188,869280000
2016-11-11,2.1635966300964355,2.1832723794074984,1.9306847189371337,1.9555254521275596,2175344000
2016-11-14,2.0571022033691406,2.169008146665408,2.0566103446825448,2.16654861867893,1348796000
2016-11-15,2.1198177337646484,2.150806927003684,2.064233507117711,2.0730876628517434,626092000
2016-11-16,2.2536137104034424,2.2764866616062305,2.123753648183303,2.1481024098495793,987984000
2016-11-17,2.272305727005005,2.331332984876779,2.2295107422221694,2.2703380579212236,832988000
2016-11-18,2.2961623668670654,2.320019032412438,2.257794583278457,2.272305466768247,576060000
2016-11-21,2.2868173122406006,2.320512101698892,2.2725522347614016,2.314117468410796,436436000
2016-11-22,2.3032946586608887,2.305508139521697,2.2720594109388403,2.294686547228054,330368000
2016-11-23,2.3146257400512695,2.3461539381866126,2.2850679221655166,2.3084677145096615,443236000
2016-11-25,2.319305419921875,2.342459028936894,2.300831580795024,2.3257096246433453,195564000
2016-11-28,2.318073272705078,2.3335910684330203,2.30551104624521,2.3121616643597953,278736000
2016-11-29,2.2968907356262207,2.326202371228553,2.2791561401904628,2.3153643410523213,444568000
2016-11-30,2.2710275650024414,2.3193053974421654,2.2685643551554526,2.3055115632418013,440500000
2016-12-01,2.158707857131958,2.270288735077855,2.0880154202314705,2.2685645350291757,1035524000
2016-12-02,2.178659677505493,2.187280678520027,2.0966366080163685,2.1244702262510033,478292000
2016-12-05,2.2631454467773438,2.281126456676647,2.192206597203353,2.216591812062873,602284000
2016-12-06,2.300339698791504,2.3087145209863635,2.2555102518463337,2.2712744710395016,498796000
2016-12-07,2.3417203426361084,2.3473855381983637,2.268564690674156,2.2867921173712236,480804000
2016-12-08,2.302556037902832,2.379899098192397,2.291964657103459,2.34467608574246,381544000
2016-12-09,2.2616684436798096,2.322015699202078,2.2343274143932446,2.3202914986130048,382312000
2016-12-12,2.206739902496338,2.215607320213512,2.156245256872658,2.213144109474624,601332000
2016-12-13,2.245657205581665,2.273244642507379,2.2180700035606002,2.219055193660024,387796000
2016-12-14,2.37571120262146,2.3919680088092012,2.2555091209073836,2.279401735290061,983980000
2016-12-15,2.4313793182373047,2.461676147313256,2.3794066612646034,2.3867960572889664,746548000
2016-12-16,2.473252534866333,2.4803955146877037,2.407239872197899,2.458966105414343,1089528000
2016-12-19,2.503302574157715,2.52350037550198,2.43852152600266,2.4557637577981355,744656000
2016-12-20,2.590498208999634,2.6141444096374475,2.5646349788512777,2.575965601699444,848056000
2016-12-21,2.606755495071411,2.6097113000574512,2.5545366651590933,2.6020754900855674,576136000
2016-12-22,2.638284206390381,2.681635625968522,2.623997774949932,2.6311409906701564,718612000
2016-12-23,2.7040505409240723,2.7055285611979043,2.617593871854794,2.620303262483907,647692000
2016-12-27,2.8897714614868164,2.89075665136973,2.7395189638263964,2.7602095956997665,1194272000
2016-12-28,2.690995931625366,2.954060753012661,2.6772023286451674,2.945932346270089,2295764000
2016-12-29,2.7446916103363037,2.7461696300907255,2.532121503185763,2.5838477314030945,2175368000
2016-12-30,2.6291704177856445,2.7567619381462167,2.6183326214429705,2.7427219214653475,1212932000
2017-01-03,2.5126636028289795,2.6200570918986763,2.4478825283664936,2.5715328310793315,1501996000
2017-01-04,2.5712857246398926,2.598626740908475,2.5008394792636297,2.5469005129601787,1199220000
2017-01-05,2.506012439727783,2.6065091055188176,2.489016619618548,2.5747344952399613,984296000
2017-01-06,2.5395114421844482,2.5678376519533153,2.492711392657543,2.533353417296892,822856000
2017-01-09,2.6424717903137207,2.66020662486261,2.5493647310984793,2.5493647310984793,916248000
2017-01-10,2.6225197315216064,2.6895173520085707,2.601829096449757,2.6555259467474834,880920000
2017-01-11,2.590252637863159,2.6158694614424083,2.565374824361491,2.6109432757027573,525664000
2017-01-12,2.547886610031128,2.5789224518122715,2.5030571651937796,2.5673456442608598,625616000
2017-01-13,2.547640085220337,2.586311498529057,2.5385262545158813,2.5518272606496613,457820000
2017-01-17,2.490495204925537,2.5419750370529997,2.4771941967916695,2.537048850846417,580612000
2017-01-18,2.5358166694641113,2.542713469529277,2.4412316137202748,2.4690652289423927,654424000
2017-01-19,2.590252637863159,2.6222736673372204,2.5365560152871685,2.5387728106152445,644872000
2017-01-20,2.561927080154419,2.6306491623571304,2.540005066442703,2.612914325380103,492024000
2017-01-23,2.5885281562805176,2.608479781874063,2.554290335199569,2.5567535452540096,369904000
2017-01-24,2.643702745437622,2.649860770462901,2.5838481046387987,2.5986271297948322,428052000
2017-01-25,2.6550333499908447,2.692226975198954,2.6190713297782584,2.6860689502213395,522760000
2017-01-26,2.700847864151001,2.7082372589155073,2.6281848167369213,2.65774263069957,458800000
2017-01-27,2.7530665397644043,2.756022344487354,2.6811425062833947,2.7077445138853284,471996000
2017-01-30,2.7099616527557373,2.734346868637537,2.6579892358301107,2.7321300735400356,496004000
2017-01-31,2.6892714500427246,2.710700862404625,2.6651324124468503,2.6836062543974926,362756000
2017-02-01,2.8067638874053955,2.8109510628500782,2.706020798563311,2.72375539517185,590004000
2017-02-02,2.8422329425811768,2.8508541778424217,2.760210114256463,2.7907531205062353,483240000
2017-02-03,2.817355155944824,2.8547951977083157,2.805532170312651,2.8437109871812107,372744000
2017-02-06,2.8895254135131836,2.8900180085171963,2.8079949502810444,2.8079949502810444,506768000
2017-02-07,2.934354782104492,2.978445205192865,2.904057958439382,2.9237631675882203,746224000
2017-02-08,2.9215471744537354,2.938789178464692,2.866618706825753,2.9163745732504487,449580000
2017-02-09,2.8666183948516846,2.9326310678467475,2.847406012418752,2.927704647291367,842568000
2017-02-10,2.7986347675323486,2.9730258234830393,2.7735105467521857,2.9540596266171577,1651092000
2017-02-13,2.6695661544799805,2.807502635358754,2.6651323291922826,2.792970024219749,1180724000
2017-02-14,2.6794183254241943,2.7131635475877682,2.618085670619137,2.659959297102269,850632000
2017-02-15,2.6848368644714355,2.7045420710620647,2.6542938647273377,2.6823738898260507,373020000
2017-02-16,2.6417319774627686,2.695675000278623,2.602567742728315,2.6944433954544063,647176000
2017-02-17,2.641239881515503,2.6456737070956056,2.5811390527832945,2.628185289579682,563740000
2017-02-21,2.735825538635254,2.739766534734324,2.6656254445048067,2.6658718595318036,551952000
2017-02-22,2.7316317558288574,2.7572809023813414,2.712641386630731,2.7479090807409285,433772000
2017-02-23,2.478346824645996,2.623856331640825,2.4583702551779543,2.6019066602198855,1592888000
2017-02-24,2.5022692680358887,2.5155870576586783,2.3602125317913845,2.394000340071798,1029904000
2017-02-27,2.5750250816345215,2.5900692532875493,2.5047366268485134,2.520520741343816,715400000
2017-02-28,2.5027637481689453,2.594508907177978,2.485499981646279,2.5846436289351074,625360000
2017-03-01,2.53507137298584,2.574038319828025,2.4936381071179294,2.559733857639716,504804000
2017-03-02,2.4415998458862305,2.53630452033027,2.438887036091624,2.5222467841924296,754332000
2017-03-03,2.427542209625244,2.4359273645234705,2.3730376443817627,2.430994961971769,864692000
2017-03-06,2.4087984561920166,2.419403438731706,2.3471418982092636,2.391287969264,883568000
2017-03-07,2.435187578201294,2.4546711692945355,2.395974140433138,2.4087987171726786,603400000
2017-03-08,2.430748462677002,2.4983241009050343,2.4285288695616982,2.483526421467783,638712000
2017-03-09,2.43025541305542,2.4526983069443697,2.4021399377913526,2.4147180249784546,478060000
2017-03-10,2.444559097290039,2.4684818714994177,2.4263089031929557,2.4566439649718474,499740000
2017-03-13,2.511888265609741,2.5217533054392867,2.454177676766404,2.454917619433923,774136000
2017-03-14,2.510162115097046,2.5340846565526554,2.477853947991145,2.5247130677933396,522016000
2017-03-15,2.5291519165039062,2.540003389284083,2.474154139565503,2.5217531957538353,615036000
2017-03-16,2.5602266788482666,2.5607201307380754,2.525699158627134,2.5397568926604914,523100000
2017-03-17,2.615964651107788,2.6171978105493037,2.560226926276412,2.57773741402415,1119688000
2017-03-20,2.699323892593384,2.7032700964963587,2.617444042424654,2.633474878377626,748568000
2017-03-21,2.612018585205078,2.7119023884498743,2.604126646602583,2.682060539907008,913484000
2017-03-22,2.665290117263794,2.6699760295261328,2.5969745356711664,2.600920505154942,616764000
2017-03-23,2.641120195388794,2.677374328188764,2.63150188159349,2.6573975227355398,533940000
2017-03-24,2.6504924297332764,2.695378449879323,2.624596784572751,2.687486510935488,439500000
2017-03-27,2.6697287559509277,2.673674724625355,2.554554310559216,2.6038795069922758,506644000
2017-03-28,2.6559183597564697,2.685513484433273,2.6455601013997603,2.670962530493759,432444000
2017-03-29,2.6472859382629395,2.675647897564429,2.645066345524743,2.6633165393286653,349992000
2017-03-30,2.6980912685394287,2.712888948108521,2.648766061977683,2.654438407812028,525532000
2017-03-31,2.6864991188049316,2.71017539966368,2.6734280543484816,2.688472220610185,440808000
2017-04-03,2.6729354858398438,2.7042569851863427,2.64925919923999,2.6869932222082245,445232000
2017-04-04,2.485499382019043,2.575271416681744,2.474647907851456,2.5501154806738917,1271280000
2017-04-05,2.4670019149780273,2.52471249593589,2.4539306155093406,2.4667551890555326,747048000
2017-04-06,2.4850056171417236,2.49709024812663,2.4270483102367666,2.472181043590089,635120000
2017-04-07,2.4744009971618652,2.508928754501071,2.4593568289158205,2.491418267473418,429068000
2017-04-10,2.411264181137085,2.4817990929906957,2.407071487304964,2.4751403161994254,756332000
2017-04-11,2.4198977947235107,2.4391346668052543,2.3762449198304645,2.3811773244866683,618148000
2017-04-12,2.3999199867248535,2.4342010198669835,2.394740858138009,2.4198967935606213,414092000
2017-04-13,2.3550338745117188,2.3974535701626243,2.3550338745117188,2.37575062321637,506892000
2017-04-17,2.447272777557373,2.447519268373429,2.362679857820377,2.3678589873714793,497292000
2017-04-18,2.4487521648406982,2.4549179625967446,2.4070724068948204,2.4329680518668093,370116000
2017-04-19,2.4583702087402344,2.4904314096612854,2.451711195575946,2.4662621460005667,380828000
2017-04-20,2.4973373413085938,2.5020232529185367,2.451711384601372,2.4729213498255564,404016000
2017-04-21,2.507694959640503,2.510407768492162,2.47514031261641,2.4869782164063245,341896000
2017-04-24,2.5390172004699707,2.552088267214103,2.5183006862938595,2.539263691238097,371820000
2017-04-25,2.5831639766693115,2.5977149327866007,2.5321123848411955,2.55356884756314,388440000
2017-04-26,2.565406322479248,2.5991939037597125,2.5634332203076284,2.5967278200465844,327004000
2017-04-27,2.6053600311279297,2.6137451872171447,2.554801662986068,2.5728053699790014,319700000
2017-04-28,2.5723116397857666,2.6053595111440346,2.566639059656247,2.5984540068483755,348248000
2017-05-01,2.6300222873687744,2.6352016513715513,2.576011171122024,2.583163402172405,307732000
2017-05-02,2.5520882606506348,2.6043732330960423,2.5293986443822933,2.6031400736552386,629972000
2017-05-03,2.5710792541503906,2.5806975708278195,2.5303859235897876,2.54518337004755,336904000
2017-05-04,2.561213731765747,2.588342535324918,2.553321557958685,2.5772443349595466,209788000
2017-05-05,2.56145977973938,2.5686120095653564,2.534084254930769,2.5496218738769305,228428000
2017-05-08,2.5345776081085205,2.574777470569062,2.5232326841642423,2.573297820594283,365240000
2017-05-09,2.5387701988220215,2.587848904478003,2.5318646948465027,2.5402500840745406,847672000
2017-05-10,2.9913296699523926,3.004400972021573,2.8120325657586873,2.818691344577951,2129096000
2017-05-11,3.1198225021362305,3.216746783614444,2.957295912939811,2.9607486659776114,1939792000
2017-05-12,3.1541030406951904,3.1962762485023846,3.102065027376503,3.1230282682909536,962620000
2017-05-15,3.3124372959136963,3.3149036150052007,3.1908505400759117,3.1952899614808468,1087540000
2017-05-16,3.374093770980835,3.3896313926772894,3.2890078814292685,3.363488787334335,1120700000
2017-05-17,3.1499109268188477,3.326002028730319,3.145718231134995,3.3072583787562593,1271368000
2017-05-18,3.281855583190918,3.290734190378504,3.133386520780959,3.19380992444988,1156032000
2017-05-19,3.357649564743042,3.4124580493188037,3.3383924405330827,3.3830787445355353,1018372000
2017-05-22,3.429246664047241,3.4435659561481584,3.3904854278682506,3.4013485664471363,836608000
2017-05-23,3.3830790519714355,3.451219597187652,3.3504901058005867,3.448997666393976,681248000
2017-05-24,3.4210996627807617,3.482821167726558,3.4090020651030732,3.480105265170902,815996000
2017-05-25,3.4134457111358643,3.457144542163719,3.3685124219183793,3.456403820160175,608228000
2017-05-26,3.5018303394317627,3.5867590728331584,3.3850533898670405,3.4052979832635426,779140000
2017-05-30,3.5766379833221436,3.6116956126343216,3.531704686912106,3.5477521750484025,989652000
2017-05-31,3.5637996196746826,3.629224260934804,3.5070157155511033,3.6215707608023635,887316000
2017-06-01,3.5640463829040527,3.580587841519134,3.5186193536210624,3.5796001336137855,503340000
2017-06-02,3.5462698936462402,3.587252816641871,3.5403445893592407,3.5610829189149484,487456000
2017-06-05,3.654160499572754,3.6669985860436327,3.5183733544100915,3.5299769823223595,817376000
2017-06-06,3.6376185417175293,3.6956366696172878,3.624286721592667,3.6494689176902693,758728000
2017-06-07,3.6815643310546875,3.7003277216937787,3.646506701982902,3.662060453747425,612612000
2017-06-08,3.948695182800293,3.950176391582456,3.7474829410027,3.7887128618836603,1161744000
2017-06-09,3.6934139728546143,4.16002852224822,3.524296986573044,4.067199536860566,3692928000
2017-06-12,3.7025485038757324,3.745259855824172,3.508496321736062,3.601572288488688,1697532000
2017-06-13,3.737853527069092,3.8210540693948394,3.5958939114097332,3.8119191268667403,1672504000
2017-06-14,3.745753765106201,3.803525130555924,3.666256597183009,3.7408161683436125,1184640000
2017-06-15,3.7618024349212646,3.792169215989302,3.6168801308204928,3.628237006507195,963824000
2017-06-16,3.7432849407196045,3.8193259575863236,3.7092147923316676,3.771430019937017,924960000
2017-06-19,3.8840103149414062,3.8891948979062207,3.783774573390687,3.787477712394802,778176000
2017-06-20,3.878331422805786,3.993133430917878,3.8741345479963196,3.9262273589202805,1095444000
2017-06-21,3.937091112136841,3.94079448706893,3.844015121639727,3.905983610323142,682652000
2017-06-22,3.90993332862854,3.9585699921218,3.8859853578814496,3.9452379379336686,469132000
2017-06-23,3.797846794128418,3.933387132683866,3.782786547223326,3.917586399309564,1088588000
2017-06-26,3.7563705444335938,3.866234739580205,3.662060099547122,3.8306831422364307,1063960000
2017-06-27,3.618854522705078,3.7474820896306253,3.6131762038235253,3.7388411184089563,999492000
2017-06-28,3.746495246887207,3.751186094259898,3.5983635467848702,3.6865019389541107,994948000
2017-06-29,3.621323347091675,3.721065110034716,3.5571329404311425,3.718102693218508,1064424000
2017-06-30,3.568983554840088,3.6521840978310562,3.542813656000619,3.638605294550146,731060000
2017-07-03,3.4398627281188965,3.5958946810297383,3.4213463242064663,3.5810816520793343,709072000
2017-07-05,3.5317041873931885,3.560589756132536,3.484301980913183,3.503312119400299,820188000
2017-07-06,3.5423202514648438,3.5892287236995033,3.4504787227564484,3.502571778430385,746284000
2017-07-07,3.6232991218566895,3.641568775768978,3.5761438960528964,3.5991043975055486,654972000
2017-07-10,3.794637680053711,3.802044193910031,3.670700947489923,3.6968708495344957,958492000
2017-07-11,3.848459243774414,3.856112744081393,3.7563707251450764,3.7983413661873895,757956000
2017-07-12,4.012144088745117,4.024241449517214,3.8652470941862864,3.908205203715103,1145208000
2017-07-13,3.9657304286956787,4.105714675260159,3.9193159205637906,4.02424230015679,1369132000
2017-07-14,4.072383880615234,4.0738648534756745,3.9751105693970428,3.9820233457376686,941948000
2017-07-17,4.0551018714904785,4.135340000150962,3.993380378950912,4.106454198489569,930792000
2017-07-18,4.097320556640625,4.111886835598346,3.982271298286392,3.994121910132964,776640000
2017-07-19,4.076087474822998,4.13287113565448,4.063990114874407,4.106454249871841,687044000
2017-07-20,4.135339736938477,4.1355864872744155,4.046707863884903,4.096578743804634,699596000
2017-07-21,4.150153636932373,4.17978016490392,4.100529496891086,4.114849024652141,648332000
2017-07-24,4.1020097732543945,4.166940895021588,4.091393858822975,4.157312452758492,652524000
2017-07-25,4.082259654998779,4.09657918127138,4.03856082509411,4.079050016698472,496556000
2017-07-26,4.1294145584106445,4.195333159229018,4.094603453181525,4.139783723607063,640404000
2017-07-27,3.993134021759033,4.1659544062445795,3.8899356214479486,4.154350546008143,782856000
2017-07-28,4.058559894561768,4.0830018452493055,3.9324014275610253,3.957336643701702,513348000
2017-07-31,4.012144088745117,4.108182723807305,3.965482840052744,4.072137391862543,559672000
2017-08-01,4.061028003692627,4.0627561983015115,3.9748650236503122,4.002762887794391,431384000
2017-08-02,4.058559894561768,4.096086682620553,3.9815318439382184,4.0921367918129805,478444000
2017-08-03,4.1101579666137695,4.113861105621585,4.04102972278285,4.05806491565502,442420000
2017-08-04,4.128180027008057,4.198789233558557,4.110157364434148,4.132870637670892,589096000
2017-08-07,4.255080223083496,4.2555737238304765,4.147684477510209,4.157313392848237,717412000
2017-08-08,4.204468250274658,4.3096413498085555,4.1652132829891695,4.293100129158411,755336000
2017-08-09,4.249152660369873,4.251621575486081,4.139535277876771,4.158298656042024,530784000
2017-08-10,4.067198753356934,4.262732350900481,4.057076340529539,4.250387772733838,1328088000
2017-08-11,3.850433826446533,3.925487142843824,3.7751337596780177,3.879566380771384,1497196000
2017-08-14,4.157559394836426,4.161262533362828,3.930424304231434,3.9420279268151512,1279020000
2017-08-15,4.12250280380249,4.188914921774902,4.0881856616488275,4.162745251951536,764532000
2017-08-16,4.077321529388428,4.161016044158955,4.044979811039915,4.137562047190588,596632000
2017-08-17,3.9864680767059326,4.085963104391966,3.984246381481298,4.06892838104496,525444000
2017-08-18,3.9872097969055176,4.057819508064026,3.941289021512213,4.040784309554751,601204000
2017-08-21,3.9291906356811523,4.023007342862921,3.8852450525003275,4.011650703775322,623672000
2017-08-22,4.016664505004883,4.022595026523247,3.9464872954538515,3.965761372560483,450456000
2017-08-23,4.096972465515137,4.108092132244373,3.974656131493538,3.9833051801159347,579520000
2017-08-24,4.0818986892700195,4.133543653451853,4.055459024005662,4.129095410007078,469700000
2017-08-25,4.047800064086914,4.1162477969266815,4.04137513573927,4.106116469186,357200000
2017-08-28,4.076465129852295,4.079677595026744,4.011229840866703,4.066828205641327,389496000
2017-08-29,4.0697922706604,4.091537676061606,4.009499177519073,4.0176538223725915,324096000
2017-08-30,4.094008922576904,4.105128593330228,4.059167161866546,4.089560677225746,384400000
2017-08-31,4.186919689178467,4.190873056661058,4.106858341908522,4.114271141594525,612684000
2017-09-01,4.212123870849609,4.247707004498559,4.190872871974175,4.199521923413841,445432000
2017-09-05,4.099691390991211,4.165668031386709,4.041622426936433,4.160725851501813,695364000
2017-09-06,4.097221374511719,4.146395276019124,4.062380081212953,4.1325575457657315,397672000
2017-09-07,4.116247653961182,4.148617848248033,4.075969783319227,4.114023531615269,352868000
2017-09-08,4.044835567474365,4.119460808188558,4.020619539003748,4.104634735638924,498856000
2017-09-11,4.176046371459961,4.18667210545847,4.085112334369508,4.090548920826495,567444000
2017-09-12,4.191119194030762,4.200756113417125,4.1258839377043905,4.200756113417125,411488000
2017-09-13,4.209900856018066,4.238811626252256,4.133545900412681,4.165916103220826,580960000
2017-09-14,4.185931205749512,4.264015866637522,4.1463947043868945,4.170857696623088,513712000
2017-09-15,4.450578212738037,4.450578212738037,4.266239048001517,4.271428195559547,1364792000
2017-09-18,4.634422779083252,4.724615909916802,4.567952205309186,4.574871068433442,1684460000
2017-09-19,4.629480838775635,4.691256668612247,4.562021455380675,4.584013824245391,874280000
2017-09-20,4.59216833114624,4.680631276907346,4.5518904607618484,4.633187575641195,724920000
2017-09-21,4.466639041900635,4.514577139620046,4.388801374993499,4.488383968895291,1075600000
2017-09-22,4.423149585723877,4.504941106025315,4.413265697443126,4.455273283088781,491232000
2017-09-25,4.225466728210449,4.3934970557306094,4.204710140500535,4.392261275236163,874580000
2017-09-26,4.249189376831055,4.415243061623805,4.209405907353259,4.360139115201983,1125620000
2017-09-27,4.342347621917725,4.355691415390467,4.2687107328037674,4.339629563957944,713720000
2017-09-28,4.3411102294921875,4.35346520385849,4.293666072186569,4.3495113669790015,435244000
2017-09-29,4.417466163635254,4.441187776473258,4.379906354168201,4.425126400337407,619092000
2017-10-02,4.423149585723877,4.496786462229904,4.373729201695711,4.4676282612677705,503480000
2017-10-03,4.43229341506958,4.462192995824914,4.388061698700681,4.429327918102217,390332000
2017-10-04,4.469358921051025,4.491598263520205,4.4018995193862045,4.43847099776742,427848000
2017-10-05,4.466886520385742,4.497280499457413,4.436986947778005,4.493821068146378,437364000
2017-10-06,4.479983806610107,4.493327599487475,4.423150145692116,4.439211996407988,318800000
2017-10-09,4.581048011779785,4.614160046581783,4.498021192866473,4.51680109662735,563492000
2017-10-10,4.668523788452148,4.76785944676096,4.627257571741105,4.730299629705174,974876000
2017-10-11,4.7181901931762695,4.719672941115634,4.639117215654637,4.685078159965828,529508000
2017-10-12,4.7204155921936035,4.771318729199769,4.693234072074537,4.721650901602538,528292000
2017-10-13,4.808383941650391,4.818515269375385,4.735735874310858,4.7826851709240685,628728000
2017-10-16,4.890915870666504,4.89388136692391,4.775024446599464,4.838283025219381,576640000
2017-10-17,4.88646936416626,4.914886197000404,4.851875040944224,4.870160544459828,478596000
2017-10-18,4.882266998291016,4.8961047231603425,4.77700131373159,4.895363820452761,567316000
2017-10-19,4.887704372406006,4.892646081147773,4.755504119491041,4.804677538485304,570772000
2017-10-20,4.865464210510254,4.931934777138172,4.8565681936553196,4.904753734063156,451620000
2017-10-23,4.858544826507568,4.913648752067616,4.838282176676257,4.887208614533035,428696000
2017-10-24,4.909448623657227,4.911178339304918,4.841742274510333,4.867688009225703,407244000
2017-10-25,4.785402774810791,4.922792633781748,4.7238743827795,4.869912349063395,828160000
2017-10-26,4.835564613342285,4.84717821599986,4.789109260087687,4.813078310724984,322744000
2017-10-27,4.988028526306152,4.98827549392316,4.861758319803051,4.887704530268436,572192000
2017-10-30,5.036953926086426,5.0925517922717445,4.972212604236708,4.988027483351085,504056000
2017-10-31,5.110344409942627,5.1370315231905135,5.063147673041896,5.068831227404192,411908000
2017-11-01,5.11998176574707,5.1884295062684735,5.055734831621591,5.173109029133288,502576000
2017-11-02,5.088846206665039,5.135054599628304,5.032259518552236,5.090328954918466,342308000
2017-11-03,5.156800746917725,5.156800746917725,5.074021333818333,5.119982298695769,353640000
2017-11-06,5.180026054382324,5.188674631740942,5.107624972119576,5.119979947971282,389944000
2017-11-07,5.2393317222595215,5.26083015703168,5.190652712810499,5.202760723274321,427700000
2017-11-08,5.168414115905762,5.2385915701835755,5.120970408938795,5.234884699185342,522988000
2017-11-09,5.073525428771973,5.098482823424891,4.951209545344888,5.0722901195093195,978564000
2017-11-10,5.340892314910889,5.403409531578979,5.229448642325893,5.265278744067697,1253256000
2017-11-13,5.254159927368164,5.36634452107876,5.238839448079529,5.340893182800732,582376000
2017-11-14,5.292459487915039,5.307779963827318,5.219563979179031,5.263301284420636,529292000
2017-11-15,5.188675880432129,5.238591144887047,5.134807720295307,5.237355364217206,501948000
2017-11-16,5.228954792022705,5.292954763915298,5.220059243205031,5.262808213686152,441768000
2017-11-17,5.222775936126709,5.3213702068843345,5.207702900608452,5.286034517196386,515664000
2017-11-20,5.289989948272705,5.3020979623771,5.201526506648014,5.238344955609522,396100000
2017-11-21,5.338667869567871,5.350281945937201,5.297896061091217,5.3297723222342634,399176000
2017-11-22,5.314682960510254,5.365869079891151,5.282042659593676,5.365869079891151,356640000
2017-11-24,5.364879131317139,5.365868631441403,5.306522205971333,5.331002665432702,180752000
2017-11-27,5.29514741897583,5.37477010368968,5.291932722824228,5.373533936052745,422896000
2017-11-28,5.210330963134766,5.309735612093725,5.149254106387237,5.300339136314135,512752000
2017-11-29,4.85697603225708,5.195742548354368,4.728640046784727,5.193022602347227,1396788000
2017-11-30,4.963056564331055,5.011769866303854,4.862663346942954,4.925718267605678,823768000
2017-12-01,4.8881330490112305,4.948715643130709,4.759302771986435,4.928438908139276,811548000
2017-12-04,4.615635871887207,4.952919097256683,4.5622245626825855,4.946736844099361,1240844000
2017-12-05,4.642340660095215,4.76498912567072,4.465291867021699,4.510295718576281,981488000
2017-12-06,4.679927825927734,4.701687868467153,4.5706319198672025,4.591897683962394,467032000
2017-12-07,4.747432708740234,4.78724428291413,4.701192214549227,4.74669081957679,542600000
2017-12-08,4.735069751739502,4.816423356338265,4.726662302332996,4.797382789750694,466876000
2017-12-11,4.813455581665039,4.816423138563607,4.733338619998979,4.749164017992392,372748000
2017-12-12,4.718996047973633,4.793178831563081,4.695505092572108,4.7699350153313596,455016000
2017-12-13,4.60376501083374,4.7612789383751,4.596346592568986,4.760042771150743,554280000
2017-12-14,4.61093807220459,4.681906179544604,4.564697566194597,4.59733786789109,438164000
2017-12-15,4.736801624298096,4.757078362643522,4.5899202558411485,4.654953724788259,670036000
2017-12-18,4.89357328414917,4.896540369571262,4.747680972336152,4.777353713115915,477704000
2017-12-19,4.8493123054504395,4.8893710364079235,4.820875723763036,4.884178281620828,373100000
2017-12-20,4.866372585296631,4.897776241922263,4.810735610139797,4.8886273753593645,288820000
2017-12-21,4.843871593475342,4.894810103972342,4.835464142866382,4.869835363026742,300904000
2017-12-22,4.82853889465332,4.8379353708004915,4.7291342418057365,4.807025996671043,466276000
2017-12-26,4.88219690322876,4.889862461294232,4.74322830149422,4.773148644699506,355080000
2017-12-27,4.875522136688232,4.944759323457496,4.854256843692595,4.868846076043421,329488000
2017-12-28,4.881208896636963,4.930169339863724,4.875027115390894,4.899259961993703,240248000
2017-12-29,4.784772872924805,4.90742138379669,4.784772872924805,4.90742138379669,279964000
2018-01-02,4.929427623748779,4.93313706993842,4.809499554116802,4.841150350670441,355616000
2018-01-03,5.2538533210754395,5.284268426193226,5.038229525289494,5.046884114963718,914704000
2018-01-04,5.281548023223877,5.391832964537967,5.259293229243358,5.335206950998166,583268000
2018-01-05,5.326303005218506,5.363641295002851,5.219479944244544,5.296382662580423,580124000
2018-01-08,5.489505767822266,5.563688086992966,5.4049374711935725,5.449941801379268,881216000
2018-01-09,5.488022804260254,5.534510448151437,5.40642205240025,5.494946475833845,497000000
2018-01-10,5.531047821044922,5.534509656336437,5.341140686762291,5.395541023006058,582664000
2018-01-11,5.5409393310546875,5.595092530864461,5.519425957343691,5.563688400804682,406032000
2018-01-12,5.513740539550781,5.56344288996907,5.473187530535809,5.529071664436406,359916000
2018-01-16,5.442770481109619,5.62575394251092,5.358202656724877,5.540197089718123,702348000
2018-01-17,5.556764602661133,5.566655358783492,5.3633956276540165,5.457359933195069,538408000
2018-01-18,5.549839496612549,5.604239820316036,5.506318954666013,5.5374754651075,408632000
2018-01-19,5.690046310424805,5.714279160589362,5.613144034872421,5.640096831453852,609380000
2018-01-22,5.77856969833374,5.7803006158928305,5.640342961149676,5.697957990604967,550944000
2018-01-23,5.907648086547852,5.93039715599044,5.813436169281299,5.831981514049555,475228000
2018-01-24,5.830745220184326,5.946717175925777,5.775108243804384,5.910862183187626,579972000
2018-01-25,5.844346046447754,5.928419603812923,5.82950967504206,5.885146185723347,409884000
2018-01-26,6.016942501068115,6.017189640231004,5.875253940194638,5.888112251259237,516356000
2018-01-29,6.1039838790893555,6.135140868143911,5.949684598815924,6.0023540170610215,455116000
2018-01-30,6.001858711242676,6.093350669826824,5.895283245374639,5.962047609343641,570832000
2018-01-31,6.078020095825195,6.163824559687828,6.044637910852385,6.0772782066071755,478576000
2018-02-01,5.946964740753174,6.10522109285371,5.886629757073449,5.898004292362631,519224000
2018-02-02,5.7743659019470215,5.884403678446411,5.716256594851452,5.860417972101379,718464000
2018-02-05,5.284267425537109,5.767195324468156,5.069137948962137,5.613143185799309,1165204000
2018-02-06,5.578029632568359,5.58099671752354,5.0444099445250625,5.05430117098827,1114800000
2018-02-07,5.657651901245117,5.810220722556652,5.605724376633851,5.67693960441476,802932000
2018-02-08,5.378726482391357,5.816402913200287,5.378478871561731,5.783268339439121,1144000000
2018-02-09,5.738759517669678,5.907153769636017,5.378727192541454,5.891328369875546,1674604000
2018-02-12,5.638612747192383,5.822832863910914,5.5644304220776455,5.819865306788081,1093172000
2018-02-13,5.752359390258789,5.798599890767439,5.569870195226973,5.602263353831807,625524000
2018-02-14,5.969714641571045,5.998645967425087,5.700926673530473,5.712054070271278,744988000
2018-02-15,6.095329284667969,6.141569782355776,5.97218652193569,6.05304537227119,698900000
2018-02-16,6.029554843902588,6.181876078036401,6.020405505063032,6.068129784587595,637656000
2018-02-20,6.159125804901123,6.2281153624386585,6.048346146901647,6.052055592538886,686240000
2018-02-21,5.971938610076904,6.230588628403107,5.968229635805804,6.223664958222568,892292000
2018-02-22,5.991485595703125,6.077590671661302,5.925917145736419,6.005836599007075,534364000
2018-02-23,6.085014343261719,6.085014343261719,6.000641251642441,6.051364118117525,415300000
2018-02-26,6.101097106933594,6.135736973848416,6.038744874554123,6.1312833440926235,469312000
2018-02-27,6.088230133056641,6.158747266903938,6.065219164596439,6.074373715883196,455436000
2018-02-28,5.98777437210083,6.138705549196051,5.976145004916738,6.099116997308836,523116000
2018-03-01,5.745542526245117,6.039487780358543,5.644344080669495,5.98554821696344,1040120000
2018-03-02,5.85267972946167,5.8591131188585095,5.489206914594554,5.6379115579906784,913428000
2018-03-05,5.830658435821533,5.870246996776381,5.678984401814455,5.802451479956307,620776000
2018-03-06,5.991734504699707,6.011034200132743,5.872968818105092,5.916021367697318,636808000
2018-03-07,5.983814716339111,6.036022273079856,5.8875649827150545,5.888801918364478,581208000
2018-03-08,5.967485427856445,6.0112803193301945,5.9231954788803955,6.0112803193301945,411912000
2018-03-09,6.070167064666748,6.083032893352044,5.998907589854326,6.014990111677285,505524000
2018-03-12,6.179779529571533,6.259946285797301,6.103324053043412,6.111489434697617,605060000
2018-03-13,6.129055976867676,6.297060266597797,6.0877354314857275,6.222584084642584,619772000
2018-03-14,6.154542922973633,6.199327466749599,6.092190677270711,6.172110152967695,505496000
2018-03-15,6.169387340545654,6.250543736891712,6.127324441775388,6.168150404669825,401952000
2018-03-16,6.197595119476318,6.216647049263628,6.1481091830473416,6.1857184569787345,399456000
2018-03-19,5.963031768798828,6.169634506923961,5.864060383112154,6.140685677467764,713772000
2018-03-20,6.175326347351074,6.214172556392869,5.966001473660772,5.966001473660772,554696000
2018-03-21,6.150088310241699,6.2352037534952505,6.119654306723443,6.168892473344678,438688000
2018-03-22,5.984063625335693,6.133263306161013,5.946702117893252,6.086746773482351,551196000
2018-03-23,5.764346122741699,6.000145433587969,5.753211813369072,5.997671090179302,735620000
2018-03-26,6.049137115478516,6.050374051383135,5.836843330511811,5.888803133296438,611424000
2018-03-27,5.580013275146484,6.185718854004184,5.439721311229807,6.130047289931568,1409000000
2018-03-28,5.476835250854492,5.67576769855423,5.369203880421185,5.545620410801855,945904000
2018-03-29,5.7302021980285645,5.826946546917376,5.460752130719608,5.545125231575427,916628000
2018-04-02,5.469410419464111,5.805913548293485,5.381573358372911,5.65968330830384,922092000
2018-04-03,5.575807571411133,5.699521962561915,5.476836152877096,5.6364278307255145,667432000
2018-04-04,5.5978288650512695,5.608220828525041,5.294975807464544,5.319966072760938,789168000
2018-04-05,5.47757625579834,5.669333389011944,5.406069476542939,5.656219793521149,701240000
2018-04-06,5.301159381866455,5.483019616171758,5.271962789515742,5.374893212980324,662988000
2018-04-09,5.329861164093018,5.492174408424718,5.309819124334464,5.364253734721358,499524000
2018-04-10,5.639148235321045,5.666117781698622,5.5030621516440075,5.560218410613589,761676000
2018-04-11,5.5978288650512695,5.6656243924275,5.565168273581433,5.624303831396187,460244000
2018-04-12,5.804677486419678,5.822492478671164,5.646570551028203,5.690860502889642,593920000
2018-04-13,5.7279744148254395,5.876679024700813,5.679725892956876,5.868266350585737,503036000
2018-04-16,5.727725505828857,5.761128428143111,5.633455067648587,5.734653477396317,350792000
2018-04-17,5.877421855926514,5.898700835743247,5.7242636036733305,5.779935161128163,447224000
2018-04-18,5.848471641540527,5.919731129606942,5.759397635407083,5.826945372265562,391364000
2018-04-19,5.667106628417969,5.767562711933566,5.611682842717104,5.7341597816873,471996000
2018-04-20,5.658942699432373,5.7428207427732625,5.627766814576442,5.658447641860259,386200000
2018-04-23,5.539433002471924,5.727973427605727,5.513453106240779,5.676755985311859,427508000
2018-04-24,5.473123073577881,5.661168471030406,5.407801911618028,5.565166486163783,414596000
2018-04-25,5.3607892990112305,5.482524340038676,5.203424754620927,5.443430378694883,588492000
2018-04-26,5.572588920593262,5.580754301622121,5.456544896401421,5.522608407170399,375824000
2018-04-27,5.600053310394287,5.6982828121632085,5.557743122100233,5.67848853614771,400848000
2018-04-30,5.564672946929932,5.66611870426024,5.545373721963818,5.616385468935281,327844000
2018-05-01,5.620095252990723,5.622816889206263,5.497865140594591,5.556506089308702,253788000
2018-05-02,5.599559307098389,5.6611687203422845,5.573331640885994,5.616631948626047,268248000
2018-05-03,5.7648420333862305,5.791069702000668,5.586198456838597,5.631478054953076,443144000
2018-05-04,5.915030002593994,5.918246696218617,5.718819242416038,5.736139174344388,400660000
2018-05-07,6.1530561447143555,6.2102123899728285,6.009794828406193,6.019692201688229,687616000
2018-05-08,6.195614337921143,6.1983359741007105,6.10431281196176,6.153303678992239,506616000
2018-05-09,6.328732490539551,6.330959541888144,6.188440525833542,6.215657839962821,596760000
2018-05-10,6.4363627433776855,6.445517295475662,6.363865845262682,6.381680835836272,994080000
2018-05-11,6.297802448272705,6.427950185402755,6.199078827906049,6.254502614778557,1214456000
2018-05-14,6.3183393478393555,6.395784937834864,6.294586497555912,6.335907046708863,523140000
2018-05-15,6.075858116149902,6.257471039572738,5.975402046184337,6.254748931664002,963528000
2018-05-16,6.086992263793945,6.149096719911648,6.000392140674288,6.037259051579321,553828000
2018-05-17,6.129055976867676,6.222831377412699,6.072642077718933,6.088725074498952,519784000
2018-05-18,6.085262775421143,6.244359378283969,6.0803140870499846,6.1810179604781625,483716000
2018-05-21,6.043199062347412,6.18646040963991,5.950413291458063,6.182749129822843,640624000
2018-05-22,6.005094528198242,6.081797291344647,5.944474290401179,6.056559741954813,518264000
2018-05-23,6.128637790679932,6.129875963718784,5.948150695146866,5.948893504525247,442956000
2018-05-24,6.132351398468018,6.174688227691831,6.0716941415269,6.1249242490933975,437372000
2018-05-25,6.171716690063477,6.188057079007608,6.109326371672047,6.144977914720774,292112000
2018-05-29,6.154634475708008,6.222719834047149,6.107841729433728,6.153644220496209,352684000
2018-05-30,6.2635698318481445,6.272235154201632,6.1635469839823696,6.188305250231472,390996000
2018-05-31,6.243762969970703,6.318285210337628,6.220985687386737,6.231631519342887,493868000
2018-06-01,6.378199577331543,6.384389497647403,6.279909800524736,6.288575122297395,421968000
2018-06-04,6.557201862335205,6.579236336488772,6.380180898617091,6.412366313736455,642024000
2018-06-05,6.562648296356201,6.6002808215782345,6.515607639828659,6.560419868326753,391712000
2018-06-06,6.564630031585693,6.567848715265154,6.456189291740624,6.472529683665562,371356000
2018-06-07,6.508922576904297,6.5727985066215515,6.418554848382183,6.560914502900998,369448000
2018-06-08,6.493574142456055,6.536157949325757,6.417318825500218,6.436135090939634,360456000
2018-06-11,6.452475547790527,6.522540944076,6.439601285634132,6.480947391982125,265372000
2018-06-12,6.500999927520752,6.5131313775443385,6.428706118762056,6.478965455370088,319160000
2018-06-13,6.496542930603027,6.577502053163658,6.487382246415059,6.502484932208121,338208000
2018-06-14,6.608202934265137,6.664899164373072,6.526748440524005,6.5416036820386845,430016000
2018-06-15,6.567352294921875,6.622315465483225,6.520064191471097,6.5510119056259235,432260000
2018-06-18,6.563143253326416,6.58072134186813,6.496048637589691,6.523282302544806,356268000
2018-06-19,6.441333770751953,6.527244659313467,6.313829333838904,6.459902116741175,594932000
2018-06-20,6.494316577911377,6.547298769647784,6.444057233644618,6.482432571768268,369780000
2018-06-21,6.365573406219482,6.544574875389149,6.357898339268566,6.526253976324686,359516000
2018-06-22,6.2130632400512695,6.399740261784072,6.197713577273264,6.386370637031852,434160000
2018-06-25,5.920174598693848,6.110317283928916,5.831540386840971,6.106603709022759,665816000
2018-06-26,5.991229057312012,6.081844233720098,5.939732021418247,6.03356588062584,478884000
2018-06-27,5.835995674133301,6.101155450421502,5.830548563440235,6.0348036449276234,453892000
2018-06-28,5.963253974914551,5.975137981696994,5.81841840961866,5.8260934776562925,338012000
2018-06-29,5.865211486816406,6.040994293570312,5.863973313684513,6.0283679498629965,392300000
2018-07-02,5.997419834136963,6.001133408836473,5.775091271337971,5.7956405994946225,357572000
2018-07-03,5.863725185394287,6.038022825215759,5.855307309086149,6.032080822658521,222732000
2018-07-05,6.009551048278809,6.01450232360777,5.880065635877546,5.918935862501563,306216000
2018-07-06,6.123437881469727,6.131855757141185,5.963747578299378,5.98503971316701,296352000
2018-07-09,6.170974254608154,6.2073690814329,6.092243542502406,6.197713503795584,303880000
2018-07-10,6.270007610321045,6.292042086228743,6.14299805972988,6.183353908867188,360016000
2018-07-11,6.128389358520508,6.2118243578173935,6.117743055443572,6.177163073903131,367508000
2018-07-12,6.219995021820068,6.268025933400291,6.163794151913892,6.173697646857069,345508000
2018-07-13,6.172706604003906,6.238563519780139,6.130617697096456,6.238563519780139,246988000
2018-07-16,6.144977569580078,6.1979602258752164,6.132598673769808,6.144977569580078,197036000
2018-07-17,6.2809014320373535,6.296004123136445,6.070209399488096,6.095710478993228,362136000
2018-07-18,6.231632232666016,6.287338216983809,6.180630550605449,6.273473700393546,277640000
2018-07-19,6.23980188369751,6.2734733905820805,6.197713444541109,6.212815661270541,235752000
2018-07-20,6.211578369140625,6.2761971231198626,6.2006846178303485,6.2373268924378715,222352000
2018-07-23,6.174935817718506,6.186819823665211,6.023168004509986,6.1850867591406775,301584000
2018-07-24,6.157604217529297,6.309619452887764,6.1400256570604155,6.222965767874999,354620000
2018-07-25,6.235840797424316,6.248467612372678,6.109078700955551,6.167013110063025,319112000
2018-07-26,6.30937385559082,6.346263582127951,6.198952593981862,6.2157883513584515,325124000
2018-07-27,6.2395548820495605,6.352947363461371,6.185581961129691,6.346015105015212,295420000
2018-07-30,6.0442118644714355,6.259608143977756,6.009302660838038,6.253666141822612,340340000
2018-07-31,6.062287330627441,6.13705703767618,5.994945246796372,6.033815483296848,283988000
2018-08-01,6.102146625518799,6.148939839829609,6.03827068394019,6.093729220859545,283556000
2018-08-02,6.20489501953125,6.208856041141918,5.971920554017269,6.030844764386749,269668000
2018-08-03,6.2415337562561035,6.2653017631122605,6.212567029152799,6.229402307155438,214288000
2018-08-06,6.289318561553955,6.292784690610182,6.182363452262009,6.228908748795528,207508000
2018-08-07,6.361612796783447,6.38018161635733,6.311353922177672,6.338092701251268,258132000
2018-08-08,6.398006439208984,6.4430665870787545,6.327941051926506,6.362850258823024,262100000
2018-08-09,6.349481105804443,6.418556243131363,6.341806038076488,6.415832923400414,204280000
2018-08-10,6.308134078979492,6.340567409723616,6.256389594986334,6.267530790237581,256396000
2018-08-13,6.341063022613525,6.461883119801381,6.315067054810953,6.316800119331125,375208000
2018-08-14,6.472528457641602,6.486640890672755,6.363344928996258,6.446532491827146,466220000
2018-08-15,6.4143476486206055,6.527244761793485,6.3356164626051905,6.493325808138851,591136000
2018-08-16,6.373743534088135,6.486641113313834,6.313581169867081,6.48416523950015,801260000
2018-08-17,6.061296463012695,6.2630757205742515,6.034309765271959,6.262332911105046,1143188000
2018-08-20,6.136066436767578,6.268770086320867,5.91027170924993,6.020693434854675,854388000
2018-08-21,6.271739959716797,6.2761963435368795,6.13259897290029,6.152405490497591,673988000
2018-08-22,6.506943702697754,6.511895451222845,6.235594400224022,6.23906052974664,749856000
2018-08-23,6.606470584869385,6.671832143488078,6.454455330269932,6.468319846070909,720684000
2018-08-24,6.7396697998046875,6.7542771254693905,6.610432297032093,6.614888681226894,531512000
2018-08-27,6.830780029296875,6.905054360068318,6.737936879720231,6.769379487708773,505776000
2018-08-28,6.793147563934326,6.847615847753925,6.673070271577135,6.824838090176259,475384000
2018-08-29,6.89867639541626,6.923695790537428,6.764661302179463,6.785469455846607,420108000
2018-08-30,6.881830215454102,6.978687806842193,6.844920318325625,6.8674624808213,346608000
2018-08-31,6.952924728393555,6.965806030728432,6.85185590315592,6.86176481532872,306592000
2018-09-04,7.027734279632568,7.065386911889793,6.911306941159013,6.939794350737068,391720000
2018-09-05,6.896939754486084,7.045570119555992,6.815936340180612,7.010146658672871,393156000
2018-09-06,6.755741119384766,6.8830677035966215,6.722794886149796,6.880590475705456,322796000
2018-09-07,6.734438419342041,6.860031002642364,6.618754276020016,6.663591018196378,295420000
2018-09-10,6.805533409118652,6.835259676116271,6.7131351090664,6.756981057586023,220140000
2018-09-11,6.757724285125732,6.846902141308397,6.738402093422781,6.7592102441159705,243112000
2018-09-12,6.643772602081299,6.7374097309237015,6.488206197719895,6.717839962683944,419092000
2018-09-13,6.721556663513184,6.812220938503509,6.692326035199151,6.709666158354438,305536000
2018-09-14,6.847644805908203,6.913785331347468,6.775063865408304,6.81197376080274,386936000
2018-09-17,6.7857160568237305,6.871178779159448,6.766394337633124,6.822130792964465,205528000
2018-09-18,6.713630199432373,6.89248201670752,6.706942202852049,6.789679642426318,299520000
2018-09-19,6.737410545349121,6.755246303590079,6.645012255438305,6.695051032949413,224860000
2018-09-20,6.596212387084961,6.657646040442325,6.5422099458977865,6.6152865246301396,430584000
2018-09-21,6.526108264923096,6.653682920773438,6.49291444593147,6.608102960567568,435128000
2018-09-24,6.581843852996826,6.585311877583821,6.407946516587652,6.495142765839049,293912000
2018-09-25,6.6489763259887695,6.673995718069622,6.562275223761727,6.647985529146409,280388000
2018-09-26,6.612066268920898,6.694308547151667,6.5962125748557545,6.6539306237710525,268548000
2018-09-27,6.623956203460693,6.668545363830909,6.592496399132179,6.647241580378903,214428000
2018-09-28,6.961347579956055,6.983642162562354,6.727998150824177,6.755990405868262,709396000
2018-10-01,7.167943954467773,7.234827228660904,7.000487006692283,7.039130917717396,622060000
2018-10-02,7.0966010093688965,7.252166969557371,7.07430642832625,7.140446955755039,383964000
2018-10-03,7.102793216705322,7.1743833562991846,6.998752005182621,7.166951672446521,320552000
2018-10-04,6.918492317199707,7.090903237520863,6.841452081406057,7.0666270632774975,391220000
2018-10-05,6.684895038604736,6.955897567236704,6.627424572751077,6.89372069853544,426636000
2018-10-08,6.583578586578369,6.717098020288782,6.442627468303227,6.601661927117871,408612000
2018-10-09,6.577881336212158,6.657645909836312,6.510006796323651,6.563017967197417,273500000
2018-10-10,6.08616304397583,6.51768648596442,6.083933396733663,6.471858470578361,684940000
2018-10-11,5.824573993682861,6.132486446434608,5.803022626150192,5.998966527687932,725436000
2018-10-12,6.1072187423706055,6.1815341744206895,5.9365418219564585,6.0817041884269445,608236000
2018-10-15,5.830766201019287,6.093841877748437,5.829775404254054,6.093841877748437,449760000
2018-10-16,6.089630603790283,6.1007778941832935,5.894181886550259,5.943477450852126,408712000
2018-10-17,6.021012306213379,6.18995565932942,5.971964327402189,6.151806916376552,329668000
2018-10-18,5.933567523956299,6.128768626757862,5.8731246795940075,6.090372778343487,524020000
2018-10-19,5.676933765411377,6.008379142817454,5.640519503858318,5.988809843673759,613608000
2018-10-22,5.7277140617370605,5.829278023231655,5.6249117227776715,5.729200492681068,368844000
2018-10-23,5.476034641265869,5.553570028440198,5.368277358531348,5.460428058934421,626436000
2018-10-24,4.93972635269165,5.484208490267582,4.925854256509186,5.4376377466599255,884288000
2018-10-25,5.148553848266602,5.1958678247719625,4.7977862387861006,4.842127824652497,951720000
2018-10-26,4.911983013153076,5.074237428443422,4.783913209754917,4.9124781752553695,664784000
2018-10-29,4.5981245040893555,5.056648777300864,4.360068280743901,5.053180753302508,758016000
2018-10-30,5.028657913208008,5.038566825915497,4.598125767202992,4.621163564013239,807192000
2018-10-31,5.222620964050293,5.266219331912255,5.053677583887058,5.193390331417964,745772000
2018-11-01,5.402958869934082,5.412372147931398,5.13245150865027,5.259034890748294,566528000
2018-11-02,5.3239359855651855,5.499319735375742,5.207261066713099,5.393544523752127,452960000
2018-11-05,5.245904922485352,5.3340924311547155,5.085136486548187,5.310806585803539,379332000
2018-11-06,5.228318214416504,5.32220293927977,5.191160265184493,5.237979073324328,299012000
2018-11-07,5.2959442138671875,5.38561768996558,5.231290125202608,5.294953417208855,483812000
2018-11-08,5.102725505828857,5.237483310061179,5.049218230342911,5.23674009439684,511352000
2018-11-09,5.094799041748047,5.185215754694909,4.980106151280689,5.01379560799038,413240000
2018-11-12,4.695230960845947,5.0254379659285044,4.673431541778045,5.003390965786616,617116000
2018-11-13,4.937251091003418,5.058632453412665,4.786886674682711,4.79307998221542,644712000
2018-11-14,4.884736061096191,5.12477402475307,4.77673161637415,5.1104062854499865,526580000
2018-11-15,5.013548374176025,5.085634168424886,4.8428709589547,4.8787900655195555,840708000
2018-11-16,4.07321310043335,4.227540677216528,4.003356497026468,4.0457164829706045,1963520000
2018-11-19,3.5844674110412598,4.00855893095702,3.5827333984617855,4.007816187694095,1697820000
2018-11-20,3.692967176437378,3.8212845699387716,3.3023173239744312,3.3208960625038757,1692032000
2018-11-21,3.584714651107788,3.847047105276453,3.5574658508452113,3.8302023795009617,1025496000
2018-11-23,3.5918991565704346,3.705601252947888,3.537153729008126,3.5500350338747295,411968000
2018-11-26,3.7913107872009277,3.8017148614039744,3.63054232668543,3.7130321771378147,814832000
2018-11-27,3.8081555366516113,3.8894067736078957,3.7293815277331235,3.7653003893153048,738060000
2018-11-28,3.9652085304260254,3.970410568051565,3.7932927627349775,3.9258214041280914,804524000
2018-11-29,3.9019775390625,4.004634946806656,3.8717258711832088,3.967440288691323,549172000
2018-11-30,4.052492618560791,4.063154933317636,3.8613113651870243,3.911648283689885,729564000
2018-12-03,4.216396808624268,4.3314527432317345,4.149446144789172,4.279875977577056,890804000
2018-12-04,3.895778179168701,4.176722377104821,3.880652110028721,4.171762963653447,812112000
2018-12-06,3.925037384033203,3.929996560157219,3.73955956202997,3.755181286065661,692308000
2018-12-07,3.6602118015289307,3.9394205311560087,3.6108669071348873,3.9292538739153047,681676000
2018-12-10,3.7655961513519287,3.7903927439248406,3.6116098269958217,3.6153293868251084,629472000
2018-12-11,3.674593210220337,3.8655261276226778,3.5954923186712424,3.85734328492718,671912000
2018-12-12,3.692199230194092,3.7884095424815465,3.5910295040009372,3.6802968260027074,654136000
2018-12-13,3.691950798034668,3.8032871697841752,3.655995996702689,3.739064279545623,471384000
2018-12-14,3.6314473152160645,3.734104709178062,3.607890575450741,3.6502924705504856,471820000
2018-12-17,3.56028151512146,3.6736014682603484,3.502257652505241,3.6014437970193094,662868000
2018-12-18,3.6435976028442383,3.727657671545278,3.57689500767142,3.604171071284031,564372000
2018-12-19,3.434563159942627,3.6634349372874007,3.3829863947406666,3.6098743593938836,745364000
2018-12-20,3.3500077724456787,3.5161443694181633,3.29024815384259,3.4261330800286744,749588000
2018-12-21,3.2128822803497314,3.4095185698211865,3.185358151669684,3.3765391338646937,863740000
2018-12-24,3.151139736175537,3.223049587459561,3.0871646639185157,3.1365097952062175,463840000
2018-12-26,3.3004138469696045,3.3014056349580083,3.0861720339381256,3.197260328885302,695100000
2018-12-27,3.252556800842285,3.2825606376258523,3.104025772041012,3.2480935178818586,637044000
2018-12-28,3.314051628112793,3.4067906592091934,3.2312314224185346,3.2731374192402085,628728000
2018-12-31,3.3103325366973877,3.389929082409964,3.2795847433459944,3.357445778265134,465140000
2019-01-02,3.377779722213745,3.4338197798270143,3.224785384705139,3.239415325899269,508752000
2019-01-03,3.173704147338867,3.351495063491351,3.1662652631651937,3.317523835911828,705552000
2019-01-04,3.377035617828369,3.4152220633267434,3.216106282869077,3.2468538441957744,585620000
2019-01-07,3.5558183193206787,3.5927651478264973,3.3829865806392716,3.4343155198740223,709160000
2019-01-08,3.467294692993164,3.639630536113456,3.394640890046276,3.63739865805279,786016000
2019-01-09,3.53548526763916,3.5828465816008856,3.468038706164781,3.518623449912166,617260000
2019-01-10,3.601196050643921,3.609874788805888,3.455640605384385,3.516144180178765,523156000
2019-01-11,3.6904633045196533,3.7132760871336066,3.5511069020027533,3.578878861805205,874764000
2019-01-14,3.7303855419158936,3.7556780316693534,3.6145858799559756,3.63814262220076,730168000
2019-01-15,3.7162513732910156,3.802543082772021,3.6979018753486015,3.76311655148842,617012000
2019-01-16,3.690711498260498,3.776507329462538,3.685256426461529,3.7435281239360836,470104000
2019-01-17,3.7621243000030518,3.80204672039798,3.6304548741533424,3.657731170692473,493436000
2019-01-18,3.891315221786499,3.9173516732109377,3.7603897146772316,3.811966486927036,651336000
2019-01-22,3.6889755725860596,3.872717696216375,3.6587239044189133,3.861063357283856,661552000
2019-01-23,3.701869487762451,3.833043043729244,3.6706260337428103,3.7442716222606327,591020000
2019-01-24,3.9138786792755127,3.931483977987201,3.781713369229924,3.7864247162940887,708972000
2019-01-25,3.971158981323242,3.9892604134118845,3.7517101549638396,3.854367546388609,1154572000
2019-01-28,3.4221653938293457,3.5121766816372504,3.2483420860381456,3.3859625210540276,2511528000
2019-01-29,3.2632195949554443,3.424396998340246,3.248589655128127,3.3760436590858713,1153932000
2019-01-30,3.4067909717559814,3.42117284424845,3.259747635072951,3.3393444189961543,974228000
2019-01-31,3.564497232437134,3.6002042092604825,3.381746893710284,3.4035678896795183,842852000
2019-02-01,3.5887975692749023,3.639878443900059,3.53548528949638,3.5830944325555603,625048000
2019-02-04,3.699141502380371,3.7363361535411936,3.582597899477129,3.604666719526475,528592000
2019-02-05,3.718235731124878,3.7549344982473727,3.677321509152325,3.7110446749970083,542424000
2019-02-06,3.7938644886016846,3.8583354443589557,3.74600728407035,3.7514623550728396,702464000
2019-02-07,3.6554996967315674,3.7497264189078314,3.612601907792327,3.747494777566621,637120000
2019-02-08,3.6740975379943848,3.6847598514853512,3.5739196070014203,3.588301480661377,461604000
2019-02-11,3.6314473152160645,3.684263694271687,3.583093982384313,3.6299593966636032,495180000
2019-02-12,3.7484865188598633,3.764108481009168,3.655499651139106,3.6698817600081273,591060000
2019-02-13,3.790889024734497,3.864038720162632,3.764356682162985,3.777994833117407,605372000
2019-02-14,3.8318030834198,3.8600711722964594,3.746750988006149,3.789897080627852,827264000
2019-02-15,3.9014811515808105,4.063402021139105,3.878668370913969,4.040589476950102,1516748000
2019-02-19,3.8841235637664795,3.9647123761538743,3.8717255032248925,3.890818724559441,551892000
2019-02-20,3.9314849376678467,3.9986834295587843,3.902225296755706,3.913383504128469,540988000
2019-02-21,3.862550735473633,3.9686796309901333,3.8479207966380438,3.944131338056296,448548000
2019-02-22,3.9473540782928467,3.966199468039599,3.9007367343743,3.914374882713841,401740000
2019-02-25,3.9349565505981445,4.098365341588388,3.9262775772704654,4.030919022939467,656020000
2019-02-26,3.895529270172119,3.9862844829660813,3.8620539460593157,3.9302444473792266,488464000
2019-02-27,3.853624105453491,3.9076803404277367,3.796592033230227,3.8811482352284252,500256000
2019-02-28,3.829050064086914,3.8697583606252812,3.806710413731775,3.8474184735485815,324944000
2019-03-01,3.883410930633545,3.925608209742704,3.8206110620456695,3.8789428107662443,357188000
2019-03-04,3.891601800918579,3.94472093484492,3.835007357804544,3.92188464290107,409992000
2019-03-05,3.8851478099823,3.9233736046391368,3.8216032260430954,3.8759634875826467,362924000
2019-03-06,3.77419376373291,3.884651842095021,3.771463416989917,3.8762124809250493,403524000
2019-03-07,3.704939603805542,3.76029291359263,3.6587706166466516,3.750612185877795,450104000
2019-03-08,3.7391951084136963,3.7498686490127056,3.5942341338284334,3.615581215026453,422416000
2019-03-11,3.999826431274414,4.022662489381917,3.7156137588335008,3.7627758007205285,859728000
2019-03-12,4.034080982208252,4.080497824426409,3.9514232486314342,4.027627004860837,579576000
2019-03-13,4.185494422912598,4.214784452798531,4.064114505153796,4.071561291435047,768900000
2019-03-14,4.109539031982422,4.206593444752591,4.1018441614684455,4.194678775992687,519384000
2019-03-15,4.215033054351807,4.25772673185729,4.14925429178952,4.152729364068374,661484000
2019-03-18,4.193685054779053,4.300419935187858,4.166628735047313,4.246555853291731,486992000
2019-03-19,4.361483097076416,4.4059147878849325,4.271379294460338,4.2882580154668,854972000
2019-03-20,4.328968048095703,4.443894040328178,4.294216836924079,4.390526565420646,719148000
2019-03-21,4.565769195556641,4.5920808009081115,4.347087205866525,4.352051731169548,824312000
2019-03-22,4.405915260314941,4.587116168662094,4.392014968545097,4.53846514746764,747644000
2019-03-25,4.3135762214660645,4.429494968417297,4.2473012939946,4.36520613460403,525212000
2019-03-26,4.390275955200195,4.511407298985344,4.333929607509946,4.455309508881071,703508000
2019-03-27,4.3810930252075195,4.462261069371949,4.311591567668887,4.415844227420007,474372000
2019-03-28,4.399710655212402,4.465488969072407,4.346591267447786,4.40715697092892,480264000
2019-03-29,4.457047939300537,4.481373920040012,4.41609179567099,4.4664803464991625,456896000
2019-04-01,4.524564743041992,4.5548475884213175,4.477154617603219,4.548890253033545,483824000
2019-04-02,4.5424370765686035,4.586868778868138,4.505700720884625,4.548642970713842,440920000
2019-04-03,4.681936740875244,4.741013458365087,4.587116481176807,4.5920810067023154,783504000
2019-04-04,4.673000812530518,4.7154464153904465,4.61020093978387,4.666546834881286,457376000
2019-04-05,4.739771842956543,4.75714768138921,4.6797027916276575,4.716191058105563,481744000
2019-04-08,4.760622024536133,4.785692257812176,4.685162767072555,4.709240190136148,424192000
2019-04-09,4.697823524475098,4.738283511381664,4.655626000832235,4.72711356472787,439972000
2019-04-10,4.768316268920898,4.794131227388076,4.692609403139238,4.697077285673346,444772000
2019-04-11,4.754415512084961,4.802322267771542,4.705019777995464,4.770798062061467,374600000
2019-04-12,4.716437816619873,4.797109672473371,4.707750136567103,4.793137958687939,471708000
2019-04-15,4.584634780883789,4.713709619723393,4.544919518693645,4.708745093588807,440092000
2019-04-16,4.671758651733398,4.690623466124073,4.591087258909269,4.623852363178733,394964000
2019-04-17,4.648922443389893,4.727608213195243,4.626582557265215,4.706757779063704,351004000
2019-04-18,4.62434720993042,4.68962931561913,4.596546638118217,4.655623326662129,380988000
2019-04-22,4.678214073181152,4.6938519041246245,4.569245425115408,4.600769171271635,279936000
2019-04-23,4.732820987701416,4.764097113438633,4.681687710760457,4.691368202169138,346856000
2019-04-24,4.745231628417969,4.785939682174755,4.682431775068251,4.743245534823774,318204000
2019-04-25,4.639491081237793,4.727361193530183,4.559812483309151,4.705021302374951,499296000
2019-04-26,4.420559883117676,4.49006180919831,4.301662214134944,4.485593452863211,868988000
2019-04-29,4.451340198516846,4.479140784756315,4.356271378376447,4.428503664503548,391920000
2019-04-30,4.492792129516602,4.51835853225463,4.399957505815495,4.419070405179102,362920000
2019-05-01,4.479637145996094,4.587364884366795,4.479388588317941,4.545167365707555,354280000
2019-05-02,4.547152042388916,4.588852910477067,4.44612638688267,4.4893167069577125,394684000
2019-05-03,4.542684078216553,4.565520132203939,4.481125113924645,4.555591557170364,336824000
2019-05-06,4.46424674987793,4.476409503820352,4.319037481721975,4.356270469588613,422176000
2019-05-07,4.296947479248047,4.415845182326345,4.248792617001199,4.415845182326345,555220000
2019-05-08,4.317051410675049,4.397226628713527,4.257478541617423,4.269393210117564,419168000
2019-05-09,4.224464416503906,4.257726156278676,4.105567249115717,4.248045666730961,660248000
2019-05-10,4.190460205078125,4.259217418042389,4.070817787523933,4.1936871941130525,569500000
2019-05-13,3.9330549240112305,4.081490952751725,3.9171687756356715,4.058406337911871,656912000
2019-05-14,4.0221662521362305,4.057413622475935,3.9340478262869696,3.972770032750843,524880000
2019-05-15,3.9611027240753174,3.9975909779423042,3.9072388745025393,3.966563415915227,502320000
2019-05-16,3.976243734359741,4.0189378775497415,3.9131960397180605,3.955641625331104,781088000
2019-05-17,3.8853964805603027,4.063618948811245,3.8459295489004566,3.9342960569413328,1022068000
2019-05-20,3.7667477130889893,3.8417103468605154,3.741925558000049,3.7866053424714954,572064000
2019-05-21,3.848907947540283,3.8647940957895615,3.788838664001628,3.827561105973948,361848000
2019-05-22,3.77791690826416,3.836248653390375,3.7669950485696075,3.8101856087770347,325868000
2019-05-23,3.656785011291504,3.715613156926222,3.596963818757893,3.715613156926222,591844000
2019-05-24,3.6029212474823,3.710897050542356,3.5962191868060973,3.6756496843878907,357584000
2019-05-28,3.5577452182769775,3.653310187637295,3.5557593610655602,3.6205450823390795,428356000
2019-05-29,3.483527421951294,3.5450859198163482,3.4487764584867997,3.5100868721445884,559800000
2019-05-30,3.456937074661255,3.522542075034952,3.418667412112686,3.4867575078318684,394300000
2019-05-31,3.3662333488464355,3.475326581412995,3.364493829317758,3.407982054526461,389720000
2019-06-03,3.3244853019714355,3.4161831138941463,3.2951618336292787,3.3774164706290786,478644000
2019-06-04,3.553605556488037,3.558824115253672,3.3664820690651194,3.388598851975445,641836000
2019-06-05,3.5108633041381836,3.6328787675267464,3.4745817560377006,3.627411603774689,511616000
2019-06-06,3.5729892253875732,3.5975911063969224,3.5126027686380983,3.515087864576447,408140000
2019-06-07,3.615731716156006,3.6500251379808932,3.5598182450382985,3.5789531985054914,348856000
2019-06-10,3.6885435581207275,3.7571306414737142,3.671893699820949,3.671893699820949,402780000
2019-06-11,3.7461965084075928,3.7862057016855193,3.706684523933649,3.7484330000582986,383872000
2019-06-12,3.633127450942993,3.708921225905649,3.6179687433488255,3.702708485421602,358892000
2019-06-13,3.6843185424804688,3.70270768154049,3.6375996447523056,3.6552434447095123,308080000
2019-06-14,3.594359874725342,3.615482712929414,3.5496293397574727,3.5911294401018217,394428000
2019-06-17,3.6040523052215576,3.641079429871727,3.569758643977954,3.5926210058097565,276040000
2019-06-18,3.7991271018981934,3.8545433574346917,3.654497907936227,3.665431996434326,581920000
2019-06-19,3.805091142654419,3.845845665409797,3.7789981143238776,3.834414605487586,331644000
2019-06-20,3.8294451236724854,3.909711873308816,3.815031993929556,3.895795715351258,350168000
2019-06-21,3.771294355392456,3.8637379605367355,3.7648332495756986,3.814534209391829,434428000
2019-06-24,3.7936599254608154,3.8232319932579597,3.745450115316913,3.7926659820532356,282948000
2019-06-25,3.764336585998535,3.873678422153312,3.7616031230417817,3.7986302415988527,311868000
2019-06-26,3.957672119140625,4.018804373627385,3.8788965411165424,3.891818752343268,584072000
2019-06-27,4.056328296661377,4.07546300952276,4.007372913508341,4.043406085198907,445440000
2019-06-28,4.081179618835449,4.109509142965526,4.034460954052617,4.1003143356473615,397668000
2019-07-01,4.12938928604126,4.322725282211536,4.091864955955138,4.288431624036629,709756000
2019-07-02,4.031478404998779,4.133862168283507,4.01830782427504,4.11273909166662,400228000
2019-07-03,4.044400691986084,4.060553577459751,3.9845114482214714,4.0548378098043925,246636000
2019-07-05,3.9817779064178467,3.990475504427953,3.918409150648736,3.98600252173469,396552000
2019-07-08,3.906728982925415,3.941022635804169,3.876660181812124,3.9221362899864056,329788000
2019-07-09,3.9092142581939697,3.9372951738764623,3.851809879074145,3.864483486986716,342860000
2019-07-10,3.977553606033325,4.034957757445139,3.938786962983033,3.952703120901049,452076000
2019-07-11,4.132121562957764,4.172876079271776,4.013336578327607,4.050612056346319,682560000
2019-07-12,4.1651740074157715,4.2362464261127695,4.159955447992416,4.159955447992416,506392000
2019-07-15,4.156724452972412,4.202449173219055,4.128395403436278,4.186296761391783,289840000
2019-07-16,4.152002811431885,4.179089548151667,4.096337711827216,4.141814061497007,341444000
2019-07-17,4.217360496520996,4.224318576446546,4.1244198872484095,4.153743359501412,348204000
2019-07-18,4.229038238525391,4.291909774159534,4.171136893419797,4.227795927884981,442192000
2019-07-19,4.1857991218566895,4.2737695139511755,4.179834987309309,4.267308644681894,344896000
2019-07-22,4.257368087768555,4.27029029976045,4.199715105498288,4.207170391872514,315940000
2019-07-23,4.365218639373779,4.367206526089207,4.280975659526411,4.296631807856715,428176000
2019-07-24,4.439772129058838,4.445487899094494,4.3324186016588975,4.408460762564481,366236000
2019-07-25,4.308559894561768,4.410943651090939,4.285200565127873,4.398269805957061,392700000
2019-07-26,4.350557804107666,4.397276469423345,4.335647702705201,4.335647702705201,274160000
2019-07-29,4.344344615936279,4.360497499730886,4.2561258584134745,4.343350672530743,248160000
2019-07-30,4.359999656677246,4.37217629109456,4.283460337784983,4.2978737000269485,197772000
2019-07-31,4.192756652832031,4.329434046901546,4.150510981789956,4.328439629620456,359416000
2019-08-01,4.098325729370117,4.293649585384976,4.046139673238952,4.203194102345515,421212000
2019-08-02,4.0056328773498535,4.074965749088801,3.9581688893228186,4.0056328773498535,428348000
2019-08-05,3.747189521789551,3.82323163617756,3.700222263787625,3.8219890885382597,589156000
2019-08-06,3.785957098007202,3.867466400015171,3.7382444861436817,3.8219902798027836,361272000
2019-08-07,3.8242266178131104,3.8361548887956665,3.707678319308316,3.725073516998048,372560000
2019-08-08,3.9328227043151855,3.93406525223203,3.8244750380792505,3.8818794246834787,309300000
2019-08-09,3.831432819366455,3.8952983079850005,3.7809865154195337,3.8918192688846447,341816000
2019-08-12,3.7635915279388428,3.8314330311372755,3.7417231116766367,3.7792472047557633,279200000
2019-08-13,3.8779025077819824,3.923875824809681,3.7230848085127106,3.7620998110077326,351956000
2019-08-14,3.7292983531951904,3.8008675093380817,3.6855617519931156,3.789684813878767,419880000
2019-08-15,3.6969923973083496,3.7680645736022633,3.6626989755670682,3.7481842810292747,477200000
2019-08-16,3.965128183364868,4.014331705626981,3.8985289905117946,3.9599096243826475,1007960000
2019-08-19,4.243948936462402,4.2598534536068735,4.0622928549935535,4.078445739504549,815112000
2019-08-20,4.171633720397949,4.238978231752971,4.150510649575913,4.238481023152223,463188000
2019-08-21,4.25513219833374,4.3103000960193425,4.216117187317563,4.23773700068217,427244000
2019-08-22,4.261345863342285,4.307318960843095,4.222082004602251,4.264824903434415,303488000
2019-08-23,4.036696910858154,4.2392277064288795,4.016816619353168,4.184805390659598,568056000
2019-08-26,4.1114959716796875,4.139577121189208,4.07322654790724,4.115472218843759,318208000
2019-08-27,4.0207929611206055,4.152499717672254,3.991469494917374,4.149766254548825,290968000
2019-08-28,4.010345935821533,4.063080889532141,3.95512342610678,3.9944261467383586,255612000
2019-08-29,4.154122352600098,4.186459621755093,4.098402159122807,4.101884641561846,357976000
2019-08-30,4.166808605194092,4.250140051749213,4.148649877511405,4.200389891914572,290616000
2019-09-03,4.08372688293457,4.127009310490012,4.06084212847083,4.093925719480421,296140000
2019-09-04,4.197902679443359,4.205365346364056,4.144421419310178,4.144421419310178,227728000
2019-09-05,4.471031188964844,4.477249841928727,4.298398687795488,4.300139929603487,695676000
2019-09-06,4.443917274475098,4.504612126048834,4.405858566989217,4.4476483714591035,376976000
2019-09-09,4.489934921264648,4.57650024338145,4.473517433795505,4.475010062052532,417524000
2019-09-10,4.556600570678711,4.583216421102719,4.4473991021568215,4.457100237555939,352812000
2019-09-11,4.585206985473633,4.633464526154595,4.542173169848685,4.5712770519909265,361512000
2019-09-12,4.583713531494141,4.68644724687905,4.575753638716605,4.631722450274215,327840000
2019-09-13,4.525755405426025,4.55411297162938,4.481975278246142,4.5170491975284275,324592000
2019-09-16,4.482721328735352,4.517297545052768,4.440185219158737,4.450632668021319,231832000
2019-09-17,4.504114151000977,4.508342948291427,4.442921608587003,4.489437904329208,223048000
2019-09-18,4.4770002365112305,4.512820470521884,4.390435382664613,4.497149296062006,258152000
2019-09-19,4.40138053894043,4.5013780992836665,4.39068400159089,4.482970281315716,245476000
2019-09-20,4.295661449432373,4.424016573367991,4.285463087720507,4.400385505594887,350244000
2019-09-23,4.349143028259277,4.394664400006313,4.292179278874811,4.295910849970652,249712000
2019-09-24,4.291682720184326,4.410087648240252,4.256111566554004,4.380486534839483,317268000
2019-09-25,4.433467864990234,4.4531192177009835,4.246407806164493,4.291182848005648,308432000
2019-09-26,4.4113287925720215,4.43247277240891,4.360335102257,4.423766567315071,234564000
2019-09-27,4.272528171539307,4.420285569025481,4.211832854215459,4.369540474836044,362056000
2019-09-30,4.329988956451416,4.340187792385558,4.267055173771648,4.298397995722028,186184000
2019-10-01,4.3282470703125,4.502372146050008,4.323521047349624,4.353122148911096,366008000
2019-10-02,4.304368019104004,4.318297951275508,4.231981714896169,4.306357873856296,293372000
2019-10-03,4.51008415222168,4.516302804260659,4.2784980772960255,4.308845497786547,450588000
2019-10-04,4.5265021324157715,4.555854628705423,4.447150852238427,4.512323110794586,265524000
2019-10-07,4.585206985473633,4.684955462499203,4.5827194295727525,4.5914256379994445,480984000
2019-10-08,4.408594608306885,4.493418230078482,4.3904358760180395,4.493418230078482,444436000
2019-10-09,4.4951581954956055,4.544659740623158,4.45660227352151,4.48545706170199,292412000
2019-10-10,4.552868366241455,4.603862066367149,4.487696122078728,4.492919846140023,309124000
2019-10-11,4.626499652862549,4.70983064218771,4.61804205751928,4.636947103185603,446404000
2019-10-14,4.639930248260498,4.660825141532965,4.586697613487923,4.61779134022508,200040000
2019-10-15,4.884701728820801,4.9573371308885275,4.71629802965673,4.730228438232631,664124000
2019-10-16,4.830970287322998,4.955594288842596,4.819527912910151,4.850621641380539,428944000
2019-10-17,4.8329620361328125,4.9205218228371015,4.778485367554893,4.87549815151355,263436000
2019-10-18,4.738437175750732,4.8660460062463144,4.66406100276535,4.833459637655826,307440000
2019-10-21,4.87574577331543,4.889178477784607,4.780971951312887,4.799876993071817,261868000
2019-10-22,4.865795135498047,5.037929859940702,4.858083857390495,4.932708609031692,328720000
2019-10-23,4.852861404418945,4.867039949627882,4.7518689231005276,4.783708970966495,279916000
2019-10-24,4.896890163421631,4.930470978474188,4.860075004134802,4.894153520097107,232020000
2019-10-25,5.087930202484131,5.1088251014705985,4.969773913680927,4.977485194181088,423092000
2019-10-28,5.143899440765381,5.1963853057561336,5.102357778187682,5.131710274242045,330792000
2019-10-29,5.047632217407227,5.136436006553304,5.028229948074158,5.129968267140471,211236000
2019-10-30,5.049622535705566,5.080219045208822,4.981465024654051,5.074497619391619,205960000
2019-10-31,5.000369071960449,5.049621528565338,4.920520586407401,5.028726633239506,209732000
2019-11-01,5.039422512054443,5.0717597780671095,4.93992221011756,4.965045898765369,283640000
2019-11-04,5.236185550689697,5.248623331181981,5.097383431346628,5.120516801601931,376716000
2019-11-05,5.214047431945801,5.26205589171575,5.166038497723008,5.2359372627383545,300868000
2019-11-06,5.164793968200684,5.215538587799784,5.0772337128851825,5.189917664758374,269012000
2019-11-07,5.182455062866211,5.266035135103547,5.1376800072228965,5.251358887951694,280340000
2019-11-08,5.168524265289307,5.200115696871531,5.127978013857523,5.165539483490346,189100000
2019-11-11,5.1784749031066895,5.20160826865297,5.081462132826022,5.167778366615428,243436000
2019-11-12,5.214047431945801,5.270016261506536,5.181709675109445,5.216783601488265,283504000
2019-11-13,5.188177585601807,5.210316030406417,5.121761302282263,5.182704771885402,300188000
2019-11-14,5.218523979187012,5.22076292177979,5.13718284844087,5.197131378516157,518080000
2019-11-15,5.079222679138184,5.2680235097441805,4.990916133341946,5.216283502156879,1053628000
2019-11-18,5.28046178817749,5.307077634031342,5.068775715077434,5.071760496821286,574588000
2019-11-19,5.173748016357422,5.272999247095697,5.1155407381252616,5.249368182425701,414564000
2019-11-20,5.25309944152832,5.336928116030888,5.13817703517415,5.150863425798844,472588000
2019-11-21,5.228224277496338,5.3043416711211115,5.206583067043269,5.248621947454428,288388000
2019-11-22,5.24588680267334,5.2973777395825765,5.222255258582235,5.250861440076874,224100000
2019-11-25,5.502594947814941,5.507570058180748,5.361056236740434,5.373991239019946,506476000
2019-11-26,5.3978729248046875,5.489661507238496,5.391405184598664,5.4849350087105915,385244000
2019-11-27,5.432722091674805,5.477778973963019,5.406335403339309,5.443426519798096,215784000
2019-11-29,5.395381450653076,5.430231968206679,5.37148368158621,5.40185396094314,141556000
2019-12-02,5.208930492401123,5.401854230847821,5.193745826766644,5.3884116163753735,372036000
2019-12-03,5.169352054595947,5.1733347009969775,4.987879552169612,5.025219473595006,465232000
2019-12-04,5.213162422180176,5.275395763822829,5.184535142000881,5.2529917228472565,273424000
2019-12-05,5.196237087249756,5.25075347982264,5.165617998734439,5.235070740496549,184884000
2019-12-06,5.281619548797607,5.314479223786324,5.255481656559411,5.265439220156495,232236000
2019-12-09,5.281619548797607,5.3363851989760365,5.250005281462674,5.2587179122087395,211880000
2019-12-10,5.326676845550537,5.378455036133057,5.258966648356525,5.311740500326746,256388000
2019-12-11,5.410318374633789,5.415795224748547,5.334642882493308,5.33713227349042,233796000
2019-12-12,5.577850818634033,5.596022946179587,5.3724810401434215,5.381442468181327,404348000
2019-12-13,5.575859546661377,5.700077456204017,5.521840756864818,5.580838328862524,454704000
2019-12-16,5.604735851287842,5.677175568341097,5.595276354651247,5.6234060478819385,320976000
2019-12-17,5.682901859283447,5.705554704520219,5.61394718713828,5.623406684846354,321196000
2019-12-18,5.713270664215088,5.773761489575081,5.70928754358947,5.717751378167163,343548000
2019-12-19,5.861386299133301,5.874828916776241,5.742894030781023,5.747872813226766,445360000
2019-12-20,5.958718776702881,5.9841098046043175,5.908683110859449,5.927850898812793,603044000
2019-12-23,5.9450273513793945,6.019458383551702,5.934323397683394,5.987346047660927,355060000
2019-12-24,5.9400482177734375,5.9572246818426855,5.895240133210659,5.929593061349155,138864000
2019-12-26,5.954239368438721,5.982368590100614,5.92461594212201,5.943534937570322,182852000
2019-12-27,5.896485328674316,5.982865246144272,5.870098164997517,5.969422630255517,254644000
2019-12-30,5.783221244812012,5.879807532386408,5.751855770938896,5.874579953407556,258056000
2019-12-31,5.8574042320251465,5.866863729686001,5.728705589378045,5.747873381405786,231004000
2020-01-02,5.972161293029785,5.972161293029785,5.892751948637045,5.943285210959953,237536000
2020-01-03,5.876571178436279,5.9203836073401535,5.827531170640705,5.852424606945243,205384000
2020-01-06,5.901214122772217,5.906441700582744,5.757082063251852,5.783219952304488,262636000
2020-01-07,5.972660541534424,6.018464302188785,5.884538073488439,5.929594969186085,314856000
2020-01-08,5.983861923217773,6.025184964493922,5.928349873697572,5.9684279819120185,277108000
2020-01-09,6.049580097198486,6.122019814933287,5.995810576233439,6.070241617025367,255112000
2020-01-10,6.0819411277771,6.187240048138393,6.067752120336746,6.156870235432352,316296000
2020-01-13,6.272624492645264,6.2977667270316795,6.142432131580578,6.165085449519322,319840000
2020-01-14,6.155625343322754,6.255198609471692,6.142431523520895,6.229807106111832,359088000
2020-01-15,6.113056182861328,6.190723457759703,6.087167091228536,6.168319417892761,263104000
2020-01-16,6.196699619293213,6.202674063235496,6.1431788952956,6.166578602901696,284192000
2020-01-17,6.205410957336426,6.223334285426374,6.1578646871941904,6.21586611335488,253792000
2020-01-21,6.172054290771484,6.205660353564941,6.137950159908821,6.168818035328483,217916000
2020-01-22,6.226072788238525,6.3127014995255815,6.19844116741737,6.217360157781652,239240000
2020-01-23,6.294530868530273,6.302994704356055,6.177283524483221,6.266152851048206,244516000
2020-01-24,6.235283374786377,6.45982138950539,6.1810157954848854,6.410034523672277,373512000
2020-01-27,5.979380130767822,6.0304114566319615,5.780979998993827,5.930588924326334,470536000
2020-01-28,6.172801971435547,6.205163105735064,5.992075883242663,6.045347807566463,310976000
2020-01-29,6.112310409545898,6.194458405742976,6.072480632029588,6.158362951782948,258848000
2020-01-30,6.119030952453613,6.132473567013903,5.9594649525225805,6.014478919082946,290504000
2020-01-31,5.885531902313232,6.085176487397155,5.843711276184004,6.0732276014165905,370420000
2020-02-03,5.9826154708862305,6.002032051990839,5.861135778868884,5.867359017694582,255564000
2020-02-04,6.15189266204834,6.171060930417583,6.074474622802095,6.124510303297687,271544000
2020-02-05,6.24225378036499,6.283078746429392,6.158860847289228,6.2728723862126,208220000
2020-02-06,6.329131603240967,6.329131603240967,6.195454676838319,6.276607019674868,218284000
2020-02-07,6.262916088104248,6.311209232941691,6.237524582680928,6.289053983566939,189752000
2020-02-10,6.546201705932617,6.546948095887716,6.280589439315649,6.285568221166267,529608000
2020-02-11,6.668675422668457,6.783433807511219,6.592501878118488,6.654486419194517,638556000
2020-02-12,6.784430980682373,6.790903492342867,6.682617118783426,6.721450764338016,374644000
2020-02-13,6.740617752075195,6.807829877717918,6.69904592375907,6.726428747125231,528016000
2020-02-14,7.213840484619141,7.342787888860641,7.119494805209288,7.150860274532229,1041924000
2020-02-18,7.3826189041137695,7.401040305279724,7.091117964549169,7.110534552499078,620164000
2020-02-19,7.833934307098389,7.8516088414469225,7.505093482457831,7.505093482457831,694332000
2020-02-20,7.684575080871582,7.874262135253368,7.377142147371069,7.785890882845658,810052000
2020-02-21,7.320385456085205,7.597448587097608,7.235499253096412,7.572306351822997,768180000
2020-02-24,6.802851676940918,7.016685754399447,6.67141487324795,6.725931253197748,856916000
2020-02-25,6.523300647735596,6.940015164910747,6.421486774021762,6.878030602828271,1055496000
2020-02-26,6.6627020835876465,6.856870300237141,6.522055058994251,6.523548313689535,747732000
2020-02-27,6.291818618774414,6.650497244630858,6.19940901819961,6.349107430692061,906416000
2020-02-28,6.726965427398682,6.786496174779631,6.022560928685381,6.0392493015615685,1133252000
2020-03-02,6.88538122177124,6.914275046844377,6.501047454919887,6.897088309104797,890744000
2020-03-03,6.622848987579346,7.00095580518992,6.537413662019829,6.941176114370048,652792000
2020-03-04,7.086641311645508,7.096106466640253,6.655479581012749,6.730204563879715,597408000
2020-03-05,6.807170391082764,7.0540107600488415,6.762584445911422,6.887125597678066,540328000
2020-03-06,6.626586437225342,6.685120937749185,6.426324027829726,6.627582694348243,515412000
2020-03-09,6.113476276397705,6.461195152889279,5.932642563987071,5.975484465987302,614160000
2020-03-10,6.5030412673950195,6.5030412673950195,6.127176321625689,6.389957774445975,580648000
2020-03-11,6.139131546020508,6.391452048128108,6.041989596972966,6.363056584922278,499964000
2020-03-12,5.387900352478027,5.8813322287768575,5.375197004612166,5.615810451892924,816540000
2020-03-13,5.998899459838867,6.003382854897509,5.47009781162902,5.7413482010892425,634836000
2020-03-16,4.891977787017822,5.631752759045232,4.832198072879021,5.29075863525152,726972000
2020-03-17,5.411811351776123,5.501232192910252,4.75747237516683,5.004312758798848,833632000
2020-03-18,5.0518879890441895,5.229234591039267,4.500419980703203,4.984137751230702,874268000
2020-03-19,5.304707050323486,5.398361877485696,4.817003761398658,5.0304669485603615,765512000
2020-03-20,5.124869346618652,5.73686436466875,5.109426173092745,5.454903162780322,804636000
2020-03-23,5.297731876373291,5.392134482741824,4.944782258783055,5.1238724206528605,643876000
2020-03-24,6.206632614135742,6.293313623833912,5.680321968852702,5.703984616493665,1101644000
2020-03-25,6.117960453033447,6.521473574456753,6.069140052548156,6.321709528022261,793432000
2020-03-26,6.407393455505371,6.531436242149124,6.227057634565984,6.325195838645777,696108000
2020-03-27,6.29505729675293,6.55385370240851,6.1941787918144025,6.227057648597609,638828000
2020-03-30,6.615377902984619,6.624594113037859,6.3164789035436195,6.360566489333126,602252000
2020-03-31,6.565810680389404,6.859727919660764,6.420097263424222,6.655480000358037,949960000
2020-04-01,6.054444789886475,6.5142509984618115,6.009859309230485,6.367790732687637,656912000
2020-04-02,6.363305568695068,6.376506804819798,6.03551327444498,6.083585879611175,675764000
2020-04-03,6.075366497039795,6.367290694702099,5.937873057587825,6.325693996679395,663212000
2020-04-06,6.685368537902832,6.722232894552762,6.300038024268132,6.357576256090151,727884000
2020-04-07,6.4519782066345215,6.930714564649222,6.408886888992002,6.907051444220359,784520000
2020-04-08,6.649251937866211,6.674160262941182,6.491084619989947,6.561076780658091,542444000
2020-04-09,6.549619674682617,6.797954685055107,6.486601782617421,6.775039347078759,525564000
2020-04-13,6.7214860916137695,6.730203934202917,6.401415370592808,6.489839474046614,398408000
2020-04-14,7.072692394256592,7.106816454510555,6.822115458062838,6.849763610018782,530948000
2020-04-15,6.995226860046387,7.078171307263126,6.859228049104564,6.904560827722919,366148000
2020-04-16,7.340455532073975,7.447561001787736,7.137453790728576,7.150655027784946,745620000
2020-04-17,7.2811737060546875,7.44407335910978,7.147167405269901,7.422652171604382,539120000
2020-04-20,7.149907112121582,7.310565303117694,7.105570589945106,7.154639926475193,449388000
2020-04-21,6.713016510009766,7.09311583340015,6.653236820456707,7.031841996046152,735160000
2020-04-22,7.127490043640137,7.170332420198244,6.859726852955732,6.905308579945586,483356000
2020-04-23,7.074187278747559,7.301599480880348,7.049030004313887,7.169586145253791,424160000
2020-04-24,7.213174343109131,7.215166857112754,6.989249310229326,7.063974286406707,352328000
2020-04-27,7.39973783493042,7.559648738679857,7.323020337393743,7.347679719671789,479388000
2020-04-28,7.257261753082275,7.577083522460443,7.251782102156666,7.5471934376689775,442904000
2020-04-29,7.434110164642334,7.486915583304891,7.316792239294091,7.392015101973341,379160000
2020-04-30,7.280177116394043,7.43410997466194,7.266228569377762,7.3800588798870965,375916000
2020-05-01,7.043549537658691,7.1959877898838185,6.995227508667212,7.0826553577426115,342096000
2020-05-04,7.255518913269043,7.269218517045699,6.996224123851713,6.996224123851713,317556000
2020-05-05,7.316544055938721,7.479194777190455,7.255518679739671,7.359635380039009,368896000
2020-05-06,7.417422294616699,7.5222863093734365,7.35814096046782,7.3960015798057945,323464000
2020-05-07,7.5937724113464355,7.65703924710628,7.505348303593929,7.556659104625478,373732000
2020-05-08,7.783821105957031,7.79004806782445,7.6316318204905835,7.665506930129137,339216000
2020-05-11,8.035894393920898,8.08272180357761,7.750196645774987,7.778841056732437,469060000
2020-05-12,7.773858070373535,8.1424997468575,7.764143971249282,8.093679830683575,493060000
2020-05-13,7.75144100189209,8.048844839116034,7.56687074546384,7.888436070085844,625852000
2020-05-14,8.001021385192871,8.00650103570767,7.659280087559185,7.812963998295279,602312000
2020-05-15,8.45958423614502,8.469297862570011,7.845097834062124,7.8607899538321275,987660000
2020-05-18,8.71812915802002,8.883769110100179,8.648635365841923,8.728341623199956,774460000
2020-05-19,8.773175239562988,9.054139613482196,8.73058181657847,8.757981016729753,717320000
2020-05-20,8.937074661254883,9.00980665921957,8.856122710393995,8.957997486682501,587536000
2020-05-21,8.743041038513184,9.019272736133635,8.705429355953829,9.01827695391551,761068000
2020-05-22,8.993118286132812,9.059623799213172,8.681267452263336,8.792855860477836,1038764000
2020-05-26,8.685748100280762,9.148045528175322,8.640166375836815,9.123136729161354,770780000
2020-05-27,8.4939546585083,8.6010591571193,7.96739420119552,8.5933380478698,1175892000
2020-05-28,8.455848693847656,8.72834429518834,8.348493303860463,8.381372168840123,734896000
2020-05-29,8.84291934967041,8.84291934967041,8.453852737073744,8.523097584570365,745256000
2020-06-01,8.77392292022705,8.80829639643949,8.657601731278495,8.800824232105825,389876000
2020-06-02,8.792853355407715,8.804809388620695,8.6262176271479,8.763960479468725,391320000
2020-06-03,8.737306594848633,8.833701680182058,8.668061762529671,8.789863532798831,365440000
2020-06-04,8.73830795288086,8.914488767786045,8.649593471696994,8.699930983185242,424280000
2020-06-05,8.891314506530762,8.968066549848242,8.679996377655495,8.766218372118983,481748000
2020-06-08,8.776680946350098,8.861157590804982,8.65781419131924,8.848697984444055,387736000
2020-06-09,9.016904830932617,9.080450057640956,8.723103574585048,8.771696703654069,468488000
2020-06-10,9.336625099182129,9.469446785903406,9.124060778733396,9.138265701793136,632180000
2020-06-11,8.767958641052246,9.231462246004961,8.757741517244533,9.120570139504677,583652000
2020-06-12,8.903773307800293,9.157704292510665,8.67526061265537,9.133034130918888,570908000
2020-06-15,9.144245147705078,9.15271790871858,8.715627817080607,8.786898633217294,400004000
2020-06-16,9.03933334350586,9.23694649746912,8.810322587730733,9.195330819969957,535716000
2020-06-17,9.20629596710205,9.269093077702948,9.041078537240452,9.084439533349283,408304000
2020-06-18,9.188352584838867,9.25264498918956,9.085185106546142,9.1973234632541,254408000
2020-06-19,9.231466293334961,9.414625523876616,9.197576189076825,9.212777351938788,524160000
2020-06-22,9.496111869812012,9.500597785794735,9.243427133420527,9.270091668982165,398468000
2020-06-23,9.419610023498535,9.611491086367392,9.377247153432558,9.520285055300157,375108000
2020-06-24,9.205798149108887,9.525765883557868,9.11509025800938,9.445773236990211,449372000
2020-06-25,9.459477424621582,9.47442952287716,9.152717480888574,9.325659519889186,376072000
2020-06-26,9.125556945800781,9.469447680362943,9.095653692980196,9.469447680362943,592084000
2020-06-29,9.170412063598633,9.174897979179185,8.87137669129066,9.140259752452296,342248000
2020-06-30,9.467203140258789,9.4956110816732,9.236697088258037,9.284043974151075,367892000
2020-07-01,9.499350547790527,9.544954028394578,9.382727201096621,9.490130608274994,326648000
2020-07-02,9.58133602142334,9.706183063471682,9.547444974602962,9.607999601931159,364056000
2020-07-06,9.807605743408203,9.876882195050138,9.681263389843593,9.710419463836537,315892000
2020-07-07,9.840001106262207,10.03761332716337,9.819068736124418,9.914261588677919,357800000
2020-07-08,10.183143615722656,10.192115446243932,9.933449530178866,9.961608415928094,365480000
2020-07-09,10.475201606750488,10.536005294070955,10.200587351568608,10.346865834460065,494548000
2020-07-10,10.44554615020752,10.620979734184157,10.3453692760623,10.554693903262878,497676000
2020-07-13,10.01992130279541,10.75754119269287,9.992758651355837,10.560926145450688,457076000
2020-07-14,10.343626976013184,10.369294322604768,9.754028984141096,10.042598175407388,542676000
2020-07-15,10.19435977935791,10.399447611037697,10.02341110936566,10.380758670576666,403984000
2020-07-16,10.102156639099121,10.173924635784381,9.863675893315522,9.982791736655608,344964000
2020-07-17,10.168692588806152,10.215541371466017,10.055308895610622,10.192615573697863,266284000
2020-07-20,10.476948738098145,10.497382995525944,10.124087060568858,10.241209501449223,284852000
2020-07-21,10.295282363891602,10.526038461641557,10.253666681461006,10.479188735913805,277036000
2020-07-22,10.405177116394043,10.568400158790519,10.258400527525158,10.334156308955176,367292000
2020-07-23,10.097169876098633,10.513077553050856,9.998986431271197,10.416389413047098,411660000
2020-07-24,10.161713600158691,10.33141600100073,9.745556771564546,9.843241169450092,473292000
2020-07-27,10.387985229492188,10.4081694753929,10.184889869995407,10.199343854779485,292132000
2020-07-28,10.182646751403809,10.348611377375835,10.176417421816467,10.34088674251749,271636000
2020-07-29,10.431842803955078,10.482429371286324,10.3137241436091,10.357333253377416,284508000
2020-07-30,10.579864501953125,10.58883538202943,10.26213925755088,10.341632833422555,308880000
2020-07-31,10.580610275268555,10.731872772894086,10.399444531154126,10.529275592466844,386080000
2020-08-03,10.974841117858887,11.06305652459791,10.680789762062144,10.697984346886285,412720000
2020-08-04,11.191640853881836,11.191640853881836,10.870925928789,11.01446287126139,310336000
2020-08-05,11.250452041625977,11.335178722582281,11.130339953317211,11.207840117330324,249924000
2020-08-06,11.299043655395508,11.321471331155298,11.142798052946382,11.313247628235027,244316000
2020-08-07,11.163481712341309,11.467750174407499,11.002003012203462,11.276118212824818,342516000
2020-08-10,11.1290922164917,11.371559793938696,10.821584094052726,11.297798378444579,427796000
2020-08-11,10.815104484558105,11.100932076184446,10.761028249179992,11.038134020681973,354512000
2020-08-12,11.403456687927246,11.43012026772217,10.923006528617766,10.955402269493776,464412000
2020-08-13,11.406197547912598,11.684051467097131,11.319228399501068,11.508865973672156,374460000
2020-08-14,11.526809692382812,11.667106964479247,11.403707004210982,11.49291864273222,366436000
2020-08-17,12.297323226928711,12.369839349029562,11.779245137203514,11.813135235638537,621300000
2020-08-18,12.221317291259766,12.455811161264746,12.047378997783936,12.409958625490619,503448000
2020-08-19,12.099461555480957,12.275393282226384,12.059091168815021,12.25695340371678,622624000
2020-08-20,12.101954460144043,12.335202123816478,11.840547906754143,11.936488900057252,921388000
2020-08-21,12.642709732055664,12.767556787011529,12.156029230192898,12.162508569332642,999868000
2020-08-24,12.679342269897461,12.870974251879845,12.467276032649693,12.842316292562508,490564000
2020-08-25,12.70899486541748,12.720208228124914,12.533311244809951,12.590128087439712,289076000
2020-08-26,12.73192024230957,12.827113095086357,12.636976448614934,12.758085705043182,321244000
2020-08-27,12.58763599395752,12.808673075097298,12.526084179489208,12.740392863056682,317604000
2020-08-28,13.105464935302734,13.105713994381041,12.60183991135932,12.634235653075363,537160000
2020-08-31,13.331485748291016,13.531340444411214,12.995818759589534,13.140351922143596,500840000
2020-09-01,13.780672073364258,13.952917530269286,13.397293496321756,13.44066651527279,511316000
2020-09-02,14.304638862609863,14.683779311477837,13.859440925316628,14.660845707915952,874012000
2020-09-03,12.977522850036621,13.843986724990549,12.841171644805272,13.788399501378418,945128000
2020-09-04,12.585671424865723,13.136559153164002,11.670598810155463,12.74645010480063,1463684000
2020-09-08,11.878241539001465,12.513383047384341,11.670100837220135,11.700262173598233,795728000
2020-09-09,12.677900314331055,12.77187503774411,12.196059725414154,12.363818889099557,736200000
2020-09-10,12.275826454162598,13.027127831819767,12.131498220967947,12.95134937614157,698684000
2020-09-11,12.129006385803223,12.615582404816298,11.861040360382365,12.449069863720515,636928000
2020-09-14,12.834692001342773,13.276150158616813,12.594395947450007,13.0428336502654,1201744000
2020-09-15,12.953094482421875,13.259946265342307,12.790320850646383,13.241250784711756,727556000
2020-09-16,12.477984428405762,13.054547122279164,12.477237027566652,12.919442534464558,556384000
2020-09-17,12.427132606506348,12.553014486162354,11.999633623932239,12.096848975212323,792512000
2020-09-18,12.153681755065918,12.59563805467588,11.953767278196814,12.557001431479684,698460000
2020-09-21,12.480727195739746,12.485961854454477,11.869765026058538,11.890205393675586,721044000
2020-09-22,12.600873947143555,12.611094129925739,12.120031843646952,12.53830718247085,646452000
2020-09-23,12.088373184204102,12.689863430288543,12.044003634137948,12.538804800522588,647012000
2020-09-24,12.311967849731445,12.532821903633558,11.97894283391377,12.037023285185366,731240000
2020-09-25,12.836183547973633,12.845905462174201,12.210016772675687,12.411177859249486,588016000
2020-09-28,12.996967315673828,13.013668778510928,12.712799019153087,13.002201974801489,573808000
2020-09-29,13.187156677246094,13.403523469766398,12.895510660922366,12.899747833245026,621460000
2020-09-30,13.491018295288086,13.582749846103102,13.111877890883418,13.119106567964094,689184000
2020-10-01,13.574773788452148,13.722590831499897,13.421472002917705,13.717855391558192,525004000
2020-10-02,13.024134635925293,13.480050027948268,13.012916968837262,13.186409976653888,552496000
2020-10-05,13.602691650390625,13.60443653635295,13.184166251231318,13.197377938185285,479820000
2020-10-06,13.696419715881348,14.100736967285448,13.625128512043325,13.789647040474033,784420000
2020-10-07,13.92325210571289,14.078049626241114,13.823045263188042,13.95889817340689,418084000
2020-10-08,13.798370361328125,14.043403723419214,13.717856465318311,14.033930941011219,378900000
2020-10-09,13.7225923538208,13.78391345519388,13.620890687212187,13.726830477949628,346892000
2020-10-12,14.184490203857422,14.305137430572008,13.871905504040015,13.948680493281143,434744000
2020-10-13,14.206676483154297,14.306634217269046,13.977846300513065,14.254785897155454,344604000
2020-10-14,14.054122924804688,14.300900235329213,13.919267466775741,14.248802781976442,276100000
2020-10-15,13.929239273071289,13.96488440051517,13.727578909131115,13.770453666408956,267224000
2020-10-16,13.771198272705078,14.080294125302457,13.752253660584516,13.995791246954921,242392000
2020-10-19,13.458364486694336,13.942696338110522,13.3676294650607,13.862431583223284,298068000
2020-10-20,13.605685234069824,13.759485306727719,13.467589137472377,13.543865864306463,229212000
2020-10-21,13.485285758972168,13.751257741305391,13.43817383559243,13.585243481964962,219596000
2020-10-22,13.322014808654785,13.57203274964044,13.193141414504842,13.483043554770541,290480000
2020-10-23,13.5505952835083,13.55358678850794,13.252467942914826,13.410754310920243,233484000
2020-10-26,13.102906227111816,13.652797384472526,13.000456205176109,13.387822856088881,336896000
2020-10-27,13.357659339904785,13.402777241599955,13.153007512204232,13.267173452039954,250520000
2020-10-28,12.590156555175781,13.22130994850956,12.572209425845594,13.159490579429658,376520000
2020-10-29,12.985998153686523,13.154255577159386,12.712797475867808,12.801039269404054,320080000
2020-10-30,12.497428894042969,12.898753687334388,12.264111450047963,12.812506859163562,416820000
2020-11-02,12.544041633605957,12.799294228587504,12.35883361795099,12.620816623897126,299652000
2020-11-03,12.981508255004883,13.066758526089966,12.56597439710213,12.671415897217148,272900000
2020-11-04,13.753999710083008,13.787153497267303,13.298084263597342,13.350181713613207,410228000
2020-11-05,14.118684768676758,14.297162395831098,13.950178192420632,14.121178006847186,319028000
2020-11-06,14.519512176513672,14.54618373906461,13.854458490174565,14.06858124416874,383348000
2020-11-09,13.590975761413574,14.64863054616949,13.571034615016483,14.510036203044763,582976000
2020-11-10,12.732736587524414,13.566794830901571,12.591399890509699,13.566794830901571,644068000
2020-11-11,13.3788480758667,13.395798669653004,12.91046834790044,13.015660731924338,404744000
2020-11-12,13.417484283447266,13.725831796974465,13.277145048240593,13.439669534835307,365812000
2020-11-13,13.258201599121094,13.62886677558887,13.021145259004319,13.58748777408256,346312000
2020-11-16,13.475815773010254,13.609673750084138,13.117613914518738,13.134065292013785,413776000
2020-11-17,13.383084297180176,13.556576360322524,13.264930318063392,13.51295421095362,312028000
2020-11-18,13.389566421508789,13.56605000060591,13.146528037574518,13.425959895699158,510924000
2020-11-19,13.401033401489258,13.448145326416391,13.061776193866837,13.174197256504039,565936000
2020-11-20,13.049562454223633,13.455125348358738,13.026877983117611,13.414743832829755,341088000
2020-11-23,13.101661682128906,13.343453491755636,12.977524662700837,13.132820503808434,361356000
2020-11-24,12.919939994812012,13.123593383278829,12.847402185837863,13.104150504299037,346500000
2020-11-25,13.196135520935059,13.230784117631849,12.982012746557217,12.99447608584326,259916000
2020-11-27,13.222554206848145,13.368378182952382,13.132069267210525,13.3359727492746,167276000
2020-11-30,13.362397193908691,13.37336572978121,12.934399884436976,13.226296063485327,286952000
2020-12-01,13.350931167602539,13.489276400657282,13.1896523285899,13.452882922722688,296948000
2020-12-02,13.504980087280273,13.633603400861086,13.195635056027603,13.311545898778629,283360000
2020-12-03,13.360857009887695,13.624164374715619,13.294033339943539,13.551854342027166,199520000
2020-12-04,13.522682189941406,13.524427591443576,13.353626500248337,13.413219358512091,202244000
2020-12-07,13.571056365966797,13.695230052023673,13.464586856293908,13.565570953340865,223244000
2020-12-08,13.314979553222656,13.563076745263064,13.246658730666162,13.549362739309682,271920000
2020-12-09,12.896829605102539,13.378811595997652,12.834493556769912,13.265609689866503,401300000
2020-12-10,12.938220977783203,13.034468233177286,12.815792695936159,12.835242273734892,207764000
2020-12-11,12.979113578796387,12.985845978513062,12.789362252958734,12.933233768068241,209264000
2020-12-14,13.273836135864258,13.353626188722778,13.043192984595962,13.053665393364675,270156000
2020-12-15,13.325451850891113,13.428679754315336,13.152157723854899,13.404493338692761,193016000
2020-12-16,13.20776081085205,13.40199974925172,13.17783882601205,13.38728796402951,223116000
2020-12-17,13.306251525878906,13.344401151947084,13.14392823410941,13.331683975809367,231384000
2020-12-18,13.237186431884766,13.369836980300704,13.036215048880987,13.343905158262388,342064000
2020-12-21,13.297276496887207,13.334927714623442,12.933483400051559,13.04045227501662,302332000
2020-12-22,13.243415832519531,13.302261068259298,13.019754285505726,13.284308639148763,185580000
2020-12-23,12.975123405456543,13.240176213034147,12.970884980318413,13.22122600117891,179144000
2020-12-24,12.959662437438965,13.09804852342096,12.904807368604905,13.003048268354469,97884000
2020-12-28,12.866159439086914,13.02823353821314,12.729768901732854,13.02823353821314,212564000
2020-12-29,12.909296035766602,13.038207502886355,12.808561153661778,12.891094397483993,170372000
2020-12-30,13.1112642288208,13.17908568167089,12.862917844630886,12.956171747816942,225396000
2020-12-31,13.020752906799316,13.116500786863334,12.881119828694374,13.102039159766056,192424000
2021-01-04,13.079099655151367,13.616686233298404,12.928495743054027,13.0698742321973,560640000
2021-01-05,13.369585990905762,13.40823403597086,13.05266954832319,13.065385774806634,322760000
2021-01-06,12.58140754699707,13.210253352525344,12.552982708724837,13.18781234029951,580424000
2021-01-07,13.308995246887207,13.34265724493693,12.852695877279768,12.933482770253919,461480000
2021-01-08,13.24191951751709,13.385791009793136,13.007785563794448,13.327445140129552,292528000
2021-01-11,13.58576774597168,13.924377586962526,13.327447336450863,13.383549399534646,518344000
2021-01-12,13.449376106262207,13.718419081750215,13.309993175343564,13.71642352162883,291476000
2021-01-13,13.49625015258789,13.589255791853278,13.349885642883665,13.454609726368213,210028000
2021-01-14,13.165620803833008,13.564072669184723,13.145922972626082,13.539387840584494,283120000
2021-01-15,12.825766563415527,13.290294537427819,12.81479573848984,13.193299661324813,277780000
2021-01-19,12.991083145141602,13.059652232326266,12.810308021823458,12.982105977406595,226188000
2021-01-20,13.33069133758545,13.395271213822765,13.022501843518835,13.07735692920235,258572000
2021-01-21,13.831122398376465,13.962526891847379,13.21823433925245,13.383299879552478,337780000
2021-01-22,13.676528930664062,13.805440406556494,13.591502657751988,13.703956944733628,246820000
2021-01-25,13.61743450164795,13.792224838674208,13.201777766949162,13.745597404906997,251112000
2021-01-26,13.400004386901855,13.60895414760022,13.352379181972017,13.544872707989114,163980000
2021-01-27,12.88386344909668,13.198036696568142,12.760188188261171,13.195293514907451,371272000
2021-01-28,13.016765594482422,13.304758821823567,12.926503106572953,12.96215971890922,228316000
2021-01-29,12.955674171447754,13.29976940655163,12.877629511506997,13.04070043799861,271552000
2021-02-01,13.202277183532715,13.235938232062036,12.868903538730756,13.01900904409855,217204000
2021-02-02,13.521185874938965,13.536395122770351,13.250646742172403,13.363600375597834,220440000
2021-02-03,13.495003700256348,13.895200923231927,13.481040489555985,13.600226194841973,245408000
2021-02-04,13.628406524658203,13.637631948217356,13.302763055258103,13.495505828096132,201340000
2021-02-05,13.555346488952637,13.70121355588606,13.51021525363682,13.68899574443707,169152000
2021-02-08,14.400873184204102,14.435781216736476,13.691239490275796,13.691239490275796,434624000
2021-02-09,14.225830078125,14.544990239491536,14.18518648534673,14.303126144671534,287560000
2021-02-10,14.725517272949219,14.865897960955252,14.303876794568637,14.425307273903554,485352000
2021-02-11,15.21074104309082,15.232185226295876,14.885846210981674,14.94095143652178,450828000
2021-02-12,14.922002792358398,15.251137034656068,14.73624069296745,15.01051986233055,374756000
2021-02-16,15.290034294128418,15.332174092252155,14.910781818050188,15.02473229127375,321960000
2021-02-17,14.866898536682129,15.183565780965669,14.741228658115656,15.131202776712273,274756000
2021-02-18,14.790102005004883,14.834235467115235,14.536767619242058,14.690363938021383,233868000
2021-02-19,14.887343406677246,15.137185992305723,14.807802555181839,14.98508589567165,271724000
2021-02-22,14.318092346191406,15.0935529747794,14.28742273508415,14.735992905948468,325884000
2021-02-23,14.104901313781738,14.201397767025272,13.354374823711513,14.038325894837678,391780000
2021-02-24,14.460965156555176,14.468695336229112,13.719914197710844,14.085702837613358,448320000
2021-02-25,13.272590637207031,14.337041196742353,13.181580543821173,14.00865457563382,824436000
2021-02-26,13.678523063659668,13.81815519173923,13.325950037913707,13.716422533300882,500932000
2021-03-01,13.805439949035645,13.888471610182824,13.517696920416522,13.838602581815634,353184000
2021-03-02,13.37108039855957,13.883981130875826,13.360857196825735,13.86353472740816,264116000
2021-03-03,12.771160125732422,13.416213023687314,12.765175347914111,13.391029778690879,377592000
2021-03-04,12.337797164916992,12.940961272362333,12.052048802733381,12.76716780529363,573344000
2021-03-05,12.428811073303223,12.51707894231135,11.648612673686339,12.51707894231135,542840000
2021-03-08,11.562837600708008,12.43853364324281,11.53615721112077,12.41733961683344,543112000
2021-03-09,12.491716384887695,12.587995903514031,12.031766572887543,12.102604861227075,521824000
2021-03-10,12.439833641052246,12.950416570843228,12.429108324276118,12.811234842956008,384376000
2021-03-11,12.963886260986328,13.016516624546929,12.705476723153422,12.920485455152443,299916000
2021-03-12,12.826701164245605,12.859376656505523,12.561307582910521,12.619424306120195,243964000
2021-03-15,13.161188125610352,13.176652870953951,12.738154598213367,12.835432251874124,221988000
2021-03-16,13.26095962524414,13.481704980424471,13.086856844368391,13.32606036558166,272128000
2021-03-17,13.310844421386719,13.422588675401132,12.959895720621097,13.0100312493019,243864000
2021-03-18,12.69350528717041,13.153953696747985,12.68801798151525,13.10656229172517,293896000
2021-03-19,12.816474914550781,12.892052633539727,12.583756816724813,12.720943269527373,299208000
2021-03-22,13.156198501586914,13.36397394916909,12.877335469562507,12.883322313284456,297804000
2021-03-23,13.040961265563965,13.314086726980229,12.991573614500512,13.224042396554665,222048000
2021-03-24,12.614185333251953,13.129259370912745,12.607950148357045,13.121277230506307,245840000
2021-03-25,12.506681442260742,12.685772934062374,12.244031999468016,12.47101348103624,295144000
2021-03-26,12.809988021850586,12.826949475519212,12.345299758978275,12.52588700315397,363968000
2021-03-29,12.91873836517334,13.032728151019679,12.671054165141,12.791029841995345,273520000
2021-03-30,12.842413902282715,12.945678381046225,12.676043987497591,12.81273183484364,200204000
2021-03-31,13.317829132080078,13.439800123062073,12.952912380524227,12.985837164442769,314776000
2021-04-01,13.780271530151367,13.83838824514868,13.480455543278254,13.541317337971815,308276000
2021-04-05,13.955621719360352,13.982061072848323,13.701701354086651,13.83589532176299,255672000
2021-04-06,13.829909324645996,14.022220023117734,13.74211053193706,13.967844602013875,191744000
2021-04-07,14.111268043518066,14.211039577939392,13.680252388675337,13.849116212600178,251284000
2021-04-08,14.28437328338623,14.438521199938963,14.216527457381625,14.220269710742953,244416000
2021-04-09,14.367181777954102,14.37516391880831,14.142695127627215,14.181605804476893,195172000
2021-04-12,15.174336433410645,15.317509706392366,14.10702469407602,14.257181982739741,869324000
2021-04-13,15.643765449523926,15.664218911931563,15.091277428797596,15.196786504253303,676212000
2021-04-14,15.242182731628418,15.684671520263224,15.192795082369985,15.589389181199738,385500000
2021-04-15,16.100475311279297,16.177299499104574,15.595877223105832,15.626806713438363,598480000
2021-04-16,15.87623405456543,16.128906991938468,15.829090996501154,16.01641295672224,335208000
2021-04-19,15.326741218566895,15.771475619218064,15.198284783701242,15.501093301974404,404420000
2021-04-20,15.136672973632812,15.461679943155445,14.928897558401575,15.28832601946321,334132000
2021-04-21,15.325492858886719,15.32748815614186,15.06783118973771,15.084293105718238,216776000
2021-04-22,14.816407203674316,15.403316768706386,14.749808798640005,15.339961078862977,277788000
2021-04-23,15.230461120605469,15.300051994809602,14.866293173927307,14.900215133185853,227500000
2021-04-26,15.44272518157959,15.44372330600664,15.090529983963508,15.150393662064413,197796000
2021-04-27,15.346694946289062,15.634786577704853,15.319506760052127,15.54299623900215,164572000
2021-04-28,15.24193286895752,15.496851358886726,15.180822728255709,15.329483314677965,209416000
2021-04-29,15.289822578430176,15.401317533525559,15.037149650786002,15.364900745251601,173196000
2021-04-30,14.975292205810547,15.329982225607592,14.962820884189167,15.139917076615806,201912000
2021-05-03,14.802935600280762,15.212001017227378,14.753798196085622,15.090528619389026,203912000
2021-05-04,14.318543434143066,14.604141189307825,13.978320963327217,14.60389189606982,405324000
2021-05-05,14.425549507141113,14.77974096968881,14.354711214631575,14.675478352617825,292024000
2021-05-06,14.489900588989258,14.538040820971824,14.185596357430091,14.462213818419057,193380000
2021-05-07,14.778495788574219,14.936634315063166,14.638315893298168,14.774505193082701,229328000
2021-05-10,14.233238220214844,14.772256812850337,14.217524183046908,14.753549353888255,268904000
2021-05-11,14.273645401000977,14.32203492946594,13.71866348603011,13.793492369290098,285584000
2021-05-12,13.727144241333008,14.227750736859978,13.678006833080557,13.977571659960846,303408000
2021-05-13,13.634105682373047,14.048659365726651,13.42832555148644,14.001765599303283,285404000
2021-05-14,14.210539817810059,14.29534613838963,13.717166637888369,13.858344627203556,258616000
2021-05-17,14.133217811584473,14.13695911343798,13.821929508460382,14.124737083349402,216980000
2021-05-18,13.983806610107422,14.371421392185121,13.972083168805666,14.23448425219446,186256000
2021-05-19,14.033693313598633,14.047412052526395,13.51238408884618,13.535580727514505,344000000
2021-05-20,14.579198837280273,14.650286423076341,14.237978235158963,14.269904897281023,321592000
2021-05-21,14.957584381103516,15.187310011640008,14.835613378029347,15.12919233394966,672992000
2021-05-24,15.576419830322266,15.709116137261757,15.141412676969354,15.17782946856189,554816000
2021-05-25,15.612088203430176,15.78244872406465,15.447214988276473,15.730068601519758,435408000
2021-05-26,15.664217948913574,15.757754283343592,15.550727691252234,15.698390148566892,370440000
2021-05-27,15.452702522277832,15.714105503916327,15.424766456507427,15.663969971167402,581476000
2021-05-28,16.207477569580078,16.24040330560908,15.46567322053801,15.46567322053801,644536000
2021-06-01,16.227432250976562,16.350900905100538,15.867005629586217,16.23292050791609,472804000
2021-06-02,16.74001121520996,16.88019202823062,16.198498765123478,16.215210925909048,594168000
2021-06-03,16.93107795715332,17.219670124621256,16.545210032687685,16.66269186570318,580008000
2021-06-04,17.538190841674805,17.620750674848225,17.056541068113297,17.073500620788053,617120000
2021-06-07,17.578847885131836,17.77190743935272,17.15357070426815,17.53120813273789,575756000
2021-06-08,17.41721534729004,17.581339727964668,17.211683552862734,17.487304802500514,323848000
2021-06-09,17.32265853881836,17.538965213865822,17.22036969325011,17.479836821102058,381656000
2021-06-10,17.389270782470703,17.456134744782876,17.140782690693,17.314425705549816,287772000
2021-06-11,17.788700103759766,17.902466667525747,17.40798212256188,17.44365825407932,416308000
2021-06-14,17.9818058013916,18.00251330381653,17.6265367051876,17.86928786859954,321376000
2021-06-15,17.752023696899414,17.979307461675045,17.691648561983385,17.878265383996606,243032000
2021-06-16,17.77372932434082,17.917933757296694,17.548442256286553,17.75427048170476,307124000
2021-06-17,18.618995666503906,18.796380852352936,17.71984395555316,17.738056049490442,809656000
2021-06-18,18.600534439086914,19.335274805560704,18.545896253200052,18.74548694805198,968856000
2021-06-21,18.38946533203125,18.49849233811036,17.786205025624632,18.39744834960306,672384000
2021-06-22,18.8480224609375,18.92486614279743,18.348299647421335,18.43362504750395,580144000
2021-06-23,19.01817512512207,19.11348026123593,18.86898175836073,18.9687771045024,332356000
2021-06-24,19.16612434387207,19.380185000222458,19.04911428938312,19.18832985353758,320924000
2021-06-25,18.991979598999023,19.305835565574505,18.855760067993472,19.24096830647944,278364000
2021-06-28,19.944021224975586,20.03757898993622,19.2793864972352,19.321549543533276,495436000
2021-06-29,19.985689163208008,20.057540138683486,19.616696297313815,19.841734055010626,367632000
2021-06-30,19.96148681640625,20.12115859540737,19.82302123736521,19.958243358482186,326568000
2021-07-01,20.17055892944336,20.414058134882225,19.977953848381276,20.083737413428764,480136000
2021-07-02,20.44499397277832,20.463207970031252,20.24615323612554,20.398340709880483,342764000
2021-07-06,20.65606117248535,20.799266327520442,20.308525759156822,20.694980768484587,446708000
2021-07-07,20.32997703552246,20.83219522915429,20.290309396748288,20.810739680965114,418428000
2021-07-08,19.861940383911133,20.091717673491328,19.66035491019757,19.815785826411023,503300000
2021-07-09,20.00914192199707,20.039081100999855,19.713749255567958,19.921572345469496,296624000
2021-07-12,20.470443725585938,20.490650623096794,20.14635866615761,20.19850144596285,321984000
2021-07-13,20.208478927612305,20.419296080234353,20.07275810496243,20.358669684118883,290708000
2021-07-14,19.800817489624023,20.3758860567773,19.712250523310388,20.316009610198147,380100000
2021-07-15,18.927356719970703,19.806301283038714,18.819827736182695,19.771123857042355,550564000
2021-07-16,18.12375831604004,19.117716205739104,18.03593942380129,18.99147642918106,688224000
2021-07-19,18.741247177124023,19.002958487584525,17.828870315920312,17.878519593867363,749060000
2021-07-20,18.573841094970703,18.79937758111035,18.12675963254832,18.6915992012212,434687000
2021-07-21,19.370201110839844,19.486961789834456,18.703571525234402,18.843283856723506,371017000
2021-07-22,19.553823471069336,19.84622196017468,19.236474720303796,19.601725384781613,323826000
2021-07-23,19.517898559570312,19.659607598690215,19.210529523772372,19.615697192594002,195672000
2021-07-26,19.254438400268555,19.402133739466528,18.87521652192213,19.271403739834394,203943000
2021-07-27,19.16861915588379,19.581769914561328,18.70257565904251,19.225501500323308,248863000
2021-07-28,19.46300506591797,19.605711462719736,18.95604741034344,19.279382383177918,202191000
2021-07-29,19.621688842773438,19.812297231772675,19.28837208483873,19.478980473837968,190781000
2021-07-30,19.459020614624023,19.589750632003597,19.223504438237402,19.378185414523912,183497000
2021-08-02,19.70950698852539,19.92007482124093,19.32130460799053,19.659610263853708,217444000
2021-08-03,19.774372100830078,20.180537181896543,19.180590863307074,19.699525118531906,301811000
2021-08-04,20.232431411743164,20.276341820757914,19.7873448162624,19.949013314665788,231309000
2021-08-05,20.594682693481445,20.690486514235243,20.30028751870424,20.457964481741737,211435000
2021-08-06,20.324241638183594,20.527823837262428,20.16856135693953,20.481918625769893,178497000
2021-08-09,20.253385543823242,20.465948136373385,20.10169679071814,20.404074992162744,146443000
2021-08-10,19.89512825012207,20.388114938915336,19.794333583297004,20.280336557307983,179238000
2021-08-11,19.658605575561523,20.007888262929665,19.390158072563768,20.00190004850871,185925000
2021-08-12,19.864187240600586,19.987931634303653,19.57977176020651,19.829259157284667,151652000
2021-08-13,20.1466064453125,20.1725541097233,19.810297533456417,19.86418766511711,183063000
2021-08-16,19.90909194946289,20.245400801786964,19.413109436698434,20.093712061602965,210876000
2021-08-17,19.41810417175293,19.729464731826763,19.22749580678188,19.644638023102544,204585000
2021-08-18,19.00096321105957,19.593745196105584,18.961044309389564,19.46001915963666,285913000
2021-08-19,19.757402420043945,20.452973649557794,18.72352564579661,19.45402495179475,766555000
2021-08-20,20.773319244384766,20.822218562508386,19.892130309855503,19.950010047710816,675741000
2021-08-23,21.912973403930664,21.95189298945891,20.907040973787495,20.927997820105585,575807000
2021-08-24,21.748315811157227,21.91397581714338,21.490845382237715,21.70839881527599,297299000
2021-08-25,22.167457580566406,22.4239306409359,21.67746502022429,21.692433657670268,347701000
2021-08-26,22.022750854492188,22.294192485058762,21.745321009055534,22.154480161007974,237940000
2021-08-27,22.58958625793457,22.675410362974578,22.121548044348277,22.13851338507931,304722000
2021-08-30,22.641481399536133,22.99575306868684,22.504763165366676,22.783190447883996,262580000
2021-08-31,22.343040466308594,22.652458850997647,22.078537807120643,22.652458850997647,259850000
2021-09-01,22.39893341064453,22.65445404598005,22.315091237611284,22.442851555279045,201767000
2021-09-02,22.354019165039062,22.55065039604721,22.25320865455279,22.475790220167823,187834000
2021-09-03,22.80018424987793,22.942915865127908,22.158389818039435,22.283155522186565,280532000
2021-09-07,22.619522094726562,22.856077365071243,22.47978322176614,22.790201093344027,198107000
2021-09-08,22.297130584716797,22.567622556480774,21.935807666986186,22.470804242295802,254434000
2021-09-09,22.13543128967285,22.49575468914605,22.089517984597006,22.270178472986,196856000
2021-09-10,22.43586540222168,22.583586786776177,22.22825511755486,22.30610802241827,248376000
2021-09-13,22.1104793548584,22.92095763955937,21.81702979556362,22.641481778146552,297500000
2021-09-14,22.20030975341797,22.367994119992584,22.04460202569577,22.233246938092215,199755000
2021-09-15,22.299123764038086,22.325076004521907,21.9248266618489,22.267184155866353,166538000
2021-09-16,22.20030975341797,22.235243996454347,21.8858996623171,22.141420328903294,156033000
2021-09-17,21.85894775390625,22.279158111208478,21.789079274517906,22.258197567391974,294503000
2021-09-20,21.073427200317383,21.392827095889,20.62327232997256,21.1063643864586,349440000
2021-09-21,21.206172943115234,21.384836342247503,20.910728291203743,21.376851917641915,204688000
2021-09-22,21.899873733520508,21.91883722130404,21.156269325247195,21.32595075308163,268726000
2021-09-23,22.439863204956055,22.4927633665043,21.84897180821719,22.098503242861145,248555000
2021-09-24,22.039609909057617,22.107483239240203,21.82002297078628,22.028630847710065,217655000
2021-09-27,21.619403839111328,21.75814325902189,21.285032622861653,21.669309365670625,245215000
2021-09-28,20.660202026367188,21.37885370551217,20.61229166058771,21.174238025483074,343069000
2021-09-29,20.47854232788086,20.97760510825539,20.42863490757935,20.900749775141833,218394000
2021-09-30,20.67717170715332,21.02651608463032,20.649224309257054,20.729074289499767,221009000
2021-10-01,20.703123092651367,20.81990247026338,20.165131897885484,20.7111075192128,240978000
2021-10-04,19.69501495361328,20.503496167398797,19.518346674353516,20.465567287478837,345635000
2021-10-05,20.412670135498047,20.60930141285783,19.816788934804713,19.912609677914286,279282000
2021-10-06,20.66119956970215,20.681160633760157,20.04236089334236,20.08228682900517,297202000
2021-10-07,21.03550148010254,21.282038287736984,20.932693885558372,21.05246791250463,256919000
2021-10-08,20.791954040527344,21.166251145772502,20.73605924982708,21.061448413209504,151258000
2021-10-11,20.65620994567871,21.02352021397934,20.472554811528397,20.536435934235318,163388000
2021-10-12,20.63225555419922,21.017531748620257,20.48952393159599,20.78896087546607,162134000
2021-10-13,20.89975357055664,20.95065857611255,20.674177325995743,20.878793021876042,180652000
2021-10-14,21.705236434936523,21.714218436998244,21.082405602697325,21.248094793760433,243589000
2021-10-15,21.821022033691406,21.889892945838103,21.62139804997386,21.769119455245605,226994000
2021-10-18,22.180343627929688,22.249214526905615,21.603426103748866,21.708230721714468,189494000
2021-10-19,22.248220443725586,22.337052418565072,21.9956944090803,22.23424484253194,161473000
2021-10-20,22.061569213867188,22.390950562386468,21.940795735447892,22.26319023572242,146276000
2021-10-21,22.649463653564453,22.668429043567482,22.041605960384647,22.055579656692842,187590000
2021-10-22,22.68340492248535,23.086647042833416,22.51871516881252,22.780223239069972,249384000
2021-10-25,23.122577667236328,23.311222580367943,22.72732002696426,22.929938637364884,230235000
2021-10-26,24.670669555664062,25.211655352856283,23.879156684477824,23.94403538165205,485898000
2021-10-27,24.405170440673828,25.042972669039454,24.236486581667393,24.428128046404414,245990000
2021-10-28,24.894250869750977,24.90323477699716,24.47703509504955,24.83136923034824,234204000
2021-10-29,25.519073486328125,25.660807501940052,24.953136904843166,24.95413448203266,292503000
2021-11-01,25.778587341308594,25.8454611872979,25.179711651543062,25.600921502231532,265740000
2021-11-02,26.35150909423828,26.62799027052055,25.751635865914444,25.773595889934718,294112000
2021-11-03,26.548145294189453,26.733797485295405,26.185826723233117,26.62001084272468,239910000
2021-11-04,29.745140075683594,31.30620761167732,27.067168664563635,27.177960661408324,1153631000
2021-11-05,29.69623374938965,31.341143555275014,29.354873833641875,30.130417853663417,851260000
2021-11-08,30.746265411376953,31.04171015120419,29.850945379937016,30.0924923819784,503101000
2021-11-09,30.59953498840332,32.24943832676834,29.907835084715092,32.22149093283239,646746000
2021-11-10,29.40378189086914,30.792175356475003,28.724058596190222,29.30097621745452,636206000
2021-11-11,30.333036422729492,30.53266230455437,29.721186464615332,30.410891240075124,332172000
2021-11-12,30.333036422729492,30.622493760998218,29.574460737077853,29.95374953179042,413054000
2021-11-15,29.968719482421875,30.586558684672315,29.19217792054809,30.494732077656263,384909000
2021-11-16,30.146387100219727,30.333036864576925,29.65031892792296,29.70322098675446,264484000
2021-11-17,29.20615577697754,30.451817746686785,28.74601938777359,30.360986800231885,428508000
2021-11-18,31.615623474121094,32.6985886943481,31.262286966657477,32.306327639035906,781711000
2021-11-19,32.92317581176758,33.0259833953756,31.84520016505162,32.182565986384056,533867000
2021-11-22,31.896100997924805,34.58205696797993,31.8402062080976,33.45417397567859,754335000
2021-11-23,31.686494827270508,32.29934425081102,30.82211695136058,31.475889889044435,532163000
2021-11-24,32.612754821777344,32.793415307155215,30.870027278590047,31.40202915429508,435162000
2021-11-26,31.443954467773438,32.64869102574414,31.291241356146536,32.538896588552724,283069000
2021-11-29,33.31343460083008,33.34936641658166,31.97594634031224,32.30532956771906,454964000
2021-11-30,32.61475372314453,33.29048676445909,31.80427729283025,33.10682971857124,622066000
2021-12-01,31.37991714477539,33.23067044842361,31.3250132144851,33.16079341132922,484368000
2021-12-02,32.06970977783203,32.421094208004575,30.970639066061615,31.159308990581952,472890000
2021-12-03,30.63922119140625,32.07270588626798,30.077206037814552,31.943930302637863,544325000
2021-12-06,29.984373092651367,30.18801423424058,27.988874974536508,29.827646678222976,658938000
2021-12-07,32.37017822265625,32.392142841620974,30.597291131834343,30.902756606380816,593053000
2021-12-08,31.770235061645508,32.233422746850074,31.36594401255075,31.94293226813798,475551000
2021-12-09,30.436573028564453,32.14856994011714,30.37468139518986,31.67839268554398,488507000
2021-12-10,30.145090103149414,31.25015088115644,29.80868066675237,31.09542177088219,488825000
2021-12-13,28.111656188964844,30.240920116532646,28.06673496085565,30.195998888423453,598344000
2021-12-14,28.2873477935791,28.627749897244694,27.20225254192556,27.650465209942464,667035000
2021-12-15,30.405630111694336,30.44655863805575,27.78922227506093,28.350237826437468,698297000
2021-12-16,28.33725929260254,31.105401144450823,28.043775720321822,31.097415740907646,707366000
2021-12-17,27.752286911010742,28.871322953137728,27.711358386778297,27.93596451634102,713758000
2021-12-20,27.670433044433594,28.094687634833022,27.097439351309067,27.257158860918736,461847000
2021-12-21,29.0240535736084,29.06897479771501,27.35298517924628,28.324281700128683,524385000
2021-12-22,29.348487854003906,29.50321696381351,28.39915388867012,28.840380800512104,395184000
2021-12-23,29.588064193725586,30.00633064659535,29.379430769017233,29.702862462287506,343022000
2021-12-27,30.890775680541992,31.032527056128416,29.58806208908035,29.608027500629184,403686000
2021-12-28,30.268869400024414,31.275102573879263,29.959411220282004,31.257134464347306,420591000
2021-12-29,29.94843101501465,30.494473432594628,29.314543448020515,30.21995567466968,343139000
2021-12-30,29.534160614013672,30.403634759640468,29.48824168622337,29.774737563181823,308864000
2021-12-31,29.359466552734375,29.977383352467218,29.279606801609862,29.6220062223588,266530000
2022-01-03,30.068220138549805,30.657186451057335,29.73280845983245,29.762756577148686,391547000
2022-01-04,29.238683700561523,30.41461929632159,28.299332384205098,30.223953950944292,527154000
2022-01-05,27.555631637573242,29.364456877758002,27.48475689863298,28.89827420780447,498064000
2022-01-06,28.128625869750977,28.388170524976964,27.017577109502056,27.591568449323077,454186000
2022-01-07,27.19925880432129,28.37220116591778,27.009591180436384,28.091693384069224,409939000
2022-01-10,27.351985931396484,27.420865264727603,25.599062495104597,26.534420841344623,594681000
2022-01-11,27.768259048461914,28.01582560455743,26.791973944653037,27.27512514321652,404089000
2022-01-12,27.94994354248047,28.544898057978678,27.559627866622925,28.017823287842585,383413000
2022-01-13,26.528438568115234,28.430099589302795,26.451571911307685,28.32927671947222,540171000
2022-01-14,26.894792556762695,27.149346820456078,26.16407479256996,26.25391724987273,395832000
2022-01-18,25.85761260986328,26.591325351246454,25.724846231443944,26.213987424363868,424270000
2022-01-19,25.0230770111084,26.496490594712675,25.0081039034072,26.033304819361373,488315000
2022-01-20,24.107681274414062,25.534178072970104,24.03580693825015,25.259660339685073,435181000
2022-01-21,23.33304786682129,24.77950853590366,23.222242284700727,23.46581426384629,718958000
2022-01-24,23.3310489654541,23.339034369598377,20.851402002026376,22.290874867397406,913982000
2022-01-25,22.284883499145508,22.902800279174155,21.961451803005843,22.506494634650444,664616000
2022-01-26,22.732099533081055,24.01484787549454,22.260926423275635,23.199279940872195,755959000
2022-01-27,21.905550003051758,23.95295683827954,21.637020339093276,23.52670498128017,573353000
2022-01-28,22.79998016357422,22.81794827384132,21.258684918334325,21.97342995522817,543774000
2022-01-31,24.443096160888672,24.466056576635847,23.01160877298067,23.141380151708606,564680000
2022-02-01,24.594829559326172,25.100941158842325,23.84813911503411,25.060012633846654,518925000
2022-02-02,25.197769165039062,25.771760453388616,24.509975414365016,25.74880194425847,543419000
2022-02-03,23.906036376953125,25.03305776455981,23.7383314909626,24.415142943146904,410178000
2022-02-04,24.276386260986328,24.591832521565717,23.590589811232004,23.929994184362293,354829000
2022-02-07,24.684675216674805,25.137878340746738,24.159595835665748,24.3292980583028,376868000
2022-02-08,25.06400489807129,25.185790867488787,23.937981150661084,24.31631676739425,410359000
2022-02-09,26.658203125,26.678168534742753,25.30857303289405,25.577100749110866,524282000
2022-02-10,25.778749465942383,26.877820078131588,25.55514294337122,25.94945126409118,513200000
2022-02-11,23.90703582763672,26.106176738658828,23.73134552582586,25.870590198315274,605472000
2022-02-14,24.22447967529297,24.831414142549452,23.713375763493875,23.89206297353471,440424000
2022-02-15,26.44857406616211,26.498485690346293,24.740571782810004,24.905281665822947,699869000
2022-02-16,26.464548110961914,26.5354247584652,25.50722879997539,26.212990752516394,732676000
2022-02-17,24.46405792236328,25.739818442923863,24.122658131455818,25.58508935405849,810595000
2022-02-18,23.600576400756836,24.94222140437061,23.059526236621377,24.624777788834088,761255000
2022-02-22,23.349016189575195,24.02183501533585,22.959700144237637,22.994638666049642,633422000
2022-02-23,22.34777069091797,24.11267420181989,22.261922849845337,23.760292119255215,566511000
2022-02-24,23.706388473510742,23.758297405959556,20.853396395775633,20.978177373546444,735801000
2022-02-25,24.11467170715332,24.174566042065802,23.340032343064628,23.679436747579647,528866000
2022-02-28,24.342269897460938,24.621779933213432,23.665458473296034,23.949958909684135,477319000
2022-03-01,23.435861587524414,24.3342860810021,23.091466801028947,24.248436333224337,412056000
2022-03-02,24.181678771972656,24.37038082049771,23.377954031259083,23.718414109766783,389642000
2022-03-03,23.67647933959961,24.2875105180667,23.431866151752807,24.223610700095648,365095000
2022-03-04,22.899715423583984,23.64253787661564,22.446433192118437,23.347006629240735,431415000
2022-03-07,21.318218231201172,22.996560377460327,21.29625367731159,22.780900603372093,450821000
2022-03-08,21.479961395263672,22.33760157518028,20.617328059710964,21.275285813794373,557467000
2022-03-09,22.977590560913086,23.183264033281336,22.211803797860465,22.351581700991208,492742000
2022-03-10,22.622154235839844,22.751947727878036,21.84738095284978,22.495354352227555,428066000
2022-03-11,22.065038681030273,23.108385590853814,22.011123254667755,22.985579077175295,367209000
2022-03-14,21.29625129699707,22.22677588125091,21.125522327882823,21.83439804179049,385354000
2022-03-15,22.93665313720703,23.001550831506428,21.288266174917517,21.483955222900324,491996000
2022-03-16,24.45724105834961,24.558081081724502,23.135336575018254,23.462816707582732,671422000
2022-03-17,24.726818084716797,24.80269615292569,23.8681780942896,24.08184022245879,471941000
2022-03-18,26.41114616394043,26.52696376041995,24.58504137175166,24.759763731529954,730719000
2022-03-21,26.691701889038086,27.109041720804736,25.92591520481067,26.465061754529117,591727000
2022-03-22,26.482040405273438,27.194911590523404,26.030755783889337,26.684718384891415,547007000
2022-03-23,25.59344482421875,26.569896250630553,25.53453815380786,26.0846650979012,502120000
2022-03-24,28.105464935302734,28.27519606311892,25.866013441097486,26.124604467332354,877379000
2022-03-25,27.6481876373291,28.313134317487354,27.227854178048023,27.841880951681336,579016000
2022-03-28,28.174354553222656,28.205305645201793,27.162956734082435,27.7120877211009,425494000
2022-03-29,28.61066436767578,28.90020457741188,27.935733252172543,28.649602225179738,488984000
2022-03-30,27.64619255065918,28.45091714497132,27.45948812666077,28.259221469312404,463487000
2022-03-31,27.242826461791992,28.203304246024185,27.226852935369383,27.738041963177356,523440000
2022-04-01,26.669736862182617,27.45249683388837,26.225441234293676,27.331687987480848,517235000
2022-04-04,27.316715240478516,27.51440194539432,26.57089730394758,26.685715137656494,397120000
2022-04-05,25.889970779418945,27.275775122550794,25.779146346741044,27.210877434716057,436615000
2022-04-06,24.368383407592773,25.25997017360934,23.965023277210598,24.89455002716388,703833000
2022-04-07,24.16969871520996,24.68288541260129,23.440854165282754,24.40232986869821,557992000
2022-04-08,23.08242416381836,23.885153052088434,23.02551513263404,23.879162026385522,524781000
2022-04-11,21.882326126098633,22.28468843988748,21.625732742259814,22.17885714219664,575207000
2022-04-12,21.4699764251709,22.689045248795317,21.24832754814828,22.50134297361651,662258000
2022-04-13,22.167871475219727,22.46440247145248,21.421055702716224,21.693624502064967,516943000
2022-04-14,21.224367141723633,22.74096493748478,21.12951812677189,22.46939400417776,569097000
2022-04-18,21.748537063598633,22.05305290950582,21.045650421935058,21.16645927175718,525701000
2022-04-19,22.162878036499023,22.337600387857318,21.280275933977165,21.685633693459216,512781000
2022-04-20,21.44801139831543,22.63413146320953,21.166457991779502,22.48137366262457,468974000
2022-04-21,20.15106773376465,22.356572366335204,19.968356706220785,21.674652421135818,656209000
2022-04-22,19.4841251373291,20.453589609860156,19.469149477885896,20.27087856646262,624713000
2022-04-25,19.870512008666992,19.91344324394148,19.06578748429904,19.17161876841651,641566000
2022-04-26,18.75827407836914,19.75669189674931,18.640460745330987,19.686802954155635,653143000
2022-04-27,18.385868072509766,19.136677298891684,18.26106582462468,18.568577222764382,499460000
2022-04-28,19.750701904296875,20.005299527717778,18.460746198335123,18.93699080656897,570327000
2022-04-29,18.51766014099121,20.096158426486486,18.487706914443038,19.371307102135845,500435000
2022-05-02,19.502098083496094,19.543031679322635,18.361904626208553,18.511666932632682,572049000
2022-05-03,19.570985794067383,19.79363445026666,19.102727963969997,19.36930572544229,475751000
2022-05-04,20.301830291748047,20.367725861414897,18.72133448924937,19.891481213837118,648855000
2022-05-05,18.814184188842773,19.893473166024286,18.470728615482905,19.835566276419193,626331000
2022-05-06,18.645450592041016,19.481126136435083,17.961534971179468,18.706354897045497,633297000
2022-05-09,16.923185348510742,18.226119199359047,16.800378841340265,18.005470062057196,644455000
2022-05-10,17.56715965270996,18.169206196741058,16.99806183902758,17.661010784242496,761474000
2022-05-11,16.603689193725586,17.72491361626801,16.54178891271083,17.31955580309831,670167000
2022-05-12,16.1494083404541,16.761439365221005,15.542371423645005,16.1933393515041,708728000
2022-05-13,17.6779842376709,17.89963310231485,16.56674630651227,16.761437465060446,670437000
2022-05-16,17.23668670654297,17.759857858030514,17.07893763682731,17.481299931962116,521446000
2022-05-17,18.148244857788086,18.341938202359145,17.60610459037376,18.045407159251763,585830000
2022-05-18,16.91120147705078,18.089334859232448,16.837319149393423,17.676988175468864,545161000
2022-05-19,17.096906661987305,17.659015599508766,16.707522431730485,16.91020226237054,621310000
2022-05-20,16.667591094970703,17.382458019432324,15.730076420771963,17.30458229549473,739105000
2022-05-23,16.871267318725586,16.888240622010123,16.15340494623042,16.248253966391196,639889000
2022-05-24,16.128442764282227,16.570742704777313,15.755034857703096,16.483880450468337,588550000
2022-05-25,16.948144912719727,17.083929432634935,15.974687040333203,15.994655856173082,781132000
2022-05-26,17.8227596282959,18.063377590380153,15.996652626042534,16.01063041716501,996575000
2022-05-27,18.781238555908203,18.85112749906634,18.071363039501787,18.15722741438073,738379000
2022-05-31,18.642457962036133,19.169622436207014,18.320966929127128,18.94996930241527,664100000
2022-06-01,18.291017532348633,19.022857731380693,18.09333081321993,18.694379640054212,544514000
2022-06-02,19.561004638671875,19.587962351417392,18.169210836464305,18.263061991962847,648656000
2022-06-03,18.69038200378418,19.30141516237342,18.492695309504686,19.051810692697362,598779000
2022-06-06,18.756277084350586,19.306405915466303,18.53462819912293,19.10871922629009,422406000
2022-06-07,18.89605712890625,18.969939456850092,18.159223875312634,18.44277494540007,388914000
2022-06-08,18.622434616088867,19.15370484145058,18.509588668664488,18.773226668072084,363252000
2022-06-09,18.023256301879883,18.90704318439752,18.016265929443026,18.45566321727446,395574000
2022-06-10,16.950729370117188,17.672737701708236,16.84587187879017,17.575870567979027,465248000
2022-06-13,15.625547409057617,16.289635619144264,15.5846032566188,15.978063114136962,604153000
2022-06-14,15.814289093017578,16.043973303080133,15.390869663145198,15.709432554065721,469680000
2022-06-15,16.504343032836914,16.844875148826677,15.904166178242575,16.07293416311362,563936000
2022-06-16,15.579611778259277,15.92014484348222,15.37988615697859,15.838256529245285,545749000
2022-06-17,15.85822868347168,15.973070790259849,15.306985428048275,15.626546404282076,630334000
2022-06-21,16.543291091918945,16.984684628646672,16.38450865504624,16.452416232112355,483089000
2022-06-22,16.337570190429688,16.63915617828488,16.157816675124355,16.20375313433491,437135000
2022-06-23,16.202756881713867,16.562262048145204,15.831266178018796,16.496352545413853,463680000
2022-06-24,17.102516174316406,17.116496916478354,16.287635093801047,16.477375097951253,472153000
2022-06-27,16.84587287902832,17.306241311682992,16.603205990084433,17.28826633930451,427968000
2022-06-28,15.960087776184082,17.178414374885598,15.92313785085493,16.87682839483553,461149000
2022-06-29,15.52069091796875,15.798309643448949,15.149201208571759,15.79231830404367,482352000
2022-06-30,15.138216972351074,15.545657585028724,14.84162423644088,15.339939689323622,686070000
2022-07-01,14.50308895111084,15.042348581207367,14.372268984402996,14.878573864617884,577610000
2022-07-05,14.94348430633545,14.950474678954091,14.035731089261596,14.15556645659554,651397000
2022-07-06,15.109256744384766,15.297997753159068,14.768723702355592,14.989421379778362,529066000
2022-07-07,15.836258888244629,15.92313950679781,15.3679020124272,15.434810545701199,492903000
2022-07-08,15.816286087036133,16.015013612204577,15.36790131679417,15.40884547069508,467972000
2022-07-11,15.131227493286133,15.505713379636758,15.017383463840279,15.504714346802942,437321000
2022-07-12,15.061319351196289,15.409840779783512,14.856600523242284,15.247064178604479,458483000
2022-07-13,15.143207550048828,15.353918680835182,14.445166573079868,14.569995180241131,521918000
2022-07-14,15.35092544555664,15.451786811648414,14.707808286202585,15.087287438201166,456235000
2022-07-15,15.740389823913574,15.760361907974943,15.423824053568111,15.63753135293556,385935000
2022-07-18,16.07892417907715,16.87383233225247,15.98006089057034,16.27964880664775,670517000
2022-07-19,16.968706130981445,17.086544394456787,16.14983057930096,16.463399291726066,702366000
2022-07-20,17.782583236694336,17.908411828651666,16.77796399475385,16.923763716222883,760538000
2022-07-21,18.025253295898438,18.11912428792284,17.52094647197657,17.86048049580398,557049000
2022-07-22,17.295255661010742,17.94236605570938,17.113504073103183,17.868468104985222,536671000
2022-07-25,17.00065803527832,17.100521303135608,16.626172209363542,16.995663824282083,480748000
2022-07-26,16.510334014892578,16.89580448453477,16.455409115756805,16.86584492916972,397865000
2022-07-27,17.765607833862305,17.911407551893237,16.889809540674666,17.008645853583896,569776000
2022-07-28,17.95934295654297,18.115129215664382,17.416090067566007,17.950356423261784,474646000
2022-07-29,18.138097763061523,18.218986083426355,17.66774285617166,17.788577248891293,435460000
2022-08-01,18.41571617126465,18.820161575559553,17.96533430834322,18.157070500022193,476469000
2022-08-02,18.500600814819336,18.912036637847795,18.06719579272413,18.097155349870032,489527000
2022-08-03,18.867095947265625,18.94199387860434,18.112131961169382,18.159068404484795,418146000
2022-08-04,19.188657760620117,19.24757689107455,18.734281609291912,18.823160297594526,409652000
2022-08-05,18.962966918945312,19.202637656923585,18.640409788848668,18.784211469742147,386068000
2022-08-08,17.768604278564453,18.213993844249966,17.21836103439292,17.47800479146066,981859000
2022-08-09,17.062572479248047,17.42307754461736,16.70106933362083,17.228345229259787,668263000
2022-08-10,18.072187423706055,18.093158539293153,17.293256191756413,17.673734322817726,597422000
2022-08-11,17.91739845275879,18.681350826322625,17.851488963198253,18.106140389297327,509327000
2022-08-12,18.683347702026367,18.692336139246862,17.92838373644259,18.13510064991279,478094000
2022-08-15,19.005905151367188,19.13772413803564,18.58748091480707,18.67535960434154,457666000
2022-08-16,18.85311508178711,19.115754975228306,18.47563309117103,18.894059233195584,451240000
2022-08-17,18.30986213684082,18.662378820302454,18.120123994766043,18.497606022739234,446799000
2022-08-18,18.747262954711914,18.83913587806954,18.15807169165651,18.275909944267593,415447000
2022-08-19,17.82453155517578,18.494611202126215,17.745639384699512,18.380767165882073,441588000
2022-08-22,17.010648727416992,17.53393055087282,16.942741155282302,17.46602297873813,409593000
2022-08-23,17.157442092895508,17.44105308355204,16.946730962850925,16.965705916771867,369986000
2022-08-24,17.19839096069336,17.382138735444496,16.87183957113937,16.98867785339594,522661000
2022-08-25,17.88844108581543,17.922394867434686,16.80992185996255,16.820906458784396,770691000
2022-08-26,16.237707138061523,17.899425287639172,16.214737955773558,17.832517711038342,769127000
2022-08-29,15.779335975646973,16.31559943467692,15.745383146894872,15.998036535008664,496132000
2022-08-30,15.446792602539062,16.01700886462623,15.161184478948519,15.938117659650224,530181000
2022-08-31,15.073304176330566,15.51869275581981,14.938489048973723,15.36290651341191,573710000
2022-09-01,13.917892456054688,14.360284936978742,13.251807105060896,14.189518900332127,1178865000
2022-09-02,13.628291130065918,14.151571974132874,13.572367193997763,14.080670164006992,743157000
2022-09-06,13.446539878845215,13.760109519998037,13.332695850805605,13.712174991904128,535751000
2022-09-07,13.69926643371582,13.82313376594556,13.331661755414254,13.54842863416654,512657000
2022-09-08,13.974970817565918,13.99295208288804,13.35463859857364,13.444541114584974,624873000
2022-09-09,14.371543884277344,14.458450311996268,14.110824601120573,14.141790481823483,486612000
2022-09-12,14.48941707611084,14.531371771685043,14.182746732868823,14.35356350397063,484159000
2022-09-13,13.116893768310547,13.907044413189137,13.084928555417918,13.78717343586701,714956000
2022-09-14,13.113896369934082,13.275722030199116,12.89912719985131,13.239760454812524,588507000
2022-09-15,12.915111541748047,13.218784885228757,12.776260916811962,13.00101960239549,523625000
2022-09-16,13.183821678161621,13.197806577347697,12.603445503990063,12.728311219665628,670751000
2022-09-19,13.367624282836914,13.448537595855514,12.996024164991917,12.998021871678207,569685000
2022-09-20,13.161847114562988,13.468517521582767,13.042975452381194,13.200805734733885,524818000
2022-09-21,13.246752738952637,14.015925947560238,13.095914942775154,13.19880492501757,807679000
2022-09-22,12.547507286071777,13.134875974381403,12.41465072920466,13.055960360888227,759162000
2022-09-23,12.502554893493652,12.59745310961483,12.243833290999994,12.406658300315856,663309000
2022-09-26,12.214863777160645,12.645401484838764,12.200878877608904,12.47758173756805,547343000
2022-09-27,12.399663925170898,12.722316857238535,12.244830719596417,12.493562797007028,553854000
2022-09-28,12.722317695617676,12.809224124270647,12.34072811111852,12.39666770608599,542414000
2022-09-29,12.206873893737793,12.486572859038276,11.93316804900129,12.434628670217482,532763000
2022-09-30,12.125959396362305,12.6194291422396,12.06202801997194,12.074015212585747,565638000
2022-10-03,12.498559951782227,12.664382003827372,12.091996601673307,12.333737229481287,547478000
2022-10-04,13.152853965759277,13.205797475323331,12.865163269344546,12.865163269344546,584182000
2022-10-05,13.194809913635254,13.306690062932848,12.607442225934847,12.897130656376154,507131000
2022-10-06,13.11589527130127,13.641330241047822,13.088923849141823,13.205798741632973,644157000
2022-10-07,12.063028335571289,12.656390131527628,12.009086440725248,12.491567410428646,672478000
2022-10-10,11.657464027404785,12.110975855224824,11.395745386998117,12.024069418326597,698699000
2022-10-11,11.573554039001465,11.833274006789148,11.27087909082818,11.548580323969118,667482000
2022-10-12,11.487645149230957,11.722392337587419,11.332811937874556,11.566560749292124,492590000
2022-10-13,11.947152137756348,12.0650254080203,10.80138397760334,10.959214240194914,850103000
2022-10-14,11.214938163757324,12.097988235900987,11.191963110771333,12.044046351536188,713432000
2022-10-17,11.875228881835938,11.935164846156956,11.50462809067123,11.505626467697512,580774000
2022-10-18,11.954143524169922,12.478579120897942,11.605518487513544,12.330738357702486,659362000
2022-10-19,12.038053512573242,12.336733042582134,11.821286623369021,11.86623835705214,523131000
2022-10-20,12.180898666381836,12.755280679635693,12.091993589341671,12.099985367354723,652398000
2022-10-21,12.452607154846191,12.484573317773556,11.874229665134491,12.085002473404986,609494000
2022-10-24,12.585465431213379,12.696346249814729,12.051040310367156,12.494563584772553,517457000
2022-10-25,13.246752738952637,13.285711349965226,12.650394003315512,12.680362458755884,505482000
2022-10-26,12.882145881652832,13.373616958180671,12.694348122288913,12.855175413310036,532953000
2022-10-27,13.161847114562988,13.823136706459046,13.107905215799407,13.615359939280827,583113000
2022-10-28,13.819137573242188,13.835121131094377,13.0469682542808,13.089922279790239,521040000
2022-10-31,13.482501029968262,13.823135278216157,13.282716063958425,13.763199312088274,486341000
2022-11-01,13.528450965881348,13.910040552507906,13.50447658143312,13.79616270270372,432817000
2022-11-02,13.204797744750977,14.194733217791391,13.196806918934737,13.835120334518214,672628000
2022-11-03,13.406580924987793,13.766194775358752,12.94208128934156,13.028987715807942,500065000
2022-11-04,14.140791893005371,14.2137134210402,13.682284424573579,13.970974453238004,612576000
2022-11-07,14.285635948181152,14.396516760846977,13.939009564129645,14.212714418468474,410061000
2022-11-08,14.58631420135498,14.875003304313351,14.20072822497082,14.785099833381034,595292000
2022-11-09,13.761201858520508,14.195735001155587,13.744219921750998,14.146786897646434,454414000
2022-11-10,15.733080863952637,15.756055920385691,14.53137309508661,14.78410157379975,700819000
2022-11-11,16.309459686279297,16.371393354489435,15.465368149594989,15.790018813908167,655487000
2022-11-14,16.277494430541992,16.522232066468828,15.904894997972113,16.200577486630568,527852000
2022-11-15,16.648096084594727,16.979738243381533,16.3644007894485,16.704035679925042,545876000
2022-11-16,15.89290714263916,16.34442120688964,15.85594719034248,16.144637217510404,649547000
2022-11-17,15.660160064697266,16.248528071529375,15.518312400660156,15.698119352405783,710894000
2022-11-18,15.392446517944336,15.984809869987044,15.103756479830084,15.948847340613554,492072000
2022-11-21,15.300544738769531,15.460372692111331,15.063798892210922,15.13072730018143,404739000
2022-11-22,16.020771026611328,16.040749998560774,15.10575468856274,15.311533717452877,472866000
2022-11-23,16.501251220703125,16.509243951656206,16.030758493927717,16.080704012212358,427241000
2022-11-25,16.252521514892578,16.469287445678606,16.154627223569857,16.300470283585213,167934000
2022-11-28,15.809995651245117,16.339426922411413,15.70810595311626,16.00878125767177,303741000
2022-11-29,15.622199058532715,15.914884511468573,15.503327417734571,15.809996816938067,298384000
2022-11-30,16.909143447875977,16.91613768564476,15.584228989487908,15.684146535771454,565298000
2022-12-01,17.120969772338867,17.250862487377347,16.621379181628495,16.98508145183784,470977000
2022-12-02,16.862178802490234,16.91913323515599,16.431532015118123,16.645357460533297,371389000
2022-12-05,16.596403121948242,16.98108817708203,16.458515605368987,16.66534688023787,352255000
2022-12-06,15.973912239074707,16.55943198225512,15.806049556125465,16.51646791728719,352694000
2022-12-07,16.10680389404297,16.172749846641757,15.654173729604334,15.759088264862537,372388000
2022-12-08,17.154945373535156,17.164937415817153,15.94593493843421,16.259678967569904,515456000
2022-12-09,16.98708152770996,17.568605803357165,16.961103742717867,17.14595175825143,465338000
2022-12-12,17.520645141601562,17.523642944893684,16.783250328505517,17.0230536282157,457328000
2022-12-13,18.057205200195312,18.774617794918285,17.696500685046704,18.515829057167874,656589000
2022-12-14,17.659530639648438,18.237058470762765,17.405738871124704,17.97227412197752,496888000
2022-12-15,16.938119888305664,17.305818611715345,16.686327315889205,17.13196129101247,478542000
2022-12-16,16.557430267333984,17.02704663560611,16.39656280074963,16.850191523278642,478232000
2022-12-19,16.240692138671875,16.595401033569487,16.13178212686933,16.558432576626064,354039000
2022-12-20,16.07183265686035,16.296648863545872,15.839024530853546,16.05084993795553,403260000
2022-12-21,16.487489700317383,16.613387898119957,16.08881620314782,16.100807415218085,325025000
2022-12-22,15.326441764831543,16.12478836587808,14.869816130143493,16.08082376342015,565045000
2022-12-23,15.193551063537598,15.32644159609821,14.870815551756776,15.183559021916842,349326000
2022-12-27,14.109439849853516,15.087638463348876,14.044492529786595,15.061659725900823,464902000
2022-12-28,14.024507522583008,14.250322305233574,13.872631553851827,13.915596566363247,351066000
2022-12-29,14.591043472290039,14.670977896009743,14.215351871386131,14.390208780608043,354923000
2022-12-30,14.602035522460938,14.617022631784828,14.22134693702295,14.32226407843037,310490000
2023-01-03,14.303278923034668,14.983722051275688,14.084458370348052,14.838840315183736,401277000
2023-01-04,14.73692512512207,14.840840075575478,14.22934158563889,14.555074914722184,431324000
2023-01-05,14.25331974029541,14.552074696828278,14.136414963987127,14.479134517120297,389168000
2023-01-06,14.846835136413574,14.997711535520914,14.0225107548316,14.462150107377472,405044000
2023-01-09,15.615206718444824,16.042855841920677,15.128604925965469,15.271488464185648,504231000
2023-01-10,15.895976066589355,15.948932173589144,15.459333553934178,15.49430474778188,384101000
2023-01-11,15.987898826599121,16.01487714757313,15.550257708216126,15.827031344724569,353285000
2023-01-12,16.497480392456055,16.623376674174565,15.479314701266622,16.08681762259126,551409000
2023-01-13,16.885162353515625,16.90814423644885,16.15176413943949,16.264670572186482,447287000
2023-01-17,17.68750762939453,17.713487319827372,16.885165521758307,16.885165521758307,511102000
2023-01-18,17.362773895263672,17.858366193598112,17.26785045404388,17.652535475198235,439624000
2023-01-19,16.751270294189453,17.182917636250043,16.717299646654077,17.02204827697326,452932000
2023-01-20,17.82439613342285,17.84138241393569,16.811226343623662,16.997072985244962,564967000
2023-01-23,19.177288055419922,19.229245530307768,17.80341372696204,18.04921071798228,655163000
2023-01-24,19.249225616455078,19.479038745727824,18.804590277949554,18.811584516005322,496204000
2023-01-25,19.30718231201172,19.354144722499697,18.56479049495344,18.89751808696201,449537000
2023-01-26,19.785785675048828,20.149487942957048,19.262214571587723,19.684868544073076,489535000
2023-01-27,20.34832763671875,20.61111281542293,19.38911447092714,19.446067014153495,542142000
2023-01-30,19.14631462097168,20.123512763635727,19.134323407436817,19.933669670014947,488611000
2023-01-31,19.521005630493164,19.67088244369698,18.934486316616958,19.154305515596747,498017000
2023-02-01,20.925851821899414,21.174646573762274,19.594941785261792,19.67487620181203,660477000
2023-02-02,21.691226959228516,21.931030247878642,20.683054133284987,20.98280776765086,564276000
2023-02-03,21.082721710205078,21.727193980733027,20.771975563050532,20.98280321848353,429366000
2023-02-06,21.071735382080078,21.55234058671362,20.768982041999962,20.78896612562126,452197000
2023-02-07,22.15484619140625,22.240776221047813,21.13268305609244,21.364493456754502,664150000
2023-02-08,22.18682098388672,22.859270343104374,21.989981762053976,22.368671190085877,559651000
2023-02-09,22.31871223449707,23.00115361559773,22.101890841134466,22.587493006154816,523876000
2023-02-10,21.247589111328125,22.059923209964126,20.79396224758763,21.672242294842736,550737000
2023-02-13,21.770160675048828,22.029948022697017,20.94483676830914,21.520365368362526,474919000
2023-02-14,22.952190399169922,23.030125642994655,21.348503237743625,21.560329530497455,675474000
2023-02-15,22.745363235473633,22.8362883381025,22.087902895293183,22.530539101779834,420575000
2023-02-16,21.98398780822754,22.531537591194823,21.909048448284622,22.114879171338252,412026000
2023-02-17,21.370487213134766,21.72219826611611,20.957825285879114,21.613288266361437,465888000
2023-02-21,20.638090133666992,21.47640202756458,20.60111977052066,20.982806991007344,410015000
2023-02-22,20.73700714111328,21.086720955863115,20.404279605625497,20.690046644389827,513184000
2023-02-23,23.644622802734375,23.868440315198026,23.00614609506352,23.420807196057563,1117995000
2023-02-24,23.266935348510742,23.454783066670746,22.928214087929295,23.205986370917074,589716000
2023-02-27,23.48175621032715,23.860445585416468,23.434795716672856,23.650618453752273,452994000
2023-02-28,23.196989059448242,23.80549153530194,23.186997019306613,23.352861455241428,455963000
2023-03-01,22.679414749145508,23.236958420824973,22.489569788217572,23.17300974177125,460026000
2023-03-02,23.294912338256836,23.360858289754244,22.41363444953809,22.469590264985175,389415000
2023-03-03,23.870439529418945,23.88043157064552,23.111061548282237,23.300906520013164,412393000
2023-03-06,23.53471565246582,24.22814576739972,23.467769168076714,23.87143962178628,437429000
2023-03-07,23.27288818359375,24.109344935333365,23.22591779814437,23.58468599671928,515154000
2023-03-08,24.165306091308594,24.184294766581292,23.408797420933155,23.471756258943316,513573000
2023-03-09,23.42078971862793,24.43812863634961,23.367822715310396,24.15930848577099,501257000
2023-03-10,22.950096130371094,23.611667155651173,22.71125091840863,23.39380822343578,474866000
2023-03-13,22.951093673706055,23.28287892325679,22.282529164620772,22.737233773647205,421890000
2023-03-14,24.047382354736328,24.20328124483994,23.444773073406367,23.48075091334457,474910000
2023-03-15,24.212278366088867,24.270239386250807,23.344841606771062,23.745580455686678,524486000
2023-03-16,25.52442169189453,25.57139016249906,23.878489494645066,24.011404490940855,583253000
2023-03-17,25.70830535888672,26.381867732572218,25.651341237604235,25.965138540410706,848547000
2023-03-20,25.883188247680664,26.007108309767307,25.113687587733228,25.59837339016035,432747000
2023-03-21,26.181997299194336,26.37487284283391,25.36452926173858,26.16301052912087,547408000
2023-03-22,26.450817108154297,27.57108963291039,26.219966176096154,26.407843850041896,797295000
2023-03-23,27.17335319519043,27.481153869318504,26.672678890028376,27.097402305232432,564889000
2023-03-24,26.761619567871094,27.149368241079962,26.33789496036664,27.013456826272407,454920000
2023-03-27,26.513782501220703,26.9824780003573,26.34788986309708,26.8195836745759,361026000
2023-03-28,26.392858505249023,26.49579229381834,25.83322250551309,26.429835146196694,356104000
2023-03-29,26.96648597717285,27.06042483163502,26.579738018819665,26.80759068169934,393694000
2023-03-30,27.36522674560547,27.481152585329546,27.08440898873497,27.211327368787387,364516000
2023-03-31,27.75897216796875,27.815934380003373,27.08740743538737,27.122384566656116,433933000
2023-04-03,27.946849822998047,27.981826954201942,27.318258357219978,27.49114640923392,398716000
2023-04-04,27.4351806640625,27.981826516516946,27.289275517291117,27.947848187847303,368592000
2023-04-05,26.863554000854492,26.98047673794311,26.37786936739354,26.811587704555983,515015000
2023-04-06,27.019451141357422,27.062422498432785,26.409846477836556,26.566744158591717,397654000
2023-04-10,27.561100006103516,27.603072562534653,26.651690804540983,26.805590178121808,395279000
2023-04-11,27.1513671875,27.771964430932886,27.108393921533427,27.70600728201999,314378000
2023-04-12,26.47780418395996,27.45017222858766,26.43083380500762,27.352236262733783,446259000
2023-04-13,26.445829391479492,26.86955407464339,26.31191746293764,26.716653467419416,353615000
2023-04-14,26.740631103515625,26.865549967420687,26.202980206526043,26.486796261789348,395660000
2023-04-17,26.98447608947754,26.988473203686386,26.415845135360854,26.547759434806412,321471000
2023-04-18,27.649045944213867,28.091759262343043,27.339247645401258,27.51513402889549,604812000
2023-04-19,27.912870407104492,27.98182586482497,27.214324706114123,27.343240685548253,358660000
2023-04-20,27.086410522460938,28.011810174837088,26.982477923410777,27.65304199464376,427713000
2023-04-21,27.101394653320312,27.165354189141752,26.70465301407293,26.934503247616785,345103000
2023-04-24,27.024450302124023,27.348239440320924,26.653690781200147,26.99546979327811,339282000
2023-04-25,26.223968505859375,27.2293161185349,26.207980048962167,27.06042517631063,378527000
2023-04-26,26.93850326538086,27.31226106523399,26.687666728848185,26.98447484193406,406337000
2023-04-27,27.208330154418945,27.477156579807456,26.607720371241534,27.345242278323862,377161000
2023-04-28,27.73099136352539,27.739984394080437,27.05342998469089,27.20733127338207,292216000
2023-05-01,28.891237258911133,29.039141923615947,27.76197146754515,27.82193199383704,570329000
2023-05-02,28.191688537597656,28.81728357065356,28.06477206868038,28.661384689897297,402730000
2023-05-03,27.783958435058594,28.348592322124123,27.4541726589013,27.8219338823804,383387000
2023-05-04,27.544111251831055,27.840917463312735,27.22231974162607,27.63305228202087,321850000
2023-05-05,28.66138458251953,28.736334757570592,27.713001157721607,27.807938808563854,361494000
2023-05-08,29.132080078125,29.201035541124472,28.331601238328425,28.503488588696168,344979000
2023-05-09,28.55245590209961,28.954195421712242,28.43153605029766,28.88024404414107,314869000
2023-05-10,28.866252899169922,29.094105560009464,28.44252830281305,28.986173947740745,369350000
2023-05-11,28.559452056884766,28.93121227658871,28.227668698313387,28.877246468531435,322149000
2023-05-12,28.32160758972168,28.761322564942308,28.02779776950865,28.510484105930274,274222000
2023-05-15,28.934207916259766,28.95019827906706,28.133729096093575,28.48949703703172,293926000
2023-05-16,29.19403839111328,29.85061345390706,28.813287070144554,28.822280100198324,449405000
2023-05-17,30.15841293334961,30.17939921213159,29.410899219353887,29.56479859708841,432535000
2023-05-18,31.657438278198242,31.807340536574944,30.30031991259901,30.39026164884716,748725000
2023-05-19,31.24370765686035,31.55950253794087,30.89593395749169,31.515530471475522,473908000
2023-05-22,31.155765533447266,31.499542119934745,30.660087176948643,30.880942499765002,372000000
2023-05-23,30.668081283569336,31.267692227057807,30.61111907309606,30.979879050427765,356253000
2023-05-24,30.51818084716797,30.58713630992968,29.786655566782457,30.19039269854062,721419000
2023-05-25,37.95534896850586,39.454375407130364,36.61122070862838,38.497995807341425,1543911000
2023-05-26,38.92072677612305,39.14458044480816,37.5256327431475,37.865412266925354,714397000
2023-05-30,40.0849609375,41.91077455633569,39.923067354521244,40.56864789492996,923401000
2023-05-31,37.80944061279297,40.26884165058491,37.79744736537709,39.46236628795612,1002580000
2023-06-01,39.74419403076172,40.02401112114797,38.31512164105145,38.46402321780072,635873000
2023-06-02,39.301475524902344,40.47371455603789,39.032649105745655,40.070976234421984,482731000
2023-06-05,39.14558029174805,39.539321788375425,38.68188071638041,38.88374928722303,396094000
2023-06-06,38.6289176940918,39.134589881532925,38.123245506650676,38.80480599281515,388729000
2023-06-07,37.45454788208008,39.47744543312822,37.33561334043707,38.893764495503234,511998000
2023-06-08,38.488990783691406,38.842797765126164,37.48454176498526,37.703420255024895,417772000
2023-06-09,38.74884796142578,39.68933264036205,38.545959600574975,39.0157005810381,427717000
2023-06-12,39.4604606628418,39.50843481392578,38.59693356856273,39.17861681441675,388701000
2023-06-13,40.99961471557617,41.078573986392584,39.718316587873154,40.16407236318805,613208000
2023-06-14,42.973541259765625,42.97653797583017,40.5298718137659,40.80172657491871,740465000
2023-06-15,42.629730224609375,43.265384836246646,42.12400575806211,42.57875935956908,568622000
2023-06-16,42.668704986572266,43.69714280637508,42.637719859224546,43.42629077833163,655709000
2023-06-20,43.78409957885742,43.966003309908615,42.650719351376964,42.9745439074926,451153000
2023-06-21,43.02151107788086,43.59120357044556,42.05704128100148,43.4772635468863,551603000
2023-06-22,43.001529693603516,43.40230809572924,42.21096084923493,42.22994767790135,417737000
2023-06-23,42.185970306396484,42.78564141996851,41.99207590923577,42.440832245341774,358140000
2023-06-26,40.609832763671875,42.74066959862616,40.078121507202255,42.43783350035223,594322000
2023-06-27,41.8531494140625,41.91711366832996,40.42593102539138,40.77673742484644,462175000
2023-06-28,41.094566345214844,41.82216977478574,40.49589414728599,40.637814961274316,582639000
2023-06-29,40.79972457885742,41.577299950801056,40.577845588400876,41.53532305058581,380514000
2023-06-30,42.2789192199707,42.526785015369995,41.47835753719588,41.657260733272246,501148000
2023-07-03,42.38985824584961,42.874594246480044,42.17897482861766,42.4938015963702,198209000
2023-07-05,42.293914794921875,43.15344240900505,42.062039108236945,42.112011067613764,323618000
2023-07-06,42.08003234863281,42.15599110214399,41.323445342508286,41.821174768467095,303582000
2023-07-07,42.47980880737305,43.19042323587049,42.156986987539184,42.298907804592,355881000
2023-07-10,42.156982421875,42.787638599844065,41.6262701482501,42.633723309603205,353908000
2023-07-11,42.38186264038086,42.734670684336905,42.04404961503228,42.45782138833829,298244000
2023-07-12,43.87804412841797,43.911027066615475,42.75365801470833,43.00951883998821,481277000
2023-07-13,45.95191955566406,46.12982004252078,44.46772905127002,44.49371584363228,478204000
2023-07-14,45.444190979003906,48.06176136683886,45.03541375901061,46.55758152341574,772075000
2023-07-17,46.43564987182617,46.47063062366615,45.23730653549651,46.26374664142169,510488000
2023-07-18,47.468082427978516,47.86986348716586,45.7090445218803,46.675515893049734,569164000
2023-07-19,47.05131149291992,47.79190828525745,46.71649520501369,47.43810135841546,427502000
2023-07-20,45.49516677856445,47.061313235391935,45.03741645990332,46.48162782743177,537865000
2023-07-21,44.28482437133789,45.84097793575254,44.07593876183976,45.763017562258014,963769000
2023-07-24,44.58766174316406,45.08439225529306,44.01597519686058,44.70659630501924,382516000
2023-07-25,45.65407943725586,46.15780227032599,44.89849137503462,44.916483110194,348081000
2023-07-26,45.42720031738281,46.02787414060496,44.60565021693435,45.995890105777626,364237000
2023-07-27,45.87495803833008,47.3691412842477,45.72503835474356,46.49361978738997,455976000
2023-07-28,46.724491119384766,47.00134040286981,46.35569298072291,46.642535130211954,331194000
2023-07-31,46.7035026550293,47.10428482748887,46.480624760835596,46.728490538955285,251055000
2023-08-01,46.48162078857422,46.874407881393104,46.00188318529818,46.434645552261735,237858000
2023-08-02,44.24484634399414,45.81498829927392,43.363327623503565,45.80599433851238,530142000
2023-08-03,44.4907112121582,45.093382845124545,43.776101176403955,43.776101176403955,324176000
2023-08-04,44.65562057495117,45.61709364469408,44.36877842760478,44.960454456109325,362666000
2023-08-07,45.39221954345703,45.51515353063665,44.53868540861367,45.086386746173794,322154000
2023-08-08,44.63963317871094,45.217316942470724,44.03196319010825,44.82852923844918,353843000
2023-08-09,42.53077697753906,44.28781696824139,42.11100421028489,44.249835693708135,586449000
2023-08-10,42.3648681640625,43.550221754025884,41.8121685486756,42.13699194955662,492705000
2023-08-11,40.832706451416016,41.99507385757675,40.61682471129046,41.728217445224736,533085000
2023-08-14,43.729129791259766,43.77610503589005,40.28900997511959,40.46391374489594,690286000
2023-08-15,43.916019439697266,45.24329764404115,43.68614541412476,44.53568383483932,676512000
2023-08-16,43.462276458740234,44.650626981324486,43.382318272344065,44.49571276095212,527451000
2023-08-17,43.32034683227539,44.03795349007865,42.97753170604989,43.94600464449855,452395000
2023-08-18,43.27537536621094,43.55422246965972,41.63726968400494,42.611736188017545,583768000
2023-08-21,46.941375732421875,47.03932184051733,44.197874362477556,44.46972532960602,692573000
2023-08-22,45.64308166503906,48.16070824217046,45.30826536444509,48.108734662611624,755293000
2023-08-23,47.09029769897461,47.174251508019,45.18333763432702,45.84097961779093,779046000
2023-08-24,47.137264251708984,50.23857177595236,47.13326863032971,50.1885998204007,1156044000
2023-08-25,45.99289321899414,47.77891694569502,44.999432271074504,46.98635035429789,925341000
2023-08-28,46.809444427490234,46.9543657684175,44.863508175320256,46.45663639493685,685192000
2023-08-29,48.757381439208984,49.05422026588247,46.36568562252749,46.64053709400586,701397000
2023-08-30,49.237125396728516,49.89976191680816,48.39858238725333,49.01724419129222,735206000
2023-08-31,49.32807540893555,49.71686314070137,48.93129262084642,49.35306329598512,528570000
2023-09-01,48.48253631591797,49.772832417582066,48.11573594167944,49.73485494683887,463830000
2023-09-05,48.52151107788086,48.82434715495617,47.83388674600478,48.19668764519063,382653000
2023-09-06,47.03920364379883,48.52651341173193,46.55842743453267,48.41856553868362,468670000
2023-09-07,46.21957778930664,46.32253071023721,45.13108161869616,45.50390990685552,433330000
2023-09-08,45.55088806152344,46.584409473307375,45.250028806839694,45.92071940996517,473069000
2023-09-11,45.15707015991211,46.14161060053682,44.29147025437245,46.12661816019719,473966000
2023-09-12,44.849212646484375,45.65184205526837,44.51036898860746,44.71727382674797,349256000
2023-09-13,45.46392822265625,45.90872175707665,44.482380908447524,44.57933609209525,398355000
2023-09-14,45.55988693237305,45.965697093021376,45.110094621925995,45.92871548306057,370097000
2023-09-15,43.879661560058594,45.577871869694,43.78770131863037,45.31999198709531,506831000
2023-09-18,43.94562911987305,44.22150221868088,41.980540410534175,42.72819494263605,500271000
2023-09-19,43.49983596801758,43.94562846497067,42.98207442166159,43.81269066855042,373064000
2023-09-20,42.21943283081055,43.88266351133672,42.203441401322486,43.579802461208814,367108000
2023-09-21,40.99799728393555,42.08049577030541,40.96101567472074,41.563736977268604,450736000
2023-09-22,41.590721130371094,42.09548821247719,41.21189511865896,41.552736723974945,479236000
2023-09-25,42.20243835449219,42.516292052357294,41.157920528062995,41.571730182940165,419091000
2023-09-26,41.89158630371094,42.80016565537031,41.63570436324995,41.981544768615734,402282000
2023-09-27,42.44832229614258,42.852138257331035,41.609714131697665,42.31038955896758,444935000
2023-09-28,43.069034576416016,43.42586759785592,42.095486874346165,42.4403244191023,424663000
2023-09-29,43.47884750366211,44.123549133326094,43.28693511492848,43.80669465697379,397830000
2023-10-02,44.76125717163086,45.15407286536199,43.84068237191842,44.00960280506548,433298000
2023-10-03,43.4968376159668,45.10909311668892,43.22596325710491,44.7872398839657,470850000
2023-10-04,44.02060317993164,44.122557129199414,43.27194952336519,43.72174187256945,361821000
2023-10-05,44.66729736328125,44.879200950918715,43.867668737435245,44.02959243795168,393483000
2023-10-06,45.74079895019531,45.767786867817584,44.005603198940975,44.17252564280475,434436000
2023-10-09,45.25202560424805,45.58387253374561,44.34744607540805,44.8212255136796,409675000
2023-10-10,45.77678298950195,46.23756795276768,45.06711283415853,45.289010107776726,368582000
2023-10-11,46.78431701660156,46.83729386766852,46.02866671277973,46.17459898720651,378137000
2023-10-12,46.92325210571289,47.586945967380146,46.30853914386971,46.75533066493349,481325000
2023-10-13,45.43993377685547,47.094169510667186,45.25901788884397,46.93823975092536,474115000
2023-10-16,46.073646545410156,46.203583574312184,44.89119212930561,45.04212315084613,375099000
2023-10-17,43.91764450073242,44.73326836237256,42.46031976761086,43.97961605242817,812333000
2023-10-18,42.17645263671875,43.19898137436451,41.80562611222444,42.57127011789517,627294000
2023-10-19,42.08150100708008,43.27694617861222,41.86260067633136,42.7911712275924,501233000
2023-10-20,41.36782455444336,42.45032293422298,41.05896580650467,41.87058984444125,477266000
2023-10-23,42.95509338378906,43.22796955938642,40.92603485604566,41.209903709929456,478530000
2023-10-24,43.64276885986328,43.67675350399577,42.67122288444641,43.05704182148603,401463000
2023-10-25,41.759639739990234,43.629774950649335,41.53574451341277,43.37788900782008,398379000
2023-10-26,40.30731964111328,42.23642589504536,39.86152709976489,41.833612702341114,541001000
2023-10-27,40.48123550415039,41.186909680749885,39.99645960471093,41.110944679613084,416784000
2023-10-30,41.14193344116211,41.746652746404344,40.462248113483334,41.0679702193919,388028000
2023-10-31,40.761104583740234,40.8600615518642,39.211823492574105,40.43125946211653,517969000
2023-11-01,42.305397033691406,42.361370852066266,40.85007013008419,40.86506257244454,437593000
2023-11-02,43.48583984375,43.863663031413026,42.874123932526324,43.307920925769054,409172000
2023-11-03,44.98414993286133,45.28800612867796,43.70274239785865,43.99960568025811,424610000
2023-11-06,45.72980499267578,45.9137216751558,44.87819849776826,45.2640212668527,400733000
2023-11-07,45.933712005615234,46.19658683928955,45.137080351571434,45.69782127762116,343165000
2023-11-08,46.552425384521484,46.84528891690733,45.946703314492126,46.07864213351029,346719000
2023-11-09,46.92824935913086,48.207655129484806,46.728341254280565,47.44500813069146,540496000
2023-11-10,48.31260299682617,48.44954055480649,47.26109230316845,47.47799081031637,421245000
2023-11-13,48.59747314453125,49.0932455425318,48.07671461686158,48.29761289799248,384136000
2023-11-14,49.63299560546875,49.810914551979124,49.01728364536213,49.65698656195247,416954000
2023-11-15,48.86534881591797,49.93685071433626,48.17766786704911,49.91186458554616,475497000
2023-11-16,49.45707702636719,49.502058162016766,48.307612072684094,48.65644941593309,339756000
2023-11-17,49.27516555786133,49.69397019639206,48.98429998268991,49.501058800683616,325205000
2023-11-20,50.385643005371094,50.524578537663565,49.15821136788092,49.28915118659917,414120000
2023-11-21,49.920860290527344,50.4935928571012,49.19919468409959,50.10277517356445,565747000
2023-11-22,48.69342803955078,50.311677390399474,47.66790243959162,49.828903283324706,899420000
2023-11-24,47.753868103027344,48.898338123964756,47.72288042046281,48.447546842242424,294645000
2023-11-27,48.21965026855469,48.50751503969105,47.629923460498674,47.777853703101385,395662000
2023-11-28,47.7988395690918,48.300609664179134,47.45100125443084,48.2136481790491,401491000
2023-11-29,48.117698669433594,48.739412176857265,47.837829598788915,48.35659018010254,382005000
2023-11-30,46.74833297729492,48.08771233820332,46.400494624850445,48.00174983128795,526247000
2023-12-01,46.74333190917969,47.178131734648986,46.165600596706255,46.50344524286752,369317000
2023-12-04,45.488914489746094,46.05565315263873,44.989146129304046,46.05565315263873,437543000
2023-12-05,46.54852294921875,46.58250677034524,45.25400705552958,45.448933555568175,371718000
2023-12-06,45.48591613769531,47.36921155253726,45.39495069645239,47.197275238129286,380590000
2023-12-07,46.57850646972656,46.61149502575525,45.58687833083044,45.68284295931475,350823000
2023-12-08,47.48816680908203,47.72307920041658,46.53252440936205,46.57750949930058,359224000
2023-12-11,46.6094970703125,47.51315707527434,45.81279915946564,47.47317498768805,509728000
2023-12-12,47.63911056518555,47.64810605776617,46.028715290198626,46.028715290198626,372387000
2023-12-13,48.069950103759766,48.57576068141439,47.59013074248943,47.611122768046286,447792000
2023-12-14,48.331851959228516,48.651731553134205,47.40420266220824,48.37183786178311,391232000
2023-12-15,48.871646881103516,49.38545387287282,48.10193546895566,48.175909002325604,479948000
2023-12-18,50.058197021484375,50.41406234581485,49.13154694733786,49.38145307868085,412587000
2023-12-19,49.58537673950195,49.68134136834579,48.87664329291069,49.40544401373602,464444000
2023-12-20,48.09293746948242,49.98022913479953,48.07994186204982,49.63635651535798,397894000
2023-12-21,48.97161102294922,49.076571148767,48.40082241502789,48.79267736467951,300425000
2023-12-22,48.81167221069336,49.36446221767303,48.44880569619553,49.17653306295307,252507000
2023-12-26,49.260498046875,49.581376676631486,48.94161756801922,48.949613984887115,244200000
2023-12-27,49.3984489440918,49.661350703421,49.066572842938115,49.49241542635842,233648000
2023-12-28,49.50341033935547,49.86527396770583,49.39345101981501,49.62436711615611,246587000
2023-12-29,49.50341033935547,49.978234327074226,48.732699840316755,49.79430147307111,389293000
2024-01-02,48.14991760253906,49.27649344260116,47.57713465197093,49.22551389912714,411254000
2024-01-03,47.551143646240234,48.16591065021649,47.302236567517355,47.46717554449256,320896000
2024-01-04,47.979984283447266,48.48179475152094,47.49016653492504,47.74906818641796,306535000
2024-01-05,49.07856750488281,49.52839932284036,48.28786410604074,48.44380758245641,415039000
2024-01-08,52.2333869934082,52.2553819091048,49.46042985737145,49.493418417650794,642510000
2024-01-09,53.120052337646484,54.304608899415356,51.670595858503674,52.38133132087113,773100000
2024-01-10,54.32959747314453,54.57950363229104,53.468920600031716,53.59587564392309,533796000
2024-01-11,54.801422119140625,55.32522751933409,53.53989856479592,54.97835763768243,596759000
2024-01-12,54.689456939697266,54.94936145206347,54.30960236510811,54.59949057976511,352994000
2024-01-16,56.360836029052734,56.813665103138256,54.879393878712925,54.99734961591672,449580000
2024-01-17,56.031959533691406,56.44980188752581,54.71945269845349,56.325847887071866,474394000
2024-01-18,57.08556365966797,57.57837864545508,56.08593900392558,57.23850610997206,491650000
2024-01-19,59.468666076660156,59.47766156901135,57.20351416018429,57.96722726620944,543501000
2024-01-22,59.63160705566406,60.3083548831195,59.04782663734,60.0264592424289,452955000
2024-01-23,59.850528717041016,59.88751357892662,58.56301013401379,59.54764104000483,294654000
2024-01-24,61.338966369628906,62.82540771389363,59.91550110281905,60.28136484798457,560271000
2024-01-25,61.5938720703125,62.695459614186476,60.8271578659148,62.32659482707883,482777000
2024-01-26,61.00809097290039,61.759811433716834,60.550266507965134,60.93711847607482,390309000
2024-01-29,62.441551208496094,62.46554046020734,60.884137413565526,61.209012360122756,348733000
2024-01-30,62.750431060791016,63.46916289646236,62.23662409247559,62.876387020851176,410735000
2024-01-31,61.50390625,62.24562831970366,60.6772170002544,61.41693710561366,453795000
2024-02-01,63.00334167480469,63.167281577618986,61.626859664228725,62.07668769492248,369146000
2024-02-02,66.13516235351562,66.57499195926525,63.66608473882134,63.94997850101078,476578000
2024-02-05,69.30597686767578,69.47091584987561,67.17977633836104,68.19939012424172,680078000
2024-02-06,68.19739532470703,69.72781896754408,66.27512050871108,69.60386495591794,683111000
2024-02-07,70.07267761230469,70.1936343745623,67.57461541049389,68.29334720317483,495575000
2024-02-08,69.61485290527344,70.76741990227906,69.42892572649546,70.04768899799114,414422000
2024-02-09,72.10592651367188,72.15790132018077,70.18564235653706,70.50652100790245,436637000
2024-02-12,72.22087860107422,74.5829904741092,71.22325216031359,72.57274383383451,613710000
2024-02-13,72.1009292602539,73.42243172037925,69.5938748865512,70.37358093821054,602580000
2024-02-14,73.87226104736328,74.20813345586252,71.91099955356471,73.17452501401227,504917000
2024-02-15,72.63072204589844,73.9472289995395,72.37282328939969,73.84127361084667,420122000
2024-02-16,72.58573913574219,74.37406898709354,72.47378167003887,74.07218040927339,495327000
2024-02-20,69.4259262084961,71.92898383060526,67.70856895062664,71.91998452531317,704833000
2024-02-21,67.4466781616211,68.86214710879592,66.22313849991595,67.9804743369606,690298000
2024-02-22,78.5085220336914,78.5455030813757,74.1921420425949,74.99684018330679,865100000
2024-02-23,78.78742218017578,82.36307562218218,77.54088851837011,80.75968130766822,829388000
2024-02-26,79.06231689453125,80.61573447856021,78.47553160288044,79.67008277283831,503973000
2024-02-27,78.67145538330078,79.4501699351413,77.1330392208547,79.35120044520698,391705000
2024-02-28,77.63385009765625,78.90337002935253,77.09605003023249,77.59086697046706,393110000
2024-02-29,79.08230590820312,79.95997471561954,78.32059087723945,79.0643149217093,507289000
2024-03-01,82.24810791015625,82.26910374751212,79.40517391258761,79.96996422541928,479135000
2024-03-04,85.20500183105469,87.66207928922401,83.6875739405617,84.09841513764894,615616000
2024-03-05,85.93576049804688,86.06872004565462,83.38960003379123,85.24198821051228,520639000
2024-03-06,88.67086029052734,89.69452599594824,87.00141069166892,87.99308922719804,582520000
2024-03-07,92.6385498046875,92.73651717702312,89.57255620841083,90.12837327546654,608119000
2024-03-08,87.49925231933594,97.36801162259309,86.47758481062256,95.10675351305797,1142269000
2024-03-11,85.7458267211914,88.76782871199401,84.13835321441624,86.4006103441235,678364000
2024-03-12,91.8828125,91.92979413377263,86.12170491240781,88.02008324614344,668075000
2024-03-13,90.85814666748047,91.473941646385,88.40594947132757,91.02509163024045,635713000
2024-03-14,87.91510772705078,90.61622350841212,86.57154750613068,89.54757446626068,602318000
2024-03-15,87.80813598632812,89.51657406692517,86.22866094849327,86.90143633231817,642086000
2024-03-18,88.42594146728516,92.37464071222252,87.05638881145386,90.35830507117406,668976000
2024-03-19,89.36864471435547,90.51426446803778,84.98208522610015,86.67152505126207,672171000
2024-03-20,90.34231567382812,90.38030520484318,88.19401951660328,89.76749997737916,479063000
2024-03-21,91.40496063232422,92.61756721905257,90.37530021359187,92.26968196617385,480372000
2024-03-22,94.25802612304688,94.7468638928685,90.8041593115699,91.11105766429952,586719000
2024-03-25,94.97078704833984,96.7342074446901,93.47928046219188,93.91013861786189,552136000
2024-03-26,92.53058624267578,96.34333614885402,92.47160751849903,95.8195062336972,513648000
2024-03-27,90.22034454345703,93.20935991690288,89.09371596526927,93.08140362412708,586067000
2024-03-28,90.3263168334961,91.2700069314821,89.163696917333,89.97043098866838,435212000
2024-04-01,90.33331298828125,92.1947007975338,89.17469715880289,90.26933865065378,452441000
2024-04-02,89.42261505126953,90.06440242112468,87.59121620163441,88.41893947358703,433064000
2024-04-03,88.93477630615234,90.3443168469122,88.3709661913593,88.45493823513225,370067000
2024-04-04,85.87677764892578,90.60422800372173,85.85178433643762,90.37629845117095,434965000
2024-04-05,87.97908782958984,88.45193199631433,85.89777114739914,86.83745712010142,399678000
2024-04-08,87.10437774658203,88.80081883400379,86.70350850941023,88.67085666122206,283220000
2024-04-09,85.3259506225586,87.60620698800746,82.99472376686872,87.41326961083752,503547000
2024-04-10,87.01040649414062,87.3712879556285,83.68149867040677,83.89843024698811,431929000
2024-04-11,90.58623504638672,90.70919574606373,86.89745219051976,87.39128560717941,431637000
2024-04-12,88.15703582763672,90.1453886602286,87.50125303417155,89.66953943111257,426805000
2024-04-15,85.97274780273438,90.58323225547265,85.9007728583494,89.06873054875433,443077000
2024-04-16,87.38628387451172,88.08904823109181,86.03572977127556,86.40460421758179,370453000
2024-04-17,84.00739288330078,88.7458333599475,83.92241409948026,88.3109710984958,495400000
2024-04-18,84.6431884765625,86.16169439997329,82.37493650827429,84.94209387359811,447260000
2024-04-19,76.17497253417969,84.29630512599306,75.58117346384236,83.12269469975273,875198000
2024-04-22,79.49188232421875,80.04670035538005,76.3749101252901,78.07834524781059,596341000
2024-04-23,82.39592742919922,82.74181446817349,80.23763989778655,80.74247130165297,438559000
2024-04-24,79.65082550048828,84.05437709629325,79.1569845005292,83.92241667959377,512208000
2024-04-25,82.6048583984375,83.29562566305763,78.19730258611348,78.84208734175279,424641000
2024-04-26,87.70619201660156,88.30199698569048,83.35962014946622,83.7904783825948,551011000
2024-04-29,87.72816467285156,87.96308042933138,85.23797833453733,87.56621534740458,388971000
2024-04-30,86.37361907958984,88.78982495986544,86.27165520822136,87.21134125053536,363709000
2024-05-01,83.01371765136719,85.9717451202874,81.22830132116862,85.04905184528752,559863000
2024-05-02,85.78881072998047,86.20867093085921,83.17266601309362,84.42125626969049,377898000
2024-05-03,88.75983428955078,89.25166943381491,87.01140828668458,87.76016278941914,398341000
2024-05-06,92.10973358154297,92.18970913389045,89.02574784622284,89.36063689142837,376203000
2024-05-07,90.52425384521484,91.75084815179432,88.98176145323684,91.06807385977748,437342000
2024-05-08,90.3823013305664,91.16404211729393,89.39062281924463,89.45360566200054,325721000
2024-05-09,88.71784973144531,91.04208295679378,88.20202038816478,90.4992620554592,378013000
2024-05-10,89.84847259521484,91.3709748992257,89.19768547851668,90.2753342742342,335325000
2024-05-13,90.36931610107422,90.96811842024397,88.49992744150495,90.44828491109924,289680000
2024-05-14,91.32599639892578,91.62089767401247,88.90478722070216,89.56956971282393,296507000
2024-05-15,94.59890747070312,94.83083350687552,91.5689050462718,92.44161932872312,417735000
2024-05-16,94.3280029296875,95.78752238437566,94.07208269713682,94.87882442022669,323952000
2024-05-17,92.4486083984375,94.70886703782735,91.77583301886031,94.33799437588382,359691000
2024-05-20,94.74887084960938,95.16873108150425,93.40931459730984,93.71921034558147,318764000
2024-05-21,95.35466766357422,95.36866300361463,93.14939104451075,93.56825212335475,328946000
2024-05-22,94.91880798339844,95.98845620709115,93.21837032400495,95.42764347286975,548648000
2024-05-23,103.76490783691406,106.2850758370863,101.48664948420172,101.99448585081109,835065000
2024-05-24,106.43402862548828,106.44002335978084,102.96616635990915,104.41468788795488,429494000
2024-05-28,113.86357879638672,114.90123977492766,109.84690116806794,110.20778262251307,652728000
2024-05-29,114.78727722167969,115.45405793078952,110.86457027293942,113.01286640628571,557442000
2024-05-30,110.46369171142578,115.78094422890767,109.62696874788826,114.61232962234554,487350000
2024-05-31,109.59699249267578,112.67997913664935,106.90487625910878,112.48303762096089,613263000
2024-06-03,114.96221923828125,114.96221923828125,111.96620219037665,113.58367447543728,438392000
2024-06-04,116.39875030517578,116.56169877793198,114.00753771578134,115.67799408835361,403324000
2024-06-05,122.3997802734375,122.40877237466783,117.42941347887506,118.33211671671947,528402000
2024-06-06,120.958251953125,125.54574130546908,118.28113030159747,124.00724541916884,664696000
2024-06-07,120.8482894897461,121.65202623467715,117.98323363858707,119.7306529022316,412386000
2024-06-10,121.74999237060547,123.05955958930451,116.9715638416941,120.33046067723372,314162700
2024-06-11,120.88021850585938,122.83973476114328,118.71074727008515,121.7399996348229,222551200
2024-06-12,125.16914367675781,126.84872997628844,122.53979453852547,123.02967165119686,299595000
2024-06-13,129.5780792236328,129.7680348697194,127.12868568021801,129.35813218658845,260704500
2024-06-14,131.84750366210938,132.8072585317083,128.28838344854194,129.92797866788297,309320400
2024-06-17,130.94773864746094,133.69706139159663,129.54808953427707,132.9572533982128,288504400
2024-06-18,135.54660034179688,136.29641557179684,130.6578056523983,131.10769173939232,294335100
2024-06-20,130.74777221679688,140.72530869246972,129.4880881954488,139.765553796689,517768400
2024-06-21,126.53881072998047,130.5978154647857,124.26937345205326,127.08867825178737,655484700
2024-06-24,118.08089447021484,124.42932809847615,118.0109120255889,123.2096275256971,476060900
2024-06-25,126.05892944335938,126.46883208603107,119.29060083723321,121.17013488438512,425787500
2024-06-26,126.36885833740234,128.08842814640124,122.56979155312732,126.09892059020918,362975900
2024-06-27,123.9594497680664,126.37885933630702,122.8897136949346,124.06942327696439,252571700
2024-06-28,123.50955963134766,127.67853027804634,122.71975337861936,124.54930428199576,315516700
2024-07-01,124.26937866210938,124.80923890749885,118.8007251119183,123.4395813225982,284885500
2024-07-02,122.6397705078125,123.37959365292392,121.00017523772506,121.10014907077634,218374000
2024-07-03,128.24839782714844,128.24839782714844,121.33010435521813,121.63003350315482,215749000
2024-07-05,125.79899597167969,128.81825608276083,125.64903140778242,127.34860945857926,214176700
2024-07-08,128.16839599609375,130.73776982046533,127.0086858992603,127.4585719244731,237677300
2024-07-09,131.34764099121094,133.78704236722226,128.61830251041144,130.3178959397844,285366600
2024-07-10,134.87677001953125,135.0667256558596,132.38737791270125,133.99698191654937,248978600
2024-07-11,127.36860656738281,136.11644269274476,127.01869434277064,135.7165473660534,374782700
2024-07-12,129.20816040039062,131.88749271860638,127.18865386253758,128.22839089146464,252680500
2024-07-15,128.40835571289062,131.35762580228223,127.14866403247436,130.52782847793975,208326200
2024-07-16,126.32886505126953,129.00819736720675,124.54930487008038,128.40835436238444,214769500
2024-07-17,117.96092224121094,121.81997165296215,116.6912385563928,121.32009486519661,390086200
2024-07-18,121.06016540527344,122.36984786902624,116.53128260658956,121.81998031239168,320979500
2024-07-19,117.90094757080078,121.57004161457283,117.34108797082892,120.32034955926778,217223800
2024-07-22,123.50955963134766,124.03942781453529,119.8304661088677,120.3203432330864,258068900
2024-07-23,122.5597915649414,124.65928025097237,122.06991443104106,122.74974719191928,173911000
2024-07-24,114.22184753417969,119.92043994002134,113.41204956795865,119.1406333610656,327776900
2024-07-25,112.25233459472656,116.60126129148769,106.27381225253961,113.01214947730902,460067000
2024-07-26,113.03214263916016,116.17136841805404,111.55251154245995,116.16137637359374,293399100
2024-07-29,111.5625,116.25134680115113,111.27257816967544,113.66198865142056,248152100
2024-07-30,103.7044448852539,111.96240417731258,102.51473565355279,111.49251876218644,486833300
2024-07-31,116.99116516113281,118.3108396333588,110.85267854952704,112.87218513169266,473174200
2024-08-01,109.18309783935547,120.13040514788088,106.78368749587625,117.50104810323892,523462300
2024-08-02,107.24356079101562,108.69320802636011,101.3450209019017,103.73443129488524,482027500
2024-08-05,100.42524719238281,103.38452459369911,90.66765743904186,92.0373150047539,552842400
2024-08-06,104.22430419921875,107.68345045446188,100.5252192354799,103.81440159583764,409012100
2024-08-07,98.88563537597656,108.77319818362058,98.6656883565928,107.78343659639361,411440400
2024-08-08,104.94413757324219,105.47400576569116,97.49596860854,101.97486813365401,391910000
2024-08-09,104.72418975830078,106.57373239559361,103.40451530940655,105.6139698534446,290844200
2024-08-12,108.99313354492188,111.04263146519123,106.23381911518737,106.29380189006847,325559900
2024-08-13,116.11138153076172,116.20136332032301,111.55250759337807,112.41229629244809,312646700
2024-08-14,118.05091094970703,118.57077948335262,114.04189674110647,118.5007970340635,339246400
2024-08-15,122.82972717285156,123.2096307926781,117.44105591122558,118.73073896282733,318086700
2024-08-16,124.54930114746094,124.9691958147952,121.15013749579563,121.90995234205361,302589900
2024-08-19,129.9679718017578,129.9679718017578,123.38959109072681,124.2493798220781,318333600
2024-08-20,127.2186508178711,129.8480077753235,125.85898525590325,128.36836140301475,300087400
2024-08-21,128.46835327148438,129.31815003716036,126.62881008429083,127.2886435744744,257883600
2024-08-22,123.70951080322266,130.717785815134,123.06966909662319,129.98796994394152,376189100
2024-08-23,129.33811950683594,129.56807382051312,125.18914813175064,125.82898983127045,323230300
2024-08-26,126.42884063720703,131.22765338990934,124.33935925298674,129.53808260280766,331964700
2024-08-27,128.26840209960938,129.1681743229575,123.84948497148315,125.01920259136338,303134600
2024-08-28,125.57905578613281,128.29838691719942,122.60978624415954,128.0884319398247,448101100
2024-08-29,117.56102752685547,124.3993464291812,116.6812470646182,121.33010304223866,453023300
2024-08-30,119.34059143066406,121.72000228172388,117.19111963899515,119.50054804230363,333751600
2024-09-03,107.973388671875,116.18136480283337,107.26356453201906,115.9814171340765,477155100
2024-09-04,106.18383026123047,113.24208832420429,104.09434887245212,105.38403194779274,372470300
2024-09-05,107.18358612060547,109.6229874268856,104.73419276980215,104.96413183407385,306850700
2024-09-06,102.8046646118164,108.12335346353827,100.92512296050285,108.01337995723738,413638100
2024-09-09,106.44376373291016,106.52374584904946,103.6644500309421,104.85415159157789,273912000
2024-09-10,108.0733642578125,109.37304700834024,104.92413884500664,107.78343479415585,268283700
2024-09-11,116.88119506835938,117.16112485124165,107.39352807236727,109.3630438515934,441422400
2024-09-12,119.12083435058594,120.77057045474369,115.3614370539407,116.82120128077001,367100500
2024-09-13,119.0808334350586,119.94069565795841,117.58107480834963,119.06084000976254,238358300
2024-09-16,116.7612075805664,118.16098383065176,114.34159881620232,116.77120810734208,248772300
2024-09-17,115.57140350341797,118.7808938826076,114.81153124290536,118.15099033708098,231925900
2024-09-18,113.35176086425781,117.68105834506785,113.20178347448297,115.87135202544096,310318900
2024-09-19,117.85103607177734,119.64074895502783,117.2311330909559,117.3311154741421,293506400
2024-09-20,115.98133850097656,118.6009197546388,115.37143602446805,117.041165532472,382462400
2024-09-23,116.24130249023438,116.97118080282907,114.84152614526418,116.5312567610485,206228500
2024-09-24,120.85055541992188,121.78040609310197,115.36143323881014,116.5012492087513,354966800
2024-09-25,123.4901351928711,124.91990547833531,121.5904392877682,122.00036937142775,284692900
2024-09-26,124.02005004882812,127.64946344549999,121.78041247124415,126.77960826024157,302582900
2024-09-27,121.38047790527344,124.01005220096552,119.24082267160239,123.9500642912149,271009200
2024-09-30,121.42046356201172,121.48045146740193,118.13099198549791,118.29096227592748,226553700
2024-10-01,116.9811782836914,122.42030559533124,115.77137385100936,121.75040758040218,302094500
2024-10-02,118.83087921142578,119.360792730428,115.12147695024304,116.42127087200362,221845900
2024-10-03,122.83023834228516,124.33999759824167,120.32063993396463,120.90054847309592,277118000
2024-10-04,124.89990234375,125.01988578554294,121.810403092212,124.91990339813242,243678100
2024-10-07,127.69945526123047,130.61898369823507,124.92989659161151,124.96989107230341,346250200
2024-10-08,132.86862182617188,133.45852325335272,129.39917881279587,130.23904002332463,285722500
2024-10-09,132.628662109375,134.4983717641675,131.3588773259068,134.08843403580283,246191600
2024-10-10,134.78831481933594,134.97828670089152,130.97893005790212,131.88878735570256,242311300
2024-10-11,134.7783203125,135.75815840657205,133.63850429309608,133.98843884138304,170209500
2024-10-14,138.0478057861328,139.57755854294567,136.27808612883217,136.44805696221857,232347700
2024-10-15,131.57884216308594,138.547722466739,128.71930149862905,137.84782283581688,377831000
2024-10-16,135.6981658935547,136.5980149944232,131.55883256815804,133.9584403413635,264879700
2024-10-17,136.90797424316406,140.8673441853548,136.8479863322171,139.31759037510415,306435900
2024-10-18,137.97779846191406,138.87764756674068,137.25791307551907,138.64768884107772,176090200
2024-10-21,143.6868896484375,143.6868896484375,137.97780144123402,138.1077854115753,264554500
2024-10-22,143.56690979003906,144.39677817254247,141.7572032447214,142.88702644418225,226311600
2024-10-23,139.5375518798828,142.4070854107316,137.43789878035992,142.00715584596583,285930000
2024-10-24,140.38742065429688,141.3272719093067,138.4377373361036,140.79735837298583,172354900
2024-10-25,141.51722717285156,144.1068221770471,140.77735596279692,140.90732467853542,205122100
2024-10-28,140.4973907470703,143.11696423513524,140.02746516246322,142.976987375231,173586700
2024-10-29,141.22727966308594,142.23711171034327,138.87765156261756,140.26742736816374,157593600
2024-10-30,139.3175811767578,140.30742741103543,136.78798938993828,139.51754595215704,179418100
2024-10-31,132.7386474609375,137.5878737112806,132.08875807974474,137.57788081150406,270039600
2024-11-01,135.3782196044922,137.2879161101812,134.5483665061615,134.67833522595924,207127800
2024-11-04,136.0281219482422,138.9376575905799,135.54820341905642,137.18793904541485,187528200
2024-11-05,139.8874969482422,140.3474144064953,137.30791015086248,137.4278859649573,160537400
2024-11-06,145.58656311035156,146.46642634688735,141.93715671974996,142.93699575896497,242043900
2024-11-07,148.85606384277344,148.9060435973239,146.14649291865044,146.3664587614797,207323300
2024-11-08,147.6062469482422,149.74590195013883,146.236457046531,148.7460628790407,175665800
2024-11-11,145.23663330078125,148.82606753959354,143.54691790764704,148.65608145399648,182325600
2024-11-12,148.26612854003906,149.62591028148023,145.98649668767203,146.7563770410738,198634700
2024-11-13,146.2464599609375,149.30596496785506,145.87650914358065,149.04601231096433,191903300
2024-11-14,146.7363739013672,148.97601887199116,145.52657719098687,147.6162371498861,194463300
2024-11-15,141.9571533203125,145.2166386002855,140.05746510375218,144.8466877533126,250132900
2024-11-18,140.12744140625,141.52722527651324,137.1279241566863,139.47755210471132,221866000
2024-11-19,146.98634338378906,147.10633445236968,140.96732287230222,141.2972716123141,227834900
2024-11-20,145.8665313720703,147.53626090336707,142.70703603144835,147.38629113505743,309871700
2024-11-21,146.6464080810547,152.8654088901037,140.67736706254192,149.32598496889756,400946600
2024-11-22,141.92715454101562,147.13632286743956,141.07730047570033,145.90650981286518,236406200
2024-11-25,135.9981231689453,142.02715192160386,135.79815839357323,141.9671640146257,344941900
2024-11-26,136.89797973632812,139.277601884859,135.64818075181995,137.6778530821544,190287700
2024-11-27,135.31822204589844,137.19792446250455,131.77879829463743,134.98827330747284,226370900
2024-11-29,138.22776794433594,139.32759715528792,136.02812477876728,136.75800311530705,141863200
2024-12-02,138.60769653320312,140.42739572538855,137.7978293194704,138.8076612979231,171682800
2024-12-03,140.23744201660156,140.51739577472358,137.92781588392697,138.23776359782383,164414000
2024-12-04,145.1166534423828,145.76654278655016,140.26742746830917,141.97715912549498,231224300
2024-12-05,145.04666137695312,146.52652104015894,143.93676281520223,145.0966598316491,172621200
2024-12-06,142.42689514160156,145.68658966441174,141.29699424160657,144.58670004061705,188505600
2024-12-09,138.79722595214844,139.93712045292858,137.1173878488451,138.9572148926683,189308600
2024-12-10,135.05758666992188,141.80696595909077,133.77769033829185,138.99721154250668,210020900
2024-12-11,139.29718017578125,140.15710166074888,135.19756655561218,137.3473626393387,184905200
2024-12-12,137.32736206054688,138.42726697152892,135.7875104425574,137.0673914713081,159211400
2024-12-13,134.23765563964844,139.58716980719961,132.52780616182653,138.92722683278515,231514900
2024-12-16,131.98785400390625,134.38762706465963,130.40799755691268,134.16764608739564,237951100
2024-12-17,130.3780059814453,131.57789255271604,126.84833189511964,129.07812250532473,259410300
2024-12-18,128.8981475830078,136.68742440979707,128.2682006428492,133.84768927135005,277444500
2024-12-19,130.66796875,134.01766661792476,129.5380830968377,131.7478712095932,209719200
2024-12-20,134.68760681152344,135.26755529215387,128.20820713472543,129.7980572196654,306528600
2024-12-23,139.6571502685547,139.77713434768583,135.1075657604122,136.2674627166313,176053500
2024-12-24,140.2071075439453,141.88694573903672,138.6372445869122,139.98712655305678,105157000
2024-12-26,139.91712951660156,140.8370583714796,137.7173348045662,139.68715493157526,116205600
2024-12-27,136.9973907470703,139.00721560881072,134.69761453351015,138.53725762424156,170582600
2024-12-30,137.47735595703125,140.2570989672278,134.00767398793965,134.81759702407376,167734700
2024-12-31,134.27764892578125,138.05731549303724,133.8176997545706,138.0173106258272,155659200
2025-01-02,138.29727172851562,138.8672266066605,134.61761764692358,135.98748671158143,198247200
2025-01-03,144.4567108154297,144.88666393436952,139.71714137538024,139.99711439640743,229322500
2025-01-06,149.41624450683594,152.14600432101588,147.80640728049391,148.57632545203526,265377400
2025-01-07,140.12710571289062,153.1159160516902,139.99711279126652,153.0159191493047,351782200
2025-01-08,140.0971221923828,143.9367655713296,137.5473535279277,142.5668963792699,227349900
2025-01-10,135.8975067138672,139.90713250101766,134.20765966847648,137.43735839735214,207602500
2025-01-13,133.21774291992188,133.47772877314173,129.49808381781634,129.97805065881337,204808900
2025-01-14,131.7478790283203,136.3674645891877,130.03804480886453,136.0374931021696,195590500
2025-01-15,136.22747802734375,136.43745017340345,131.277920981104,133.63770458598145,185217300
2025-01-16,133.55772399902344,138.73724031386243,133.47772952507327,138.6272498193542,209235600
2025-01-17,137.6973419189453,138.48726255165812,135.44754884500142,136.67743145335606,201188800
2025-01-21,140.81704711914062,141.8169551308445,137.07738566270945,139.14720257048143,197749000
2025-01-22,147.05648803710938,147.77640781491758,143.65679142482674,144.64670591256592,237651400
2025-01-23,147.2064666748047,147.2164602628041,143.706788444335,145.03666800279981,155915500
2025-01-24,142.60687255859375,148.95629439391405,141.86695041120194,148.35634349735062,234657600
2025-01-27,118.40910339355469,128.3881809500624,116.68926041493282,124.78852130861458,818830900
2025-01-28,128.9781494140625,128.9881430022562,116.23931491482392,121.79880142784785,579666400
2025-01-29,123.6886215209961,126.87833061040895,120.03896327722832,126.48836708502724,467120600
2025-01-30,124.63853454589844,124.9885008224628,118.08913405132431,123.08867408422283,392925500
2025-01-31,120.0589599609375,127.83824341487099,119.1790436181177,123.76861793270326,390372900
2025-02-03,116.64927673339844,118.55909714130068,112.99961082645434,114.7394486968032,371235700
2025-02-04,118.63909149169922,121.1888524384042,116.68926621972048,116.94924444838958,256550000
2025-02-05,124.81851959228516,124.98850212428793,120.74889426826606,121.74880228526035,262230800
2025-02-06,128.66815185546875,128.7581551695,125.19847756454047,127.40827329026631,251483600
2025-02-07,129.8280487060547,130.35799871586244,124.9884977355082,129.20811063964976,228186300
2025-02-10,133.55772399902344,134.98758517024453,129.94805537047182,130.0780330404282,216989100
2025-02-11,132.7877960205078,134.4676342706669,131.0079608594355,132.56781502240796,178902400
2025-02-12,131.12794494628906,132.22784993678553,129.0681367435288,130.00805277951918,160278600
2025-02-13,135.27755737304688,136.487452862588,131.15794096754342,131.54790450828392,197430000
2025-02-14,138.8372344970703,139.23719160158925,135.4875365315285,136.46744211776974,195479600
2025-02-18,139.38717651367188,143.4268135927519,137.91731045487123,141.25701494818574,219176600
2025-02-19,139.21719360351562,141.34700263351252,137.2073839146051,139.49716663707372,167536000
2025-02-20,140.0971221923828,140.6470746897965,136.7774200315485,140.01712771481476,143903600
2025-02-21,134.41763305664062,141.4470007486669,134.01767593596887,140.02711787829398,228217600
2025-02-24,130.2680206298828,138.57725415414035,130.06804206967678,136.5474420161462,251381100
2025-02-25,126.61835479736328,130.18802626376245,124.42856133510212,129.96804527013506,271428700
2025-02-26,131.26792907714844,133.71770077604796,128.478192299153,129.97805439122038,322553800
2025-02-27,120.13895416259766,134.99758082030266,119.99896764539281,134.9875872324259,443175800
2025-02-28,124.90850830078125,125.07849083366686,116.38929530836823,118.00914142194866,389091100
2025-03-03,114.04950714111328,123.68861991301428,112.26967207329028,123.49864257535764,411381400
2025-03-04,115.97933197021484,119.29902637351395,110.09987541363249,110.63982667322061,398163300
2025-03-05,117.28921508789062,118.26912068620358,114.49947076595478,117.56918811598004,284337900
2025-03-06,110.55982971191406,115.3393888375433,110.209863429875,113.51955654224739,321181900
2025-03-07,112.67964172363281,113.46957000648335,107.5501084934214,111.2397716760376,341755500
2025-03-10,106.97016143798828,111.83970852661247,105.45029700249104,109.88989097369002,366487400
2025-03-11,108.75,112.22967568900775,104.76036144852146,106.98015850635034,354865700
2025-03-12,115.73999786376953,116.76000213623047,112.87999725341797,114.12000274658203,323857500
2025-03-13,115.58000183105469,117.76000213623047,113.79000091552734,117.02999877929688,299033100
2025-03-14,121.66999816894531,121.87999725341797,118.1500015258789,118.61000061035156,277593500
2025-03-17,119.52999877929688,122.88999938964844,118.02999877929688,122.73999786376953,255501500
2025-03-18,115.43000030517578,119.0199966430664,114.54000091552734,118.0,299686900
2025-03-19,117.5199966430664,120.44999694824219,115.68000030517578,117.2699966430664,273426200
2025-03-20,118.52999877929688,120.19999694824219,116.47000122070312,116.55000305175781,248829700
2025-03-21,117.69999694824219,117.98999786376953,115.41999816894531,116.94000244140625,266498500
2025-03-24,121.41000366210938,122.22000122070312,119.33999633789062,119.87999725341797,228452500
2025-03-25,120.69000244140625,121.29000091552734,118.91999816894531,120.55000305175781,167447200
2025-03-26,113.76000213623047,118.83999633789062,112.70999908447266,118.7300033569336,293463300
2025-03-27,111.43000030517578,114.44999694824219,110.66000366210938,111.3499984741211,236902100
2025-03-28,109.66999816894531,112.87000274658203,109.06999969482422,111.48999786376953,229872500
2025-03-31,108.37999725341797,110.95999908447266,103.6500015258789,105.12999725341797,299212700
2025-04-01,110.1500015258789,110.19999694824219,106.47000122070312,108.5199966430664,222614000
2025-04-02,110.41999816894531,111.9800033569336,106.79000091552734,107.29000091552734,220601200
2025-04-03,101.80000305175781,105.62999725341797,101.5999984741211,103.51000213623047,338769400
2025-04-04,94.30999755859375,100.12999725341797,92.11000061035156,98.91000366210938,532273800
2025-04-07,97.63999938964844,101.75,86.62000274658203,87.45999908447266,611041300
2025-04-08,96.30000305175781,105.8499984741211,94.45999908447266,103.80999755859375,476243400
2025-04-09,114.33000183105469,115.0999984741211,97.52999877929688,98.88999938964844,612918300
2025-04-10,107.56999969482422,110.86000061035156,99.1500015258789,109.37000274658203,437812400
2025-04-11,110.93000030517578,111.55000305175781,107.4800033569336,108.5,313417300
2025-04-14,110.70999908447266,114.29000091552734,109.06999969482422,114.11000061035156,264705000
2025-04-15,112.19999694824219,113.62000274658203,110.5,110.97000122070312,228966900
2025-04-16,104.48999786376953,106.79000091552734,100.44999694824219,104.55000305175781,397016900
2025-04-17,101.48999786376953,104.47000122070312,100.05000305175781,104.44999694824219,290833400
2025-04-21,96.91000366210938,99.44000244140625,95.04000091552734,98.7699966430664,288501100
2025-04-22,98.88999938964844,99.80999755859375,97.27999877929688,98.77999877929688,241004800
2025-04-23,102.70999908447266,104.80000305175781,102.0199966430664,104.5199966430664,247526000
2025-04-24,106.43000030517578,106.54000091552734,103.11000061035156,103.4800033569336,220815000
2025-04-25,111.01000213623047,111.91999816894531,105.7300033569336,106.8499984741211,251064700
2025-04-28,108.7300033569336,110.37000274658203,106.0199966430664,109.69000244140625,207708500
2025-04-29,109.0199966430664,110.19999694824219,107.44000244140625,107.66999816894531,170444300
2025-04-30,108.91999816894531,108.91999816894531,104.08000183105469,104.47000122070312,235044600
2025-05-01,111.61000061035156,114.94000244140625,111.30000305175781,113.08000183105469,236121500
2025-05-02,114.5,115.4000015258789,113.37000274658203,114.18000030517578,190194800
2025-05-05,113.81999969482422,114.66999816894531,112.66000366210938,112.91000366210938,133163200
2025-05-06,113.54000091552734,114.73999786376953,110.81999969482422,111.4800033569336,158525600
2025-05-07,117.05999755859375,117.68000030517578,112.27999877929688,113.05000305175781,206758800
2025-05-08,117.37000274658203,118.68000030517578,115.8499984741211,118.25,198428100
2025-05-09,116.6500015258789,118.2300033569336,115.20999908447266,117.3499984741211,132972200
2025-05-12,123.0,123.0,120.27999877929688,121.97000122070312,225023300
2025-05-13,129.92999267578125,131.22000122070312,124.47000122070312,124.9800033569336,330430100
2025-05-14,135.33999633789062,135.44000244140625,131.67999267578125,133.1999969482422,281180800
2025-05-15,134.8300018310547,136.3000030517578,132.66000366210938,134.2899932861328,226632600
2025-05-16,135.39999389648438,136.35000610351562,133.4600067138672,136.22000122070312,226542500
